OCCP,ModelCode
10,1
20,1
40,1
50,1
60,1
100,1
110,1
120,1
130,1
140,1
150,1
160,1
200,1
210,1
220,1
230,1
300,1
310,1
320,1
330,1
340,1
350,1
360,1
410,1
420,1
430,1
500,1
510,1
520,1
530,1
540,1
560,1
600,1
620,1
700,1
710,1
720,1
730,1
800,1
810,1
820,1
830,1
840,1
850,1
860,1
900,1
910,1
930,1
940,1
950,1
1000,1
1010,1
1020,1
1040,1
1060,1
1100,1
1110,1
1200,1
1220,1
1240,1
1300,1
1310,1
1320,1
1340,1
1350,1
1360,1
1400,1
1410,1
1420,1
1430,1
1440,1
1450,1
1460,1
1520,1
1530,1
1540,1
1550,1
1560,1
1600,1
1610,1
1640,1
1650,1
1700,1
1710,1
1720,1
1740,1
1760,1
1800,1
1810,1
1820,1
1840,1
1860,1
1900,1
1910,1
1920,1
1930,1
1960,1
2000,2
2010,2
2020,2
2040,2
2050,2
2060,2
2100,2
2140,2
2150,2
2200,2
2300,2
2310,2
2320,2
2330,2
2340,2
2400,2
2430,2
2440,2
2540,2
2550,2
2600,1
2630,1
2700,1
2710,1
2720,1
2740,1
2750,1
2760,1
2800,1
2810,1
2820,1
2830,1
2840,1
2850,1
2860,1
2900,1
2910,1
2920,1
3000,2
3010,2
3030,2
3040,2
3050,2
3060,2
3110,2
3120,2
3130,2
3140,2
3150,2
3160,2
3200,2
3210,2
3220,2
3230,2
3240,2
3250,2
3260,2
3300,2
3310,2
3320,2
3400,2
3410,2
3500,2
3510,2
3520,2
3530,2
3540,2
3600,2
3610,2
3620,2
3630,2
3640,2
3650,2
3700,3
3710,3
3720,3
3730,3
3740,3
3750,3
3800,3
3820,3
3840,3
3850,3
3900,3
3910,3
3920,3
3940,3
3950,3
4000,3
4010,3
4020,3
4030,3
4040,3
4050,3
4060,3
4110,3
4120,3
4130,3
4140,3
4150,3
4200,3
4210,3
4220,3
4230,3
4240,3
4250,3
4300,2
4320,2
4340,2
4350,2
4400,2
4410,2
4420,2
4430,2
4460,2
4500,2
4510,2
4520,2
4530,2
4540,2
4550,2
4600,2
4610,2
4620,2
4640,2
4650,2
4700,4
4710,4
4720,4
4740,4
4750,4
4760,4
4800,4
4810,4
4820,4
4830,4
4840,4
4850,4
4900,4
4920,4
4930,4
4940,4
4950,4
4960,4
5000,4
5010,4
5020,4
5030,4
5100,4
5110,4
5120,4
5130,4
5140,4
5150,4
5160,4
5200,4
5220,4
5230,4
5240,4
5250,4
5260,4
5300,4
5310,4
5320,4
5330,4
5340,4
5350,4
5360,4
5400,4
5410,4
5420,4
5500,4
5510,4
5520,4
5530,4
5540,4
5550,4
5560,4
5600,4
5610,4
5620,4
5630,4
5700,4
5800,4
5810,4
5820,4
5840,4
5850,4
5860,4
5900,4
5910,4
5920,4
5930,4
6000,4
6010,5
6040,5
6050,5
6100,5
6120,5
6130,5
6200,5
6210,5
6220,5
6230,5
6240,5
6250,5
6260,5
6300,5
6320,5
6330,5
6350,5
6360,5
6400,5
6420,5
6430,5
6440,5
6460,5
6500,5
6510,5
6520,5
6530,5
6600,5
6660,5
6700,5
6710,5
6720,5
6730,5
6740,5
6760,5
6800,5
6820,5
6830,5
6840,5
6940,5
7000,5
7010,5
7020,5
7030,5
7040,5
7100,5
7110,5
7120,5
7130,5
7140,5
7150,5
7160,5
7200,5
7210,5
7220,5
7240,5
7260,5
7300,5
7310,5
7320,5
7330,5
7340,5
7350,5
7360,5
7410,5
7420,5
7430,5
7510,5
7540,5
7550,5
7560,5
7610,5
7620,5
7700,6
7710,6
7720,6
7730,6
7740,6
7750,6
7800,6
7810,6
7830,6
7840,6
7850,6
7900,6
7920,6
7930,6
7940,6
7950,6
7960,6
8000,6
8010,6
8030,6
8040,6
8060,6
8100,6
8130,6
8140,6
8150,6
8200,6
8210,6
8220,6
8230,6
8240,6
8250,6
8260,6
8300,6
8310,6
8320,6
8330,6
8340,6
8350,6
8400,6
8410,6
8420,6
8450,6
8460,6
8500,6
8510,6
8530,6
8540,6
8550,6
8600,6
8610,6
8620,6
8630,6
8640,6
8650,6
8710,6
8720,6
8730,6
8740,6
8750,6
8760,6
8800,6
8810,6
8830,6
8850,6
8860,6
8910,6
8920,6
8930,6
8940,6
8950,6
8960,6
9000,6
9030,6
9040,6
9110,6
9120,6
9130,6
9140,6
9150,6
9200,6
9230,6
9240,6
9260,6
9300,6
9310,6
9350,6
9360,6
9410,6
9420,6
9510,6
9520,6
9560,6
9600,6
9610,6
9620,6
9630,6
9640,6
9650,6
9720,6
9750,6
9800,7
9810,7
9820,7
9830,7
9920,7
