TAZ,Work_0,Work_1,Work_2,Work_3,Work_4,Work_5,Work_6,University,School,Escort,Maintenance,Discretionary,AtWork
1,0,0,0,0,0,0,0,0,0,0,0,0,0
2,-0.01916,1.30484,1.19024,0.9889,1.02923,0.62109,-4.92172,2.18906,0,0,0,0,0
3,0.36454,0.81714,0.74664,0.54256,1.33902,1.01658,0.44173,2.41152,0,0,0,0,0
4,0.32996,1.68193,1.35825,-0.3621,0.8429,0.87121,-0.37354,0,0,0,0,0,0
5,0.96395,1.05662,1.58708,1.34303,0.20969,1.82326,0,-0.1527,0,0,0,0,0
6,0.72538,0.85005,1.09566,1.17502,0.02098,2.49492,0,3.00593,1.52589,0,0,0,0
7,0.21085,0.47532,1.09821,0.87858,0.75579,1.14351,0,3.52344,0,0,0,0,0
8,-0.9729,1.75808,0,1.57875,0.79397,0.12243,0,0,0,0,0,0,0
9,0.60377,0.15035,0.72466,0.74341,0.67986,1.77838,0.28465,2.32982,0.65091,0,0,0,0
10,0.31927,0.53765,2.34891,0.50055,1.82698,1.47469,0,0,0,0,0,0,0
11,0.55001,0.72296,0.96147,0.61301,1.05351,1.09273,-1.24361,2.16632,0,0,0,0,0
12,1.34053,1.49971,1.06154,0.86974,0.9036,0.95508,0,0,0,0,0,0,0
13,0.97607,0.56225,0.82979,0.46437,0.88596,0.86673,0.30385,2.75653,0,0,0,0,0
14,0.7137,0.8881,0.41533,1.27673,0.96887,-0.0938,0,1.91014,0,0,0,0,0
15,1.16005,0.51832,0.45383,0.78341,-0.0564,1.423,0,3.35604,1.90646,0,0,0,0
16,0.86798,0.97656,1.98383,1.2432,0.24159,2.32431,0.36328,2.57002,0,0,0,0,0
17,-0.7935,0,-2.70874,-0.07717,0,0,0,0,0,0,0,0,0
18,0.26879,0.37787,1.64908,0.03094,0,-0.20222,0,0,0,0,0,0,0
19,0.67089,1.77171,1.43913,0.84864,1.21985,1.47053,0,0,0,0,0,0,0
20,0.41871,0.80181,1.27372,0.724,0.55437,1.09992,8.51039,2.27483,0,0,0,0,0
21,0.50543,0.6959,0.8607,0.83333,0.9782,1.14611,2.56084,2.59685,0,0,0,0,0
22,0.40281,0.67207,0.75846,0.68303,0.85341,1.09906,7.3276,2.23201,0,0,0,0,0
23,-0.08023,0.93905,1.28205,0.96851,1.45622,-0.02455,0,1.6539,0,0,0,0,0
24,0.67119,0.74318,1.23614,0.8293,0.85615,1.56573,2.20371,3.00261,1.73119,0,0,0,0
25,0.59592,0.88809,1.18982,1.04978,1.02575,0.75027,7.9201,2.78216,0,0,0,0,0
26,0.62455,1.19626,-0.06961,0.1356,1.66277,1.21313,0,0,0,0,0,0,0
27,0.69132,0.59554,0.99452,0.70108,1.41541,1.09393,1.41598,2.55478,0,0,0,0,0
28,0.67203,0.74931,0.24779,0.81275,1.25263,0,0,2.4746,2.06838,0,0,0,0
29,0.69458,0.97528,1.26133,0.76542,0.31265,1.00474,8.42545,2.27667,0,0,0,0,0
30,0.79269,0.87076,0,1.52195,-0.08738,-1.17355,0,0.25903,0,0,0,0,0
31,0.75252,0.61414,0.80084,0.83527,0.43603,0.69107,1.17847,2.25418,1.94159,0,0,0,0
32,0.40431,1.05392,1.02877,0.75836,1.33153,1.39671,8.25112,2.09789,0,0,0,0,0
33,-0.01693,0.15851,-1.25416,1.08621,-0.17599,0,0,0,0,0,0,0,0
34,1.07565,0.62481,0.78945,0.94211,0.51997,1.10057,0,2.36521,0,0,0,0,0
35,1.38925,0.67969,1.75691,0.73041,0.29145,0.98684,0,2.49114,0,0,0,0,0
36,0.87159,0.95653,-0.04136,0.78999,0.88139,0.76718,0.53917,0.92043,0,0,0,0,0
37,0.53499,0.44241,0.56138,0.57081,0.61372,0.71576,7.84728,2.27608,1.9705,0,0,0,0
38,1.05169,0.79711,2.15278,0.75055,0,0,0,1.89927,0,0,0,0,0
39,0.33376,0.57512,0.58763,0.62753,0.79659,0.74598,4.84321,2.00469,0,0,0,0,0
40,0.62274,1.02637,-1.82279,0.72083,0,-1.69753,0,-1.1918,0,0,0,0,0
41,0,1.95588,0,0,0,0,0,0,0,0,0,0,0
42,0.45535,0.6741,1.24351,0.76279,0.82439,0.97842,1.5537,2.55674,0,0,0,0,0
43,0.5158,0.69424,0.70552,-0.30722,0,0.62465,0,2.68223,0,0,0,0,0
44,0.36929,0.70547,0.65728,0.48929,0.5173,0.82627,1.00715,1.75618,1.97002,0,0,0,0
45,0.77561,0.87515,1.12915,1.22098,0.23769,0.70926,2.26751,1.97559,0,0,0,0,0
46,0.32386,0.34451,0.83067,0.86604,0.54339,0.51679,0,0,2.17316,0,0,0,0
47,0.21751,0.47161,0.63337,0.49885,0.53196,0.83644,6.57814,1.95971,0,0,0,0,0
48,0.40721,0.07159,-0.02536,0.48387,1.03513,0.15664,0.58642,-0.51911,0,0,0,0,0
49,0.15247,0.47118,0.46404,0.36433,0.61463,0.3062,0,2.28082,1.92104,0,0,0,0
50,0.1408,0.22941,0.65028,0.40747,0.95968,0.62019,0,2.14481,1.91896,0,0,0,0
51,0.22581,0.32925,0.46585,0.46574,0.44354,0.3867,6.95102,2.12984,1.79508,0,0,0,0
52,0.25161,-0.07674,0.34224,0.30251,0.1655,0.53707,7.14236,2.16592,1.72466,0,0,0,0
53,0.12836,0.3789,0.5898,0.39375,0.34515,0.53373,8.38621,2.02488,1.50992,0,0,0,0
54,0.25659,0.59639,0.5545,0.45493,0.87233,0.33936,3.966,1.69156,0,0,0,0,0
55,0.23625,0.73395,0.52124,0.50214,0.23078,0.51051,0,2.38998,1.64685,0,0,0,0
56,0.5984,0.78399,1.08024,0.1905,0.39953,0.37337,0.34386,0.72512,0,0,0,0,0
57,-0.08529,0.5882,-0.35051,0.07456,0.46649,0.85123,0,1.63926,0,0,0,0,0
58,0.25979,0.32746,0.34546,0.44268,0.03386,0.54199,0.48957,1.65715,0,0,0,0,0
59,0.52866,0.55166,0.7562,0.58437,0.54224,0.85723,7.39568,2.13961,0,0,0,0,0
60,0.46206,0.36863,1.04673,0.75247,0.28047,0.23162,0,1.21528,0,0,0,0,0
61,0.13642,1.20756,1.0433,0.49449,1.48574,1.04116,0,-0.49865,0,0,0,0,0
62,0.36208,0.55525,0.64136,0.64987,1.25665,0.81908,0,1.94049,2.39557,0,0,0,0
63,0.5022,0.61354,0.7012,0.55947,0.64814,-0.0927,0,-0.27697,2.2309,0,0,0,0
64,0.52237,0.917,0.47695,0.46473,0.64423,1.14144,8.01358,2.09485,0,0,0,0,0
65,0.33522,-0.97416,0.62601,0.31201,0.35413,0.20789,0.72952,1.12264,1.90098,0,0,0,0
66,0.15236,0.35215,0.54066,0.3834,0.35183,0.63032,6.62301,-0.30186,1.72275,0,0,0,0
67,0.41232,0.3773,0.3442,0.64129,0.71444,0.40618,6.69614,1.73912,2.21476,0,0,0,0
68,0.06531,0.26826,0.65427,0.65623,0.85287,0.58718,0,1.86971,0,0,0,0,0
69,0.42063,0.77346,0.90876,0.5344,0.402,0.67923,0,1.75188,2.44155,0,0,0,0
70,0.37917,0.44601,0.34496,0.46207,0.54536,0.76988,8.27298,2.15617,0,0,0,0,0
71,-0.02845,0.41508,0.24783,0.29195,0.60701,0.73736,7.32521,1.952,0,0,0,0,0
72,-0.12168,0.08063,0.2299,0.55519,0.57308,0.63504,0,2.38139,0,0,0,0,0
73,0.14247,0.45485,0.19783,0.59333,0.22173,0.98685,0,2.0957,0,0,0,0,0
74,-0.13143,0.32135,0.79257,0.5471,0.77392,-0.03305,6.2368,2.17951,0,0,0,0,0
75,0.09615,0.11733,0.29749,0.0867,0.41608,0.68222,6.96987,1.85094,0.78018,0,0,0,0
76,0.12917,0.72503,0.34231,0.30989,0.5781,0.37862,7.35851,2.15311,1.40079,0,0,0,0
77,-1.27858,-0.02355,0.84256,-1.24763,0.4934,1.04271,-1.64206,0.1255,0,0,0,0,0
78,-0.05569,0.51214,0.75341,0.01955,0.70351,-0.04505,0,0,1.67781,0,0,0,0
79,0.09882,0.41799,0.58079,0.79524,0.91515,1.05178,0,1.92745,1.65609,0,0,0,0
80,0.57939,0.01643,0.57173,0.36969,0.38512,0.79005,4.02353,2.48036,0,0,0,0,0
81,0.43281,-0.05732,0.58062,0.25431,0.10061,0.30185,0.04962,1.12403,0,0,0,0,0
82,0.11409,0.98494,0.57413,0.57931,0.08284,-0.42519,0,0.85973,0,0,0,0,0
83,0.38528,0.5519,0.64391,0.46662,0.55389,0.97708,2.57446,2.75191,0,0,0,0,0
84,0.22841,0.34372,0.50696,0.40628,0.65921,1.03407,7.36156,1.98855,0,0,0,0,0
85,0.26159,0.93437,0,-0.12607,-0.85671,0.97414,0,0,0,0,0,0,0
86,0.2099,0.34634,0.47957,0.85221,0.70864,0.29385,1.09416,1.8644,1.71824,0,0,0,0
87,-0.46715,0,0,-0.1498,0.38647,0.65839,0,0,0,0,0,0,0
88,0.43577,0.36889,0.14578,0.61314,0.41994,0.33109,0,2.658,0,0,0,0,0
89,0.25592,0.35239,0.60418,0.70616,0.37137,-0.02921,2.12534,1.84901,0,0,0,0,0
90,0.12139,0.32153,0.35722,0.60811,0.23243,-0.32144,0,2.03852,0,0,0,0,0
91,0.4931,0.44854,0.2659,0.26122,0.61665,0.34833,0,0,0,0,0,0,0
92,0.64251,0.41752,0.67068,0.65225,0.21307,0.0877,0,1.90519,1.94006,0,0,0,0
93,0.34102,0.2171,0.17172,0.51081,0.41612,0.36682,0,0.95582,1.72211,0,0,0,0
94,0.80724,0.64408,0.56316,0.42474,0.15601,1.04942,0,1.08092,1.93379,0,0,0,0
95,0.04785,0.50187,0.23137,0.44446,0.48556,0.30775,0.07559,2.19469,0,0,0,0,0
96,-0.02089,0.36455,0.35189,0.14081,0.82353,0.81176,0,1.24765,0,0,0,0,0
97,0.15776,0.4722,0.43712,0.30089,0.59882,0.70936,7.02819,1.54632,0,0,0,0,0
98,0.89506,0.63297,0.96172,0.14668,0.37821,0.9673,0,0.75364,0,0,0,0,0
99,0.61438,0.58884,0.7358,0.51658,-0.32446,0.35481,0,2.74711,2.03466,0,0,0,0
100,0.82467,0.58462,1.42496,-0.01363,0.99726,0.3798,0,0.5545,0,0,0,0,0
101,0.5239,0.49937,-0.08784,0.23551,0.4679,0.58476,0,2.50327,0,0,0,0,0
102,0.38653,0.54322,0.68794,0.46306,-0.08429,1.44285,3.86815,1.98092,2.3533,0,0,0,0
103,0.52515,0.66022,0.76795,0.3689,0.42814,0.84426,0,0.61681,0,0,0,0,0
104,0.516,0.39112,0.90495,0.11831,0.65934,0.65099,7.34121,0,0,0,0,0,0
105,0.54242,0.54737,0.31839,0.62133,0.53312,0.22198,5.48874,1.80762,0,0,0,0,0
106,0.56626,0.38075,0.68705,0.66105,0.56162,0.8592,-1.20771,1.91388,0,0,0,0,0
107,0.41116,0.53425,0.57824,0.37832,0.34059,0.69004,0,2.03266,2.12246,0,0,0,0
108,0.42515,-0.21409,0.70247,0.35398,0.24198,0.61205,1.85018,2.12462,0,0,0,0,0
109,0.40643,0.11155,0.59034,0.4102,0.61777,0.32968,6.98676,0.95332,2.51851,0,0,0,0
110,0.42337,0.4963,1.04835,0.08701,0.74138,0.98754,0,1.81881,0,0,0,0,0
111,0,-3.68586,1.16846,0.92208,0.24081,1.33012,0,0,2.01105,0,0,0,0
112,0.34444,0.44528,0.57785,0.31976,0.02774,0.46928,1.68503,1.8145,0,0,0,0,0
113,0.34875,0.32129,0.37955,0.39691,0.34928,0.45967,7.4737,2.06391,0,0,0,0,0
114,0.29036,0.28486,0.55124,0.58991,0.71083,0.6257,7.59439,2.39785,0,0,0,0,0
115,0.56843,0.51253,0.63862,0.39827,0.45735,0.72079,0,2.32557,0,0,0,0,0
116,-8.04576E-3,0.4646,0.88343,0.45501,0.33769,0.75077,0.69293,1.97267,0,0,0,0,0
117,0.35743,0.38743,0.4763,0.44482,0.35656,0.53591,7.40726,1.65628,0,0,0,0,0
118,0.37794,0.42764,0.29993,0.16123,0.27941,0.32722,7.58261,1.99375,0,0,0,0,0
119,0.1817,0.30042,0.1171,0.2428,0.45729,0.25378,5.60046,1.65004,0,0,0,0,0
120,0.19498,0.28116,0.44197,0.384,0.59257,0.34667,7.82563,2.02805,0,0,0,0,0
121,0.25276,0.34106,0.37613,0.29553,0.29953,0.36501,4.19718,1.80506,0,0,0,0,0
122,0.14563,0.30614,0.21933,0.15937,0.39876,0.40284,7.24459,1.72932,0,0,0,0,0
123,0.2542,0.49954,0.31936,0.47604,0.52681,0.42365,7.2005,2.00178,0,0,0,0,0
124,0.56906,0.60556,0.33822,0.48302,0.73556,0.6801,7.03452,2.59355,0,0,0,0,0
125,0.23767,0.33762,0.49397,0.50384,0.47591,0.47034,6.17733,1.67486,0,0,0,0,0
126,0.44202,0.51712,0.3478,0.21069,0.39908,0.61693,-2.11357,1.42742,0,0,0,0,0
127,0.44304,0.5221,0.36813,0.47164,-0.27943,0.42841,1.64847,1.9887,0,0,0,0,0
128,-0.03121,0.73748,0.38906,0.30592,0.62214,0.37527,0,1.46492,0,0,0,0,0
129,0.37916,0.29309,0.49868,0.14692,0.20402,0.42839,7.27902,1.98824,0,0,0,0,0
130,0.04064,0.13576,0.15334,0.30399,0.22061,0.17341,5.65641,1.53931,0,0,0,0,0
131,0.21381,0.29142,0.34435,0.17428,0.21942,0.18833,1.62807,1.97996,0,0,0,0,0
132,0.13203,0.34576,0.15989,0.20057,0.48295,0.15596,6.04461,1.94368,0,0,0,0,0
133,0.11892,0.09992,-0.04274,0.13783,0.38781,0.28445,5.43293,1.88685,0,0,0,0,0
134,0.30964,1.19354,0.30457,0.5813,0.39079,0.40501,-0.25576,1.6373,0,0,0,0,0
135,0.36357,0.24707,0.28059,0.34058,0.41619,0.37255,7.19831,1.89799,0,0,0,0,0
136,0.09364,0.09191,-0.13162,0.13733,0.19411,0.16523,7.23853,1.85084,0,0,0,0,0
137,0.47185,-0.17005,0.41366,0.31804,-4.9367E-3,0.40972,7.65029,2.62927,0,0,0,0,0
138,0.49827,0.63627,0.5697,0.38812,0.39449,0.71239,0,0,0,0,0,0,0
139,0.07388,0.36005,0.30757,0.20418,0.58969,0.0859,6.34244,1.56957,1.48498,0,0,0,0
140,0.11737,-0.04483,0.66749,0.31607,-0.22822,0.11198,7.46068,2.62981,0,0,0,0,0
141,0.04686,0.38046,0.43787,0.21276,-0.25215,0.63023,0,2.03172,0,0,0,0,0
142,0.14834,0.31026,0.41267,0.18349,0.47482,0.42191,0.38001,1.72439,0,0,0,0,0
143,0.16863,0.31665,0.24421,0.23133,0.47364,0.39151,2.46463,2.32619,1.79241,0,0,0,0
144,0.08575,0.96938,0.0842,0.35706,0.26168,-0.43384,0,1.8547,0,0,0,0,0
145,0.21385,0.38131,0.36004,0.34369,0.75431,0.76003,7.38569,2.09771,1.06454,0,0,0,0
146,0.19909,0.49267,0.34356,0.4956,0.84312,0.32247,8.70524,2.00323,0,0,0,0,0
147,0.82001,0.48039,0.60569,0.80673,-0.07882,1.04001,0,1.49281,0,0,0,0,0
148,0.45415,0.24758,0,0.07262,1.16272,0.63179,0,0,0,0,0,0,0
149,0,-0.66036,-1.04567,-2.34898,0.42618,0.59142,0,0,0,0,0,0,0
150,0.07148,0.36657,0.23971,0.4721,0.69552,-0.06163,0,1.93086,1.86689,0,0,0,0
151,0.39055,0.21279,0.43734,0.28853,0.23152,-3.87907E-4,7.13247,2.19721,0,0,0,0,0
152,-7.80236E-3,0.21677,0.24584,0.44052,0.16745,0.20274,0,1.67734,0,0,0,0,0
153,0.097,0.16346,0.31986,0.29605,0.31147,0.55251,6.91197,1.96091,0,0,0,0,0
154,0.31648,0.17049,0.34326,0.48539,0.16793,0.96841,0,3.38271,0,0,0,0,0
155,0.07714,0.27552,-0.02719,0.75885,0.24332,-0.27272,0,2.26242,0,0,0,0,0
156,-1.45079,0.47229,0,-1.81752,0.23902,0.83928,0,0,0,0,0,0,0
157,-0.30699,0.15504,0,-0.3077,0.40814,0.84596,0,0,0,0,0,0,0
158,0.28403,0.46759,0.33929,0.35111,0.71382,0.28989,7.38821,-2.69832,0,0,0,0,0
159,0.19361,0.26918,0.24215,0.5343,0.27108,0.18437,7.33913,2.04926,0,0,0,0,0
160,-8.36496E-3,0.38247,0.23012,-0.08957,0.18235,-0.02158,7.12623,2.39317,0,0,0,0,0
161,0.65436,0.58834,0.25227,8.82159E-3,0.6883,0.94388,0,2.44688,0,0,0,0,0
162,0.90134,-0.75203,0.87576,-1.07387,-0.65386,0.5204,0,0,0,0,0,0,0
163,0.11387,0.33727,0.2184,0.31116,0.19889,0.23761,7.65291,1.90894,0,0,0,0,0
164,0.05605,0.28464,0.2258,0.35201,0.69059,0.31567,5.32432,2.06381,0,0,0,0,0
165,-0.07656,0.40913,0.19685,-0.14874,0.4696,0.94374,-0.21103,1.51024,0,0,0,0,0
166,-0.01603,0.06538,0.03706,0.12857,0.0995,0.12247,6.51322,1.50769,0,0,0,0,0
167,0.08803,0.02054,0.49646,-3.29917E-3,0.35296,0.30401,1.14823,1.08117,0,0,0,0,0
168,6.28138E-3,0.10736,0.20383,0.12286,0.15133,0.58152,5.91887,1.59142,1.30097,0,0,0,0
169,-0.09382,0.35355,0.10144,0.33836,0.27336,0.51322,1.3486,2.29008,0,0,0,0,0
170,0.03265,-0.99512,0,1.68311,0.48892,1.08138,0,0,1.25261,0,0,0,0
171,-2.53698E-3,-0.1319,0.23678,0.32149,0.43793,0.34176,0,0,0,0,0,0,0
172,0.44759,0.36542,0.54973,0.05831,0.27536,0.50467,5.70743,2.37211,0,0,0,0,0
173,0.15756,0.37649,0.32799,0.11364,0.10287,0.66761,6.72669,1.69957,0,0,0,0,0
174,-0.10874,0.53597,0.52055,0.22155,0.28479,0.02957,6.55073,1.91653,0,0,0,0,0
175,-0.36931,0.80887,0.33323,-0.03163,0.49721,0.37347,0,1.48816,0,0,0,0,0
176,0.30631,0.22682,0.37106,0.2034,0.42549,0.38521,7.39843,1.54527,0,0,0,0,0
177,0.03479,0.35475,0.27293,0.09283,-0.03585,0.13479,7.45217,1.72543,0,0,0,0,0
178,0.25973,0.13672,0.2425,0.32102,0.46952,0.1894,7.54696,1.86054,0,0,0,0,0
179,-0.03268,0.20437,0.24528,0.06637,0.14827,0.48063,6.82522,1.79366,0,0,0,0,0
180,0.14145,0.21183,0.23282,0.52879,0.27502,0.53034,2.90543,1.91292,0,0,0,0,0
181,0.49251,0.19656,0.59759,0.13558,0.33356,0.75136,0.92289,1.31367,0,0,0,0,0
182,0.2261,0.22835,0.30877,0.13008,0.41714,0.4251,7.16879,2.13369,0,0,0,0,0
183,0.1519,0.1327,0.33624,0.13808,0.35331,0.40939,1.05541,2.03711,0,0,0,0,0
184,0.04703,0.2079,0.36299,0.22664,0.1042,-0.05251,6.36322,2.03752,0,0,0,0,0
185,-0.16471,0.07816,0.2076,6.2198E-3,0.3133,0.55569,7.00611,1.85244,0,0,0,0,0
186,0.17886,0.17709,0.07646,0.05906,0.249,0.23503,7.34778,1.31052,0,0,0,0,0
187,0.22,0.29245,0.45125,0.05044,0.55209,0.3845,6.53658,2.18604,0,0,0,0,0
188,-0.01847,-0.06818,0.1798,0.06495,0.19129,0.20125,6.7837,1.84429,0,0,0,0,0
189,-0.09599,0.44772,0.29202,-0.0934,0.30428,0.3947,8.28224,1.75391,0,0,0,0,0
190,0.18798,-0.04818,0.19064,0.21134,0.10601,0.1793,7.23154,1.96736,0,0,0,0,0
191,0.2474,0.16179,0.22271,0.25367,0.5428,0.34439,6.84683,2.10296,1.65103,0,0,0,0
192,0.13587,0.15339,0.32305,0.2843,0.45319,0.45474,6.94066,1.86541,0,0,0,0,0
193,-3.7706E-3,0.15539,0.04184,0.05565,0.31485,0.31408,7.13473,1.56283,0,0,0,0,0
194,0.16425,0.07157,0.03342,0.15479,0.30307,0.21719,7.22436,1.65154,0,0,0,0,0
195,0.43246,0.75323,-8.64188E-3,0.73038,0.34259,-0.12479,0,-1.2486E-3,1.43871,0,0,0,0
196,0.06117,0.16255,0.22447,0.16116,0.01145,0.26409,6.83925,1.5074,0,0,0,0,0
197,0.28172,0.10847,0.34168,0.0862,0.37578,0.08364,6.6759,1.35279,0,0,0,0,0
198,0.42787,0.37008,-0.08193,7.55062E-3,0.13032,0.43875,0,0,0,0,0,0,0
199,0.44276,0.16604,0.45725,0.30979,0.50668,0.65059,7.43134,1.89358,1.18029,0,0,0,0
200,0.22276,0.70273,0.19441,0.01791,0.14346,0.55105,3.33754,1.53241,0,0,0,0,0
201,0.09187,0.09663,0.5384,0.04914,4.79546E-3,0.39931,7.45552,1.72825,0,0,0,0,0
202,0.21775,0.08792,0.37334,0.25516,0.54478,0.80589,5.58614,1.81732,0,0,0,0,0
203,0.16298,0.4242,0.48354,0.18715,0.0763,0.47115,7.18657,2.64581,0,0,0,0,0
204,-0.12103,-0.16639,-0.06997,-0.04552,0.1753,0.32927,4.75086,1.38389,0,0,0,0,0
205,0.02454,0.25644,0.13188,0.22717,0.28746,0.18096,4.58146,1.77164,0,0,0,0,0
206,0.22506,0.32417,0.23641,0.25075,0.25609,0.24763,7.1947,1.46113,0,0,0,0,0
207,0.44964,0.6605,0.50456,0.62772,-0.02822,0.94365,0,1.10497,0,0,0,0,0
208,0.61932,0.5234,1.09007,0.04476,0.47829,0.66906,6.94104,0.25101,0,0,0,0,0
209,0.19701,0.4072,0.23463,0.35928,0.39927,-0.04539,2.2283,1.50263,0,0,0,0,0
210,0.15864,0.38888,0.1723,0.1326,0.36253,0.43889,7.57506,1.71601,0,0,0,0,0
211,0.24994,0.34589,0.48081,0.34486,0.30504,0.3685,5.34401,2.23959,0,0,0,0,0
212,0.19272,0.35341,0.31957,0.4155,0.70521,0.61029,5.81704,1.90645,0,0,0,0,0
213,0.07354,0.13137,0.18691,0.14037,0.15314,0.24102,0.63098,1.84136,0,0,0,0,0
214,0.24093,0.19973,0.25805,0.13465,0.35494,0.33207,7.18533,1.92249,0,0,0,0,0
215,-0.06085,0.22011,0.028,0.07325,0.35451,0.28804,4.80991,1.3944,0,0,0,0,0
216,0.05153,0.11759,0.20094,0.22368,0.26214,0.13529,5.80337,1.86782,0,0,0,0,0
217,0.15461,0.10425,0.37325,0.17932,0.15411,0.31668,2.76724,1.92396,0,0,0,0,0
218,0.01116,0.24353,0.22165,0.12063,0.28392,0.37573,5.65732,1.74111,0,0,0,0,0
219,0.29908,0.28984,0.14915,0.24289,0.34136,0.53267,6.8758,1.60173,0,0,0,0,0
220,-0.1741,-0.17781,0.13393,-0.15707,0.21559,0.44045,4.44864,1.41677,0,0,0,0,0
221,0.16917,0.13112,0.06143,-3.95454E-3,0.08519,0.19147,2.45729,1.71895,0,0,0,0,0
222,0.35701,0.0887,0.12791,0.35683,0.67535,-0.60529,7.17712,1.86735,0,0,0,0,0
223,0.08518,0.01734,0.05122,0.05853,0.44338,0.24081,6.79677,1.55031,1.23474,0,0,0,0
224,-0.40602,-0.31494,-0.13977,-0.16826,-9.79895E-3,0.17427,4.22421,1.35743,0,0,0,0,0
225,-0.02207,0.0644,0.21925,0.08648,0.15583,0.33106,0,2.567,0,0,0,0,0
226,0.01569,0.17317,0.1636,0.08838,0.44611,1.02258,1.23345,2.25798,1.4592,0,0,0,0
227,0.09439,0.31822,0.40578,0.21816,0.07667,0.54166,3.14886,1.98213,0,0,0,0,0
228,0.03342,0.06385,0.22243,0.17557,0.25102,0.51492,6.44014,2.13189,0,0,0,0,0
229,0.09179,0.09503,0.15782,0.14646,-0.15924,0.39345,6.63622,1.25555,0,0,0,0,0
230,0.08239,0.28982,0.42482,0.26269,0.48964,0.73442,7.37586,1.86157,0,0,0,0,0
231,0.34993,0.16855,0.46927,0.24461,0.35763,0.42224,6.96985,2.04016,0,0,0,0,0
232,0.23121,0.28986,0.58408,0.40317,0.12565,0.26522,0,2.49459,1.74352,0,0,0,0
233,0.02389,0.08387,0.05113,0.06462,0.31773,0.37689,7.43456,1.77146,0,0,0,0,0
234,0.24415,0.35132,0.25908,0.24086,0.47815,0.29239,5.73524,2.08004,0,0,0,0,0
235,0.21154,0.43264,0.62794,0.25406,0.25791,1.12768,0,0,0,0,0,0,0
236,0.20375,0.22442,0.38373,0.43457,0.52041,0.44013,5.32162,2.07022,0,0,0,0,0
237,0.10258,0.22848,0.17823,0.14641,0.42547,0.1526,1.14823,1.83667,0,0,0,0,0
238,0.14859,0.46692,0.29352,0.2779,0.70131,0.15321,7.43479,1.31951,0,0,0,0,0
239,0.11701,0.11863,0.26987,0.09204,0.31078,0.24051,6.78424,1.4125,0,0,0,0,0
240,-8.5458E-3,0.17274,0.12362,1.37119E-3,0.3898,0.5764,6.38423,1.60852,0,0,0,0,0
241,0.10682,0.33118,0.25987,0.25078,0.13217,0.37561,7.28729,2.44162,0,0,0,0,0
242,0.08029,0.09112,0.2905,0.16425,0.40907,-0.09136,5.87646,2.0682,1.29662,0,0,0,0
243,-0.12949,-0.05709,0.11169,-0.04792,0.23701,0.35682,6.7016,1.61591,0,0,0,0,0
244,0.16718,0.06532,0.23715,0.23336,0.10522,0.41428,2.78179,1.4266,0,0,0,0,0
245,-0.14433,0.33874,0.22062,0.34679,0.18099,0.45328,0,0,0,0,0,0,0
246,0,0,0,0,-0.10055,0.19495,0,0,1.37519,0,0,0,0
247,-0.09174,0.47093,0.24834,0.46216,0.4469,0.27051,3.91123,1.53872,1.26719,0,0,0,0
248,-0.50389,0.57445,0.40328,-1.34951,0.47017,0.93704,0,1.50305,0,0,0,0,0
249,0.37357,0.33373,0.17713,0.0711,-0.06721,0.52671,0,0.74576,0,0,0,0,0
250,0.19644,0.28069,0.39256,0.65319,0.91522,1.06919,6.83359,1.58498,0,0,0,0,0
251,0.24913,-2.62804E-4,0.23862,0.26453,0.1178,0.02689,6.50315,1.95537,0,0,0,0,0
252,-0.14878,-0.02832,0.03371,-0.1254,0.27815,0.22413,6.80897,0.57263,0,0,0,0,0
253,0.19381,0.45407,-0.16974,0.22206,0.61454,-8.05327E-3,1.52402,1.82156,0,0,0,0,0
254,0.11749,-0.03333,0.58708,0.15525,0.20961,1.33906,0,1.87692,0,0,0,0,0
255,7.97065E-3,0.18382,0.25367,0.13169,0.40701,0.27687,6.34307,1.90488,0,0,0,0,0
256,-0.16688,-0.02878,0.06359,-0.04786,0.18614,0.42632,6.28813,1.84356,0,0,0,0,0
257,0.0596,0.22964,0.27511,0.1149,0.17177,0.12161,3.84664,1.94963,0,0,0,0,0
258,0.32568,0.33813,0.27316,0.19159,0.17316,0.59021,1.29249,1.32147,0,0,0,0,0
259,0.10508,0.8333,-0.16782,0.76394,0.34828,0.48462,0,0.08914,0,0,0,0,0
260,0.1796,0.37179,0.2825,0.19933,0.3501,0.32235,5.4844,2.63062,0,0,0,0,0
261,0.37155,0.73976,0.37811,0.44115,0.56742,0.87524,0,1.7597,0,0,0,0,0
262,0.10013,0.36594,0.44489,0.21224,0.14255,-0.04518,0,2.52701,0,0,0,0,0
263,0.27508,-0.20975,-0.07061,0.32409,0.21579,0.60546,6.82479,2.24992,0,0,0,0,0
264,0.31775,0.08962,0.37325,0.17158,0.56129,0.5478,0,2.02456,0,0,0,0,0
265,0.42239,0.39228,-0.47237,0.29112,0.37883,0.42899,1.0172,2.47442,0,0,0,0,0
266,0.30704,0.32384,0.03595,0.15559,0.06158,-1.38223E-3,6.80694,2.30971,0,0,0,0,0
267,0.27408,-0.09644,0.03362,0.31105,0.8082,-2.60193,0,1.9616,0,0,0,0,0
268,0.57456,0.55513,-0.2106,0.33811,0.29756,0.15211,0,2.29426,0,0,0,0,0
269,0.10743,0.07089,0.16594,0.58586,0.26316,0.40839,0.87794,2.97544,0,0,0,0,0
270,-0.49791,0.41878,-0.27023,0.58811,0.5354,-0.19786,0,0,0,0,0,0,0
271,-2.57956E-3,0.19794,0.377,0.50516,0.03269,0.40255,1.78602,1.942,0.99427,0,0,0,0
272,0.13879,-2.27194,0.19086,-0.13439,0.17195,0.73373,1.05642,1.98157,0,0,0,0,0
273,0.04436,-0.0543,0.28816,-0.26196,-0.05843,-0.15329,0,1.82948,1.32557,0,0,0,0
274,-0.0617,0.25097,0.1215,-0.15877,0.49453,0.56575,7.1942,2.01673,0,0,0,0,0
275,0.33933,-0.0121,-0.13992,0.20789,0.45206,0.57203,0,0.77263,0,0,0,0,0
276,0.04448,-0.09808,0.06874,0.04816,0.07799,0.33161,6.20089,2.07363,1.72754,0,0,0,0
277,0.17356,0.55101,0.27676,0.45646,0.15636,0.28966,0,0.14808,1.47823,0,0,0,0
278,0.35579,0.11774,0.70213,0.62156,-0.2703,0.57675,1.13942,2.09509,0,0,0,0,0
279,0.16789,0.16636,0.2779,0.03527,0.59419,0.18504,0.8341,1.65038,1.33899,0,0,0,0
280,0.05722,0.33432,0.12106,0.1093,-0.03563,0.26368,-2.29301,1.90743,0,0,0,0,0
281,0.15895,0.16735,6.80809E-3,0.22047,0.32533,0.47709,4.02827,1.83072,1.21552,0,0,0,0
282,0.17732,0.75991,0.44646,0.24795,0.73078,0.47699,1.04676,1.97812,1.3037,0,0,0,0
283,-0.09952,0.77684,0.32319,0.42423,0.33665,0.86832,0,1.0204,0,0,0,0,0
284,0.35715,-0.10761,0.97721,0.67704,0.62354,0.72205,0,0.86699,0,0,0,0,0
285,0.50869,0.26678,0.10833,0.56259,-0.11753,0.46352,0.10091,1.77907,1.83001,0,0,0,0
286,0.12859,0.28899,0.3312,0.17413,0.32963,0.45961,7.14063,1.17154,1.57589,0,0,0,0
287,-0.07931,0.16809,0.39043,0.24396,0.50684,0.48688,4.1663,1.87768,0,0,0,0,0
288,0.06582,0.27077,0.17852,0.29711,0.38483,0.50058,-2.41061,1.80789,0,0,0,0,0
289,0.21767,0.4206,-0.34008,0.2474,0.85898,0.07047,1.33929,2.16501,0,0,0,0,0
290,0.05702,-8.12692E-3,-0.46787,0.3037,0.71772,0.29777,0,0.98367,0,0,0,0,0
291,0.29852,0.41571,0.18357,-8.97795E-4,0.34544,-0.29131,0.90067,1.21084,0,0,0,0,0
292,0.10782,0.22795,0.11991,0.32767,-0.06432,-0.17931,6.21518,0.8335,0,0,0,0,0
293,0.58049,-0.20188,0.20383,0.45773,0.04949,0.13217,0,0,0,0,0,0,0
294,0,0,0,0,0,0,0,0,0,0,0,0,0
295,-0.18684,0.28295,-0.08863,0.3781,0.80544,0.40317,0.81875,2.78512,1.80336,0,0,0,0
296,0.16041,0.03321,0.153,0.29411,2.89387E-3,0.51359,4.46338,1.72217,1.54803,0,0,0,0
297,-0.10756,0.40039,0.07936,0.306,0.20041,-0.11951,1.8102,1.77237,1.27791,0,0,0,0
298,-0.1618,0.15167,0.08625,0.11437,0.462,0.1857,4.74559,1.65839,0,0,0,0,0
299,0.36268,0.39929,0.2287,0.21918,0.47848,-0.02081,1.57109,1.89653,1.37332,0,0,0,0
300,0.03047,-0.16103,-0.07838,0.08427,0.13539,6.1748E-3,5.9676,1.61575,0,0,0,0,0
301,-0.03518,-0.13753,0.03778,0.31243,-0.03106,-0.07076,-1.07503,1.51556,0,0,0,0,0
302,0.08071,0.31537,0.32183,0.11652,0.82655,0.66126,4.60795,2.39707,0,0,0,0,0
303,-0.06948,0.02661,0.11441,0.05072,2.891E-3,0.15389,-0.22926,1.68963,0.94539,0,0,0,0
304,1.03588,0.03015,-0.34811,0.22484,-0.13782,0.43514,0,0,1.06735,0,0,0,0
305,-0.40624,-0.79514,-0.74411,0.27364,-0.02383,0.68113,-1.02302,0,0,0,0,0,0
306,0.02679,0.58112,0.25983,0.37417,-4.71732E-3,0.14571,0,0,0,0,0,0,0
307,0.11561,0.21627,0.19209,0.287,0.24843,0.0359,0,1.35166,0.86853,0,0,0,0
308,0.04287,0.16634,-0.02907,0.11458,-0.19367,0.62589,1.76546,1.56475,0.73003,0,0,0,0
309,0.0732,-0.10341,0.04265,0.13268,0.33311,0.39613,0,1.6511,0,0,0,0,0
310,-0.67845,0.06168,0.25016,0.12704,-0.01651,0.41109,1.71035,1.71283,0,0,0,0,0
311,0.08691,0.14054,0.18504,0.21666,0.08578,0.40162,6.62687,1.75598,0.83687,0,0,0,0
312,-0.0605,0.37409,0.18539,0.72307,0.0283,1.01826,1.13054,1.38236,1.25535,0,0,0,0
313,0.2224,0.39648,0.57027,0.50256,0.63233,-0.61254,-0.54344,0,0,0,0,0,0
314,-0.28039,-0.3562,0.51334,0.22594,0.74797,-0.20567,0,0.03773,0,0,0,0,0
315,0.20354,0.21665,-0.10172,0.152,1.77479E-3,0.61146,1.43579,1.99207,0.86982,0,0,0,0
316,0.08621,0.14874,0.09251,-0.09316,-0.05604,0.02436,7.71426,1.63263,0.93144,0,0,0,0
317,0.05525,0.18852,0.08558,0.17718,-0.06669,-0.14888,5.61763,1.75224,0.79292,0,0,0,0
318,0.24039,-0.23037,0.64827,0.10453,0.04082,0.85432,0,0,0,0,0,0,0
319,-0.28086,-0.2544,0.46563,0.20841,0.25108,0.64155,0,0.50201,0.70415,0,0,0,0
320,0.29259,0.32491,-0.16505,0.09303,-0.06415,1.35,0,0,1.13188,0,0,0,0
321,0.03211,0.30124,0.15701,0.60456,0.66656,0.91302,0,1.50254,0,0,0,0,0
322,0.2017,0.44294,0.02258,0.16371,0.30727,0.43157,2.72942,2.04643,0.93262,0,0,0,0
323,0.38368,0.18376,0.28723,0.09816,-0.02667,0.17339,7.0186,1.82995,0,0,0,0,0
324,0.16896,0.32002,-0.47976,0.4422,-0.12528,0.05928,0,0,0,0,0,0,0
325,0.01607,-0.01508,0.33924,-0.04255,0.24571,0.29038,6.94686,1.43274,1.09465,0,0,0,0
326,-0.04942,-0.49725,0.02267,-0.08569,0.72361,0.49727,0,1.96774,0,0,0,0,0
327,0,0,0,0,0.26986,0.47247,0,0,0,0,0,0,0
328,0.28701,0.34002,0.46551,0.13932,0.19907,0.30115,6.19906,1.79192,0,0,0,0,0
329,0.38056,0.56698,0.1741,0.06013,0.21603,0.3771,7.25649,0.86513,0,0,0,0,0
330,0.41311,0.26469,0.29138,0.27859,0.27948,0.558,0,0,0,0,0,0,0
331,0.32136,0.20628,0.0701,0.15931,0.15501,0.34774,7.00428,2.33318,0,0,0,0,0
332,0.32852,0.50131,0.12863,0.52507,0.27247,0.48235,6.27431,2.17571,0,0,0,0,0
333,-0.13644,-0.01534,-0.11769,-0.06101,-0.20316,-0.15423,6.54879,1.63463,0,0,0,0,0
334,0.11125,0.04275,0.3152,0.09937,0.31192,0.12397,4.59144,0.41764,0,0,0,0,0
335,0.68162,0.75425,0.47705,0.20984,1.03799,-0.06395,0,-0.31633,0,0,0,0,0
336,0.21775,0.06612,0.14572,0.05354,0.19635,0.03859,-0.71386,1.69652,0,0,0,0,0
337,-0.05124,0.35022,-0.15093,0.18182,-0.49528,-0.85316,0,3.77375,0,0,0,0,0
338,0.02327,0.39733,-0.41722,0.27433,-0.31435,0.52475,-0.18677,0.50112,0,0,0,0,0
339,-0.53299,0.07214,0.26894,0.11673,-1.07531,0.22156,0,1.93296,0,0,0,0,0
340,0.31771,0.18402,-0.07639,1.03801,1.11281,0.37212,0,1.77996,0.38401,0,0,0,0
341,0.24737,0.25259,-0.03821,0.10647,0.31768,0.37822,2.18833,1.71962,0,0,0,0,0
342,-0.05096,0.33719,0.25983,0.11063,0.62228,0.55378,0,1.38252,0,0,0,0,0
343,0.08879,-0.13625,0.01117,0.1214,4.32466E-3,0.02519,6.02389,0.74762,0,0,0,0,0
344,5.6491E-3,0.04161,-0.03673,0.15635,0.18804,0.27447,6.21454,1.61514,1.23586,0,0,0,0
345,0.16251,0.20862,0.02229,0.07989,0.36816,0.17013,6.20609,1.15201,0,0,0,0,0
346,0.16063,-0.0963,-0.05789,0.20636,0.18305,0.28678,5.88528,1.50071,0,0,0,0,0
347,0.21564,0.24122,0.20708,0.27755,0.22307,0.33319,6.70639,1.02816,0,0,0,0,0
348,0.16326,0.23169,-0.04289,0.22552,0.13125,-0.0523,-0.91117,2.04116,0,0,0,0,0
349,0.14056,0.05966,-0.07383,0.14016,0.0465,-0.04173,5.87517,1.71594,0,0,0,0,0
350,0.06471,0.07962,0.0573,0.21278,0.1204,0.25145,5.75738,1.65662,0,0,0,0,0
351,0.20144,0.01931,0.04517,0.19106,0.03894,0.46292,6.49731,1.78584,0,0,0,0,0
352,0.26968,0.03387,-0.04721,0.27949,0.31354,0.24514,6.56296,1.70799,1.05059,0,0,0,0
353,0.11647,0.09616,0.04733,0.02311,0.03692,0.34775,5.9745,1.45391,0,0,0,0,0
354,0.14103,0.47297,0.60908,0.34979,0.17724,0.69164,1.22422,2.68343,0,0,0,0,0
355,0.12538,0.08545,0.15791,0.17895,0.05489,0.1384,6.62617,1.83216,0.51848,0,0,0,0
356,-1.1168E-3,0.39415,0.02714,0.04977,-0.29382,-0.35613,-3.12344,1.91775,0,0,0,0,0
357,0.6455,-0.45131,0.5063,0.35755,0.80955,-2.68237E-3,1.0196,2.02906,0,0,0,0,0
358,0.14892,-0.14596,0.11172,0.16864,0.24375,0.29767,3.10282,2.01245,0,0,0,0,0
359,-0.13789,-0.24467,-0.16602,-0.13258,-0.02425,0.26318,5.34776,1.46286,0,0,0,0,0
360,0.46091,-0.23415,0.1919,0.09988,0.33043,0.12064,5.14527,1.51481,1.2705,0,0,0,0
361,0.30471,-0.18155,0.30487,-0.04238,0.2077,0.63224,6.70978,1.5648,1.09087,0,0,0,0
362,0.13218,0.16851,0.26972,0.36739,0.43175,0.65695,2.77753,1.04549,1.61238,0,0,0,0
363,0.32035,-0.29193,0.28704,0.39515,0.19638,0.13342,5.44736,1.85639,0,0,0,0,0
364,0.01885,0.17244,0.28701,0.17003,-0.012,0.42899,7.38092,1.52172,0.42005,0,0,0,0
365,0.16068,0.3946,0.2909,0.2482,0.47483,-0.04011,6.84541,2.2172,0,0,0,0,0
366,0.24095,0.1785,-0.18364,-0.09309,0.51925,-0.37103,7.15275,1.53384,0,0,0,0,0
367,0.13259,0.26003,0.32859,0.12202,0.13549,0.47717,0,1.64627,0,0,0,0,0
368,-0.02496,0.24304,6.68578E-3,-0.17724,0.58823,0.10344,6.68837,1.65413,0,0,0,0,0
369,0.07725,0.30285,-0.01809,0.13947,0.11173,0.42202,6.40106,1.84466,0,0,0,0,0
370,0.02051,0.208,0.45235,0.30373,0.51537,0.56912,3.18369,1.05193,1.00998,0,0,0,0
371,0.17027,0.20891,0.11439,0.22734,0.08183,0.20313,6.61721,0.46598,0,0,0,0,0
372,0.20164,0.55177,0.18122,0.24796,0,-1.43416,0,2.53753,0,0,0,0,0
373,0.07553,-0.1999,-0.11236,-0.02876,0.27858,0.14217,7.40272,1.98179,0,0,0,0,0
374,0.09113,0.29721,-0.15388,-0.04974,0.6037,0.49189,0,0,0,0,0,0,0
375,0.04012,0.07745,-0.12988,-0.09662,0.12741,0.20724,6.07725,1.63675,0.749,0,0,0,0
376,-0.14117,0.254,0,-0.65343,0,0,0,0,0,0,0,0,0
377,-0.04861,-0.0307,-0.03237,-0.08887,-0.2125,-0.08256,4.40706,1.65797,0,0,0,0,0
378,0.07311,0.19616,-9.7334E-3,0.01624,-0.16008,-0.12335,6.79144,1.83482,0,0,0,0,0
379,0.18515,0.09798,-0.11206,0.19502,0.39431,0.46915,1.05642,1.56959,0,0,0,0,0
380,-0.09634,0.18778,-0.08265,0.15869,0.19918,0.26029,5.49493,1.47858,0,0,0,0,0
381,-0.13478,-0.06371,-0.12498,-0.20478,-0.20014,-0.13955,6.27481,1.84592,0,0,0,0,0
382,-0.11133,-0.14991,-0.24992,0.01836,0.166,0.15197,6.171,1.46314,0,0,0,0,0
383,0.08625,0.02321,-0.09837,0.19898,0.22775,0.38696,7.08781,2.18388,0,0,0,0,0
384,0.38585,0.47377,0.70046,0.35254,0.20171,-0.1465,0,1.24852,1.60305,0,0,0,0
385,0.05904,0.3639,0.11662,0.14449,-0.13792,0.72863,2.40356,0.5724,0.78911,0,0,0,0
386,0.04772,0.01991,0.1145,0.31614,0.35373,0.55343,4.69401,1.91729,0.61284,0,0,0,0
387,0.2036,-0.71218,-0.15037,0.33877,0.13306,0.29611,6.1665,1.28896,0.40586,0,0,0,0
388,0.29598,0.1105,-0.05134,0.0216,0.34319,0.68051,0,1.96024,0,0,0,0,0
389,0.03541,-0.07745,0.09683,0.03706,0.20529,0.35467,5.3431,1.87323,1.42273,0,0,0,0
390,0,0,0,0,0.34925,0.43384,0,0,0,0,0,0,0
391,0.94605,-0.85073,0.29952,-0.03581,-0.5086,0,0,0.90515,0,0,0,0,0
392,0.15958,0.01789,-0.24756,0.1098,0.07665,0.46568,4.31699,1.60285,0,0,0,0,0
393,6.62082E-3,-0.2982,-0.08489,0.05995,0.04064,0.26872,0.15119,0.7827,0,0,0,0,0
394,-0.25701,-0.41719,-0.28873,-0.2978,-4.92616E-3,-0.18257,6.89649,1.39451,0.14612,0,0,0,0
395,-0.21376,-0.05067,-0.17898,-0.06123,3.75015E-3,0.20103,-0.27378,0,0,0,0,0,0
396,0.07659,0.06203,-0.25216,-0.29803,-0.29809,-0.3362,1.11251,1.76305,0.53689,0,0,0,0
397,0.1161,-0.14589,-0.26107,-0.09137,-0.23216,-0.25793,7.11274,1.16192,0,0,0,0,0
398,0.167,0.34002,-0.11545,0.03178,0.22729,0.04288,5.93613,-3.04607,0,0,0,0,0
399,1.12025,0.33893,7.35235E-3,0.58853,0.71108,0.37517,-1.64206,0,0,0,0,0,0
400,0.7247,0.24617,-0.69385,1.00491,-0.5576,-0.23136,0,1.98318,0,0,0,0,0
401,-0.15354,-0.14423,-0.08197,0.01091,0.2936,-6.72934E-3,6.64635,1.68135,0,0,0,0,0
402,-0.04206,-0.05664,-0.05188,0.01636,0.07589,-0.14756,6.43214,1.30032,0.82782,0,0,0,0
403,0.35178,0.19632,-0.04179,-0.09792,0.26638,-0.06636,4.01758,1.55247,0,0,0,0,0
404,0,-1.65853,0,-1.73128,-0.23417,0.34748,0,0,0.54484,0,0,0,0
405,0.34554,0.48293,-0.06094,0.37727,0.46332,0.68195,8.10429,1.76308,1.35678,0,0,0,0
406,0.17717,0.14993,0.11406,-0.13172,0.38492,-0.15177,5.82813,1.54634,0,0,0,0,0
407,0.12459,-0.07235,-0.09234,-0.09219,0.37099,0.04925,5.99131,1.64267,0.56717,0,0,0,0
408,0.3221,-0.47646,-0.20755,-0.08915,0.82808,-0.46915,0.97914,2.51469,0.23525,0,0,0,0
409,0.09165,-0.21361,-0.06709,-0.11818,-0.08182,0.27702,1.79436,2.0771,0,0,0,0,0
410,0.22385,0.05396,-0.32611,-0.11765,-0.22353,0.05286,1.23345,1.58681,0,0,0,0,0
411,-0.18681,-0.2482,-0.42751,-0.18918,-0.1812,-0.22367,5.82255,1.40303,0,0,0,0,0
412,-0.34967,-0.16323,-0.44309,-0.0396,0.42503,0.01686,6.21703,1.94112,0,0,0,0,0
413,-0.35288,-0.48295,-0.67892,-0.47169,-9.30414E-3,-0.2265,4.65896,1.50938,0,0,0,0,0
414,0.32252,-0.37154,-0.48049,0.36492,-0.08196,0.08547,1.7059,1.56737,0,0,0,0,0
415,0.16992,0.35412,0.09807,-0.16508,0.72767,-0.46771,0,1.47732,0,0,0,0,0
416,-0.11685,0.12161,0.03132,0.25982,0.27149,0.16189,5.35225,1.10482,0,0,0,0,0
417,0.09241,-0.06163,-0.13914,-0.03646,0.55138,0.31629,0.28323,0,0.43352,0,0,0,0
418,0.47228,0.24301,-0.74008,-0.42381,0.31598,0.15355,0,0.83846,0,0,0,0,0
419,-0.08656,-0.32222,-0.43034,-0.07241,-0.1983,0.35585,1.34943,1.59397,0,0,0,0,0
420,-1.06728,-0.03509,-1.46164,-0.81406,-0.31766,-0.42111,-1.71617,0,0,0,0,0,0
421,-0.10969,0.09559,-0.42553,-0.04724,0.23987,0.01859,3.05067,2.20663,0.24211,0,0,0,0
422,-0.09066,-0.15069,-1.03166,0.0886,0.28565,-0.98806,5.80633,1.48799,0,0,0,0,0
423,-0.09028,-0.02767,-0.58613,8.34747E-3,0.12685,0.19248,5.82139,1.60744,0,0,0,0,0
424,-0.20623,-0.17235,-0.52112,-0.30509,-0.16714,-0.16874,6.5269,1.68184,0,0,0,0,0
425,-0.04264,-0.36063,-0.39735,-0.19068,-0.03953,-0.07061,6.4087,1.27161,0,0,0,0,0
426,-9.74568E-3,0.23242,-0.38068,-0.18249,-0.24663,-0.08915,5.90624,1.3853,0.08639,0,0,0,0
427,-0.33556,-0.23489,-0.36496,-0.17939,-0.07105,0.26296,4.92815,1.26056,0,0,0,0,0
428,0,0,0,0,0,0,0,0,0,0,0,0,0
429,-0.01602,0.1275,-0.35959,-0.06546,-0.13866,-0.18144,-0.36909,2.8009,0,0,0,0,0
430,-0.17009,-0.64631,-0.3781,-0.33794,0.18722,-0.14471,5.82777,1.60972,0,0,0,0,0
431,-0.22347,-0.17936,-0.45124,-0.17567,-0.32523,0.01218,6.44808,1.68661,0,0,0,0,0
432,-0.24459,0.04829,-0.27212,-0.20141,-0.02645,0.02241,0.53889,1.34917,0.55443,0,0,0,0
433,-0.19078,-0.19025,-0.44322,-0.29269,-0.21396,-0.06493,5.6929,1.48245,-0.01328,0,0,0,0
434,-0.29296,-0.72683,-0.52644,0,-1.68025,0,-1.28538,0,0,0,0,0,0
435,-0.01294,-0.13289,-0.58162,-0.07898,0.14268,0.01495,6.19938,1.50116,-0.22309,0,0,0,0
436,0.339,0.24127,-0.38339,0.24236,0.06213,0.65395,1.24527,1.8185,0,0,0,0,0
437,-0.16062,0.10482,-0.42203,0.32158,-0.22606,-0.32375,6.20459,1.42667,0.51272,0,0,0,0
438,-0.02361,-0.15814,-0.26395,-0.14888,-0.01692,6.25792E-3,6.26108,1.33633,0,0,0,0,0
439,0.28174,0.31418,-0.07291,0.33635,-0.01924,0.78421,2.36543,1.6287,1.41947,0,0,0,0
440,-0.14344,0.40507,-0.58169,-0.01561,0.16994,0.15097,0,-0.59502,0,0,0,0,0
441,0.02629,-0.34857,-0.55103,-0.4749,0.31386,0.38349,0.34386,0.3368,0,0,0,0,0
442,-0.55385,-0.31896,-1.39933,-0.47928,-0.15568,0.01804,0.37681,2.1013,-1.14156,0,0,0,0
443,-0.1742,-0.30799,-0.04934,-0.25886,0.19287,-0.64006,0,0,0,0,0,0,0
444,-0.09196,-0.47068,-0.97588,-0.42157,-0.38907,-0.11344,6.16316,0.53547,-0.64447,0,0,0,0
445,-0.28154,-0.23965,-0.67866,-0.42718,-0.12101,-0.3655,1.03701,1.60889,0,0,0,0,0
446,-0.13437,-0.28177,-0.87325,-0.48378,-0.06084,-0.08963,6.36295,1.52188,0,0,0,0,0
447,-0.38579,-0.32745,-0.65471,-0.58149,-0.2148,0.07555,6.91048,1.43053,-0.60753,0,0,0,0
448,0.68997,0.01958,-0.53795,-0.08116,-0.26814,0.19352,-0.24446,-0.16577,-0.75747,0,0,0,0
449,-0.17055,-0.21725,-0.61477,-0.62503,0.02448,0.14855,6.64867,1.72531,-0.53892,0,0,0,0
450,-0.21111,-0.56775,-0.10305,-0.5603,-0.26715,-0.5532,0.2187,2.98413,0,0,0,0,0
451,-0.27401,-0.51202,-0.45129,-0.55245,-0.14621,-0.51917,5.32198,1.45707,0,0,0,0,0
452,0.18264,-0.43237,-1.43839,-0.77671,-1.03088,0.44949,0,1.88742,0,0,0,0,0
453,-0.15934,-0.17956,-0.43569,-1.89996,0.44384,-0.47082,0,0,-0.97368,0,0,0,0
454,-0.22637,-0.34372,-0.66744,-0.55698,-0.26531,-0.18645,6.27155,1.81603,-1.43332,0,0,0,0
455,-0.17047,-0.39982,-0.92256,-0.64484,-0.3964,-0.45493,5.90968,1.00731,0,0,0,0,0
456,-0.36169,-0.4618,-0.82326,-0.65862,0.21183,-0.01574,6.31454,1.18685,0,0,0,0,0
457,-0.26487,-0.45361,-0.84503,-0.55041,-0.47098,0.17254,5.98925,0.8504,0,0,0,0,0
458,-0.16644,-0.06851,-0.4293,-1.23209,0.35242,0.66595,0,1.88224,0,0,0,0,0
459,0.26259,-0.20079,-0.6367,-0.17722,0.16258,-0.02682,-0.90495,-0.11208,-0.9096,0,0,0,0
460,-0.07091,-0.05048,-0.55518,-0.38713,-0.17643,-0.45928,6.47105,1.7614,0,0,0,0,0
461,-0.42175,-0.49938,-0.68156,-0.21376,-0.08322,-0.06366,6.44946,1.86208,0,0,0,0,0
462,-0.28223,-0.26229,-0.83793,-0.48005,-0.41281,-0.12517,5.79437,1.30908,0,0,0,0,0
463,0.23814,-0.39868,-0.43895,-0.55128,0.079,0.30356,6.41597,1.19279,0,0,0,0,0
464,-0.4551,-0.76895,-0.37106,-0.49435,-0.44773,-0.92698,-0.37354,0.1945,0,0,0,0,0
465,0.1731,-0.45748,-0.23135,-0.51324,0.20281,-0.2019,0.50638,1.09257,0,0,0,0,0
466,0.35621,-0.23443,-0.92489,0.10838,0.23071,0.08702,0.52291,1.30119,0,0,0,0,0
467,-0.2789,-0.24942,-0.31138,-0.40615,-0.02686,0.11622,-2.34688,1.63856,-0.32956,0,0,0,0
468,-0.22196,-0.18833,-0.52859,-0.30484,-0.27268,-0.11307,5.85064,1.27613,0,0,0,0,0
469,-0.15408,-0.2024,-0.44505,-0.38024,-0.27342,-0.20887,6.65765,1.42998,0,0,0,0,0
470,0,0,0,0,0,0,0,0,0,0,0,0,0
471,0,0,0,0,0,0,0,0,0,0,0,0,0
472,0,0,0,0,0,0,0,0,0,0,0,0,0
473,0,0,0,0,0,0,0,0,0,0,0,0,0
474,0,0,0,0,0,0,0,0,0,0,0,0,0
475,1.04828,1.48406,0.25612,-0.47735,0.23556,0.22742,7.04267,0,0,0,0,0,0
476,0,0,0,0,0,0,0,0,0,0,0,0,0
477,0,0,-0.55425,0.11797,0.05723,0.09456,0,0,0,0,0,0,0
478,0,0,0,0,0.31981,0.19881,7.06135,0,0,0,0,0,0
479,0,0,-0.08008,-0.98205,-0.02686,0.12678,6.46536,0,0,0,0,0,0
480,0,0,-0.5211,1.33375,-0.13616,0.53554,6.0206,0,0,0,0,0,0
481,0,0,0,0,0,0,0,0,0,0,0,0,0
482,-0.24893,-0.19302,-0.95829,0.24403,0.27132,-0.03619,0,0.63932,0,0,0,0,0
483,0.22837,0.26562,-0.23965,0.04099,5.39329E-3,0.52273,1.31215,1.09172,0,0,0,0,0
484,-0.12328,-0.09267,-0.55464,-0.20264,0.19328,0.30654,0.48957,1.87373,0,0,0,0,0
485,-0.1567,0.22234,-0.69356,-0.22048,0.61902,0.49084,0,1.6948,0,0,0,0,0
486,-0.10832,-0.86433,-1.19215,-0.05195,-0.05791,0.09517,0,1.19427,-0.52212,0,0,0,0
487,8.61507E-3,-0.2739,-0.4136,-0.26956,-0.10723,0.19761,6.60755,1.51725,-0.18457,0,0,0,0
488,-0.05995,-0.55569,-0.35904,-0.10678,-0.24708,0.5238,1.07833,1.52304,0,0,0,0,0
489,0.39252,-0.65017,-0.04839,-0.48132,0.19164,0.23414,0,1.29616,0,0,0,0,0
490,-0.36005,-0.31625,-0.7494,-0.54474,-0.11014,-0.04118,6.87351,1.29134,0,0,0,0,0
491,-0.4903,-0.26843,-0.72403,-0.95454,0.42452,-0.24253,0.76465,1.1443,0,0,0,0,0
492,-0.45623,-0.10235,-0.05234,-0.13661,-0.08058,0.09207,1.97496,1.6185,0,0,0,0,0
493,-0.10343,-0.11979,-0.15248,-0.31764,-0.31413,0.01554,6.47915,1.8107,-0.25556,0,0,0,0
494,0.20599,0.12785,-0.28665,-0.04443,0.30431,0.34523,7.00737,1.86885,-0.08923,0,0,0,0
495,-0.0231,-0.1613,-0.35329,-0.12934,-0.21302,-0.35046,5.68114,1.56326,0,0,0,0,0
496,0.02833,-0.13594,-0.32307,0.16818,0.20106,0.60329,6.67174,1.97922,0,0,0,0,0
497,-0.49599,8.43585E-3,-0.19939,0.27593,0.35452,0.77086,-0.12223,1.1867,0,0,0,0,0
498,-0.3087,-0.53726,-0.38723,0.40297,0,-0.88936,0,-2.29973,0,0,0,0,0
499,0.42599,0,-0.28315,0.079,0.51231,-0.72573,-1.39074,0,0,0,0,0,0
500,-0.31801,0.41954,-0.75919,-0.46194,0.10989,-0.29349,1.04872,1.45058,-0.50922,0,0,0,0
501,-0.17856,-0.34613,-0.47177,-0.51467,0.01242,-0.04792,6.20148,1.47777,0.25641,0,0,0,0
502,0.02456,0.10227,0.10463,-0.29622,0.28366,-0.39435,0,1.57301,0,0,0,0,0
503,-0.09744,-0.15439,-1.11932,-0.35403,-0.54929,-0.0185,0,0.92172,-1.41222,0,0,0,0
504,0.05974,0.5034,-0.76969,-0.1825,0.40618,0.25439,0,0.57749,0,0,0,0,0
505,-0.17807,-0.27858,-0.35375,-0.26794,0.08707,-0.18109,6.76124,1.50844,0,0,0,0,0
506,-0.23946,-0.24164,-0.68243,-0.28936,-0.11431,-0.2922,6.00609,1.72652,0,0,0,0,0
507,-0.05506,0.33934,0.19788,-0.41641,-0.32347,0.82448,0,0.86198,0,0,0,0,0
508,0.12293,-0.23622,-0.05829,0.28588,0.3092,-0.6933,0,1.35122,-0.09148,0,0,0,0
509,-0.65443,1.06493,-1.22922,-0.99323,0.20139,0.04821,5.56868,0,-0.15106,0,0,0,0
510,-0.29592,-0.87437,-0.39945,0.13917,-0.98523,-1.33777,0,1.40411,0,0,0,0,0
511,0.52466,0,-1.04985,0.57675,0.18044,0.28956,5.00299,0,0,0,0,0,0
512,-0.24805,-0.2586,-0.50073,-0.42705,0.20507,-0.06558,0,0,0,0,0,0,0
513,0.59148,0.20981,-0.34379,0.45453,0.31288,0.64192,4.57395,1.52107,0.8146,0,0,0,0
514,0.80411,0.41833,-0.06747,0.14593,-0.40249,0.47957,1.20337,1.22213,0,0,0,0,0
515,-0.33225,0.6202,1.02828,0.30523,0.03925,0.1209,0,0,0.11601,0,0,0,0
516,0.41851,-0.06626,-0.15731,0.15322,0.34278,0.1669,0,2.03944,-0.88201,0,0,0,0
517,0.1001,0.1015,-0.08906,-0.18411,0.01718,0.44725,5.38876,1.31347,0,0,0,0,0
518,0.05312,-0.40329,-0.3463,-0.10237,0.05098,0.4571,6.56087,1.25749,0,0,0,0,0
519,-0.20021,-0.32975,-0.54282,-0.33967,-0.07193,0.03217,6.08452,1.27239,0,0,0,0,0
520,-0.07003,5.87806E-3,-0.03018,0.05854,-0.47437,0.28142,0,0.34865,0.50824,0,0,0,0
521,-0.1907,-0.3216,-0.47025,-0.26746,-0.14769,0.34606,6.75856,0.81997,0,0,0,0,0
522,0.387,0.25664,-0.45817,-0.09061,0.70505,0.29952,5.76828,0.98128,0,0,0,0,0
523,0.20271,0.43996,-5.69385E-3,-0.02601,0.83398,0.26558,0,0.56188,0,0,0,0,0
524,0.30443,0.39432,-0.22487,-0.01952,0.13152,-0.35753,-0.06161,0.85802,0.14884,0,0,0,0
525,0.38736,0.17822,3.3128E-3,0.25305,-0.05248,-0.36378,0,1.09858,0,0,0,0,0
526,0.71409,0.61748,0.30998,0.2236,0.15151,0.06993,0,1.68948,0.74676,0,0,0,0
527,0,0,0,0,-0.30989,-0.49077,0,0,0,0,0,0,0
528,0.51553,0.30675,-0.70186,0.14003,0.36159,0.39078,-1.39519,-2.55928,0,0,0,0,0
529,0,0,0,0,0,0,0,0,0,0,0,0,0
530,0.14979,0.48461,-0.35239,-0.30839,0.7122,-2.33631,0,-1.62801,0,0,0,0,0
531,0,0,0,0,0,0,0,0,0,0,0,0,0
532,0,0,0,0,0.87201,0.24266,0,0,0,0,0,0,0
533,0.20542,-0.17821,0.65774,0.38505,0.37863,0.24552,-0.75475,0.63932,-0.4261,0,0,0,0
534,-0.44404,-0.6269,-0.56422,-0.62946,-0.02765,0.36584,7.11042,1.66397,0,0,0,0,0
535,0.42412,-0.77895,-0.50885,-0.33861,0.06891,0.16628,5.46162,0,0,0,0,0,0
536,0.55851,-0.30304,0.37986,-0.03483,0.41205,0.41575,6.15794,0.86177,-1.55955,0,0,0,0
537,0.92093,0.74521,0.44413,0.31857,0.48568,0.38709,6.55942,0,0,0,0,0,0
538,0.04013,0.18656,-0.08075,-0.08962,0.31184,0.46974,5.44071,1.51598,0,0,0,0,0
539,-0.19055,0.0417,0.16532,0.22237,0.05494,0.29932,6.15545,0,0,0,0,0,0
540,0.66999,-0.14442,-0.02379,0.50431,1.08703,0.72161,0,1.72972,0,0,0,0,0
541,0.02576,-0.15825,-0.34967,-0.18463,0.0149,0.04351,6.20166,-0.57343,0,0,0,0,0
542,-0.10681,-0.3419,-0.81798,-0.22962,0.01851,-0.15529,6.19592,1.54801,0,0,0,0,0
543,0.07813,-0.09491,-0.94465,-0.33164,0.47312,-0.21194,6.34634,1.45039,0,0,0,0,0
544,-0.04082,-0.44316,-0.70453,-0.24573,-0.21219,-0.09922,5.2259,1.97214,-1.00905,0,0,0,0
545,0,0,0,0,0,0,0,0,0,0,0,0,0
546,0,0,0,0,0.38594,1.66424E-4,0,0,0,0,0,0,0
547,-0.34822,-0.62848,-0.95714,-0.55843,-0.34031,-0.12421,3.57044,1.33474,0,0,0,0,0
548,-1.75893E-3,-0.54033,-0.85347,-0.70059,-0.27092,0.09013,0.38519,1.03139,0,0,0,0,0
549,-0.26231,-0.93092,-1.36371,-0.048,-0.1525,1.00642,0,0,0,0,0,0,0
550,0.19421,-0.41466,-0.35709,-0.22322,-0.38171,0.05181,0,2.0943,0,0,0,0,0
551,-0.16927,-0.7425,-0.46731,-0.91393,-8.66112E-3,0.09216,1.12615,1.83011,-1.57991,0,0,0,0
552,0.06664,-0.42712,-0.5823,-0.68198,0.29247,-0.0168,6.26318,1.52224,0,0,0,0,0
553,-0.38041,-0.5129,-0.40658,-0.28703,0.12955,-0.14726,-1.14562,1.65505,0,0,0,0,0
554,-0.24706,-0.33031,-0.90326,-0.3865,0.30447,-0.16795,5.29478,1.33329,0,0,0,0,0
555,-0.29728,-0.17925,-0.3901,-0.40979,-0.24421,-0.1612,4.75327,0.29549,0,0,0,0,0
556,-0.17668,-0.4524,-0.20803,-0.61533,0.3817,-0.35422,7.26587,1.05145,0,0,0,0,0
557,0.06316,-0.38146,-0.43407,-0.24339,-0.23463,0.1257,-0.34929,1.78025,0,0,0,0,0
558,0.20832,-0.14286,-0.31402,-0.30928,-0.15711,0.08265,0,1.49774,-1.67456,0,0,0,0
559,0.10145,-0.17311,-0.26464,-0.34002,0.18186,-0.04254,6.28117,1.76166,0,0,0,0,0
560,0.12759,-0.21019,-0.56185,-0.10293,0.10592,0.11546,6.7927,1.87939,0,0,0,0,0
561,-0.38654,-0.672,-0.0271,0.01099,0.84209,0.48146,5.91035,2.06604,0.32047,0,0,0,0
562,-0.77578,-0.77313,-0.28503,-0.36743,0.10572,-0.46459,-1.27881,0.83605,0,0,0,0,0
563,-4.86259E-3,-0.28581,-0.70511,-0.4377,-0.36787,0.49383,6.35928,1.46313,-0.34137,0,0,0,0
564,0.25468,4.63247E-3,-0.56458,-0.36356,-0.11987,0.08106,6.52034,1.72843,-0.24672,0,0,0,0
565,0.219,-0.17607,-0.52389,0.01842,0.03303,0.18164,6.30664,1.79856,0,0,0,0,0
566,-0.68388,-0.37957,-1.04886,-0.5196,0.09843,0.15855,0.02295,2.20334,-0.68071,0,0,0,0
567,0.48964,-0.32606,-0.7989,-0.23251,0.1806,4.9012E-3,0.64811,0.78315,0,0,0,0,0
568,0.41548,-0.91649,0.55907,-0.5268,0.20969,-0.09376,3.95009,0.56371,0,0,0,0,0
569,-0.16357,-0.48926,-0.47543,-0.30555,0.17974,0.57571,6.40921,1.47843,-1.0498,0,0,0,0
570,-9.49539E-3,-1.47434,0,0.09968,1.05563,-0.46033,0,0,0,0,0,0,0
571,0.07712,-1.68467,-1.02677,-0.35364,0.41451,-0.0605,6.31071,0.37682,0,0,0,0,0
572,-0.54558,-0.08613,0.69024,0.27723,-1.14896,0.78693,6.71482,3.10841,0,0,0,0,0
573,0.28858,0.57916,-0.82543,0.23619,0.44624,0.40225,6.21623,-0.62562,0,0,0,0,0
574,0.39064,0.03724,0.23423,0.29286,0.66169,0.81302,6.57356,0.99456,0.1431,0,0,0,0
575,0.1635,0.05788,0.11171,0.0552,0.1085,0.10189,6.1817,2.03334,0,0,0,0,0
576,0.27298,-0.03109,-0.18478,-0.12903,0.04387,0.05995,7.05345,1.21461,0,0,0,0,0
577,0.33487,0.33337,-0.14944,-0.03214,0.11642,0.28794,6.80576,1.5522,0,0,0,0,0
578,0.39456,0.44706,-0.0871,0.09431,0.32645,0.41943,1.77874,1.70222,0,0,0,0,0
579,0,0,0,0,0.31334,0.91513,0,0,0,0,0,0,0
580,0.31189,-0.07362,-0.17057,3.48474E-3,0.13012,0.21086,5.92826,1.45904,0,0,0,0,0
581,-0.43403,0.49903,-0.96069,-0.1906,0.25442,0.39105,0,1.81171,0,0,0,0,0
582,0.08979,-0.10807,-0.43859,-0.01303,0.26103,0.27268,6.78173,1.47118,0,0,0,0,0
583,0.13477,0.20473,-0.25087,-0.16131,-0.03161,0.19916,6.60496,1.3888,0,0,0,0,0
584,0,0,-1.387,0,0,0,0,0,0,0,0,0,0
585,0.29156,1.09872,0.71528,1.04033,0.98726,0.41178,0,2.20119,0,0,0,0,0
586,0.18491,0.50312,-0.201,-0.20283,0.62593,0.41735,-0.87992,2.52845,0,0,0,0,0
587,0,-1.01371,1.96703,0.08804,0,-6.97842,0,0,0,0,0,0,0
588,0.38114,0.63107,-0.05311,-0.66513,0.61801,-0.14047,0,0,0,0,0,0,0
589,-1.72509E-3,-0.2865,-0.38528,-0.24838,-0.1068,-0.09168,6.41228,1.63167,0,0,0,0,0
590,-0.09751,-0.5138,-0.80451,-0.42524,-0.16112,-0.17535,6.27246,0.98568,0,0,0,0,0
591,0.5216,0.33893,0.8199,0.71538,-0.30992,-0.19284,0,0,0,0,0,0,0
592,-0.21618,-0.36021,-0.39301,-0.39007,-0.20447,0.1147,0,0,0,0,0,0,0
593,-0.45925,-0.66223,-0.66237,-0.76044,-0.42385,-0.08774,6.69764,1.40288,0,0,0,0,0
594,0,0,0,0,-0.04384,0.36048,0,0,0,0,0,0,0
595,-0.27287,-0.56631,-0.74417,-0.65798,-0.34762,-0.10121,6.11555,1.45444,0,0,0,0,0
596,0,-0.72039,-0.14272,1.24782,0.15177,0.74186,0,0,0,0,0,0,0
597,-0.26005,-0.45643,-0.4496,0.03197,-0.28246,-0.06003,0,2.95655,-2.06728,0,0,0,0
598,-0.76905,0,0,0.52057,0,-0.90939,0,0,0,0,0,0,0
599,-0.94212,-2.32968,-1.59878,-1.59255,0.23062,0.12707,0,0,0,0,0,0,0
600,0.3748,-0.60909,-0.74903,0.53647,-0.26152,-0.35588,0,0,0,0,0,0,0
601,0.17053,-0.2545,-0.55074,-0.23727,-0.1948,0.20354,5.92212,1.34491,0,0,0,0,0
602,-0.3613,-0.56456,-0.50293,-0.46015,0.53608,-0.1366,0.04081,1.96728,0,0,0,0,0
603,0,0,0,0,0,0,0,0,0,0,0,0,0
604,-0.24214,0.98494,-1.33364,-0.40727,-0.14381,-0.06825,0,0,0,0,0,0,0
605,-5.68093,0,-0.80858,-0.65351,0.01562,-0.13689,0,0,0,0,0,0,0
606,0.10307,-0.26483,-0.13051,-0.18374,0.07213,-0.03326,4.70027,1.55476,0,0,0,0,0
607,0.46923,-0.28563,-0.11957,0.19699,0.09547,0.59869,-0.77071,1.2228,0,0,0,0,0
608,0.51007,-0.12631,0.07128,-0.23516,-0.11953,0.50456,0,0,0,0,0,0,0
609,0.08191,-0.14606,-0.751,-0.49332,0.09738,0.22435,6.60023,1.54107,-1.61936,0,0,0,0
610,7.78085E-3,-0.32284,-0.49774,-0.48993,-0.22625,-0.16002,6.47724,1.41827,-0.85126,0,0,0,0
611,0.2205,-0.09689,-0.10435,-0.45631,-0.0463,-0.45684,6.28125,1.38067,0,0,0,0,0
612,0,0,0,0,0.2839,0.14846,0,0,0,0,0,0,0
613,-0.82635,-0.09718,-2.63611,0,-0.10171,-2.69803,0,0,0,0,0,0,0
614,0.14296,-0.01599,-0.07471,-0.15502,-0.02397,0.01496,5.93399,1.66745,0,0,0,0,0
615,0,0,0,0,0,0,0,0,0,0,0,0,0
616,0,0,0,0,0,0,0,0,0,0,0,0,0
617,0.51901,0.16632,-0.36609,0.01105,0.43099,0.34666,0,0.90617,0,0,0,0,0
618,1.64732,-0.59628,0.1661,0.46211,0.22722,-0.73573,0,0,0,0,0,0,0
619,-0.04311,0.04022,-1.92671,1.49554E-3,0.68048,-0.01317,0,0,0,0,0,0,0
620,0,0,0,0,0,0,7.17909,0,0,0,0,0,0
621,0.02648,0.35674,-0.23513,-0.06021,-1.13015,-0.04901,0,0.73289,-0.76179,0,0,0,0
622,0.23633,-0.09279,-0.41431,-0.2924,-0.06614,0.01222,7.43958,1.23764,-2.46642,0,0,0,0
623,0.13373,-0.11244,-0.49562,-0.44276,-0.05761,0.14957,6.95519,1.29295,0,0,0,0,0
624,1.75871E-5,0.24926,-0.1821,-0.35884,-0.07597,0.67448,-0.57571,1.72715,0,0,0,0,0
625,0.23434,0.5757,0.27329,-0.35796,0.47361,0.15508,0,0,0,0,0,0,0
626,0.92014,-0.12212,-0.78212,-3.80994E-3,0.20529,0.34107,0,1.99172,0,0,0,0,0
627,0.88842,-0.04492,-1.5784,0.22765,-0.3571,0.35426,0,0,0,0,0,0,0
628,0.77473,-0.44915,-0.57027,0.35111,0.52835,0.45009,0,2.01983,0,0,0,0,0
629,0,0,0,0,0,0,0,0,0,0,0,0,0
630,0,0,0,0,0,0,0,0,0,0,0,0,0
631,0.08938,0.26825,-0.53164,-0.49649,-0.04678,0.5342,0.38232,1.609,0,0,0,0,0
632,0.01248,-0.16171,-1.43482,-0.08406,0.26167,0.90311,-0.32987,2.10583,0,0,0,0,0
633,0.18178,-0.47459,-0.46501,-0.6435,-0.04171,0.40215,-0.49692,0.60919,0,0,0,0,0
634,0.70387,-0.08115,-0.6036,-0.34931,0.28535,0.84128,0,1.56644,-1.83083,0,0,0,0
635,0.82908,0.43419,-0.2269,-0.06825,0.47357,0.10368,7.30039,1.34256,-0.46972,0,0,0,0
636,0.16881,-0.43068,-0.72118,-0.66408,0.04055,0.27545,7.45671,2.09973,0,0,0,0,0
637,-0.07503,-0.37202,-0.78137,-0.88305,0.23004,0.18159,8.17711,0.91578,-1.28672,0,0,0,0
638,1.01985,0.3735,-0.69063,0.03476,-0.11966,0.30378,0.02295,1.95958,0,0,0,0,0
639,0.5987,0.12411,-0.21026,-0.2642,-0.35991,0.8485,0,2.50928,-1.11726,0,0,0,0
640,0.25816,-0.16522,-0.72269,-0.39475,-0.35888,0.32561,4.30189,1.70686,-2.56577,0,0,0,0
641,0.41257,-0.32395,-0.81808,-0.49385,0.44457,0.56746,7.08882,1.34591,-0.97946,0,0,0,0
642,0,-0.73717,-0.03688,-0.52996,0.36085,0.30344,0,0,0,0,0,0,0
643,0.97085,0.3252,-0.39453,-0.21481,0.76436,0.72838,0,1.05415,0,0,0,0,0
644,-0.74463,0.07973,-0.30551,-0.13489,1.08286,1.24783,0,0.87852,0,0,0,0,0
645,-0.14285,-1.71495,0.65906,0.62389,-2.24119,0.91016,0,0,0,0,0,0,0
646,1.83786,2.1194,1.0352,1.83834,0.8874,1.83039,0,0,0,0,0,0,0
647,1.01087,0.37591,0.55412,0.70455,0.83335,0,-0.54344,0,-0.99826,0,0,0,0
648,0.40276,0.67156,0.40932,0.78345,0.7379,0.91456,7.24439,1.79034,0,0,0,0,0
649,-0.11545,0.75078,0.19018,0.50207,0,-1.44145,0,0,0,0,0,0,0
650,0.42328,0.52564,0.4695,0.09985,0.30351,0.16242,7.43571,1.76337,-0.49891,0,0,0,0
651,-0.53476,0.42382,0.02627,0.60121,0.28659,1.23729,0,1.16267,0,0,0,0,0
652,0.45228,1.27061,0.93867,0.40578,1.3833,0.54419,0,0.87114,0,0,0,0,0
653,0.40394,0.43064,0.35339,0.41228,0.2573,-0.02575,0,0,0,0,0,0,0
654,0.79703,1.15238,0.4662,0.62504,0.81279,1.32534,0,1.74938,0,0,0,0,0
655,0,0,0,0,0,0,0,0,0,0,0,0,0
656,1.07242,1.1795,0.13233,0.70841,0.40909,0.51555,7.02697,2.18135,0,0,0,0,0
657,0.52261,0.05219,0.63715,0.29565,0.15917,0.51936,-0.87992,0,0,0,0,0,0
658,0.47486,0.90114,0.01558,0.35908,0.43444,0.48003,7.47647,1.64438,0,0,0,0,0
659,0.52017,0.41657,-0.07389,0.11808,0.76597,0.84481,0,2.05695,0,0,0,0,0
660,1.19554,0.65145,0.67277,0.09746,-0.08843,0.45688,5.43584,2.03679,0,0,0,0,0
661,0.75055,0.53217,-0.2513,0.93774,0.0906,0.78025,1.75588,1.60507,-0.2184,0,0,0,0
662,0,1.22501,0.43164,0.75315,0,-3.2724,0,0,0,0,0,0,0
663,0.63737,0.69305,1.07382,0.80868,0.95244,1.27119,0,1.51993,0,0,0,0,0
664,1.74427,1.10876,0.79488,1.1337,1.00991,0.9115,0,2.09938,0,0,0,0,0
665,0.8213,1.06598,0.76984,0.12594,0.49792,0.48289,7.93577,0.81015,-0.51714,0,0,0,0
666,1.83594,2.37025,1.67215,0.46403,1.34938,1.46634,0,0,0,0,0,0,0
667,0.63508,1.13817,0.53289,-0.23039,0.58549,0.47213,0,1.66084,-1.0289,0,0,0,0
668,-0.04954,0.42851,-0.07795,-1.01855,0.38669,0.64779,8.53891,-0.08587,-0.81955,0,0,0,0
669,0.91215,1.38916,1.01492,0.11402,1.21118,1.13066,9.12705,1.36513,0.52652,0,0,0,0
670,1.19736,1.50284,1.17623,1.41632,1.08193,1.58084,-0.09146,0,2.03811,0,0,0,0
671,0.64931,0.81981,1.13636,0.82256,0.87022,0.98585,7.33136,1.52753,1.10215,0,0,0,0
672,-2.08366,-0.52829,0,-1.02872,1.7468,0.84302,0,0,0,0,0,0,0
673,1.05854,0.6202,1.03998,0.49113,0.58302,1.01093,0,1.82118,0,0,0,0,0
674,0.66382,1.05158,0.89317,0.40684,0.83158,0.84459,0.91982,0,0.6781,0,0,0,0
675,0,-2.94869,0,0.43567,0.65503,0.48973,0,0,0,0,0,0,0
676,0.53082,0.24945,0.88368,0.83694,0.74582,0.971,-0.03262,2.69568,0,0,0,0,0
677,0.75165,0,0.33418,1.18178,0.21845,0.18019,-0.59223,0,0,0,0,0,0
678,0.73105,-0.1761,0,0,0.66472,0.63826,0,0,0,0,0,0,0
679,0,0,0,-0.45728,0,0,0,0,0,0,0,0,0
680,0.60684,0.59168,0.7633,0.10428,0.89998,0.01434,7.4472,2.59629,0,0,0,0,0
681,0.94173,0.2079,-0.07442,0.27508,0.13382,1.39719,-0.09146,2.0842,0,0,0,0,0
682,1.23504,0.80471,0.92119,0.55541,2.16886,0.3806,0,1.44318,0.09197,0,0,0,0
683,0.1411,0.62705,-0.06609,1.02458,0.45246,0.94149,0,0,0,0,0,0,0
684,0.29261,-0.27421,1.65739,1.6875,0,0.15195,0,0,0,0,0,0,0
685,0.71225,0.4062,0.462,0.56352,0.58819,0.71634,3.78684,1.80726,0,0,0,0,0
686,-0.14175,0.254,-0.51572,-0.98499,-0.62503,0.2069,0,0,0,0,0,0,0
687,0.30537,0.57635,1.36753,0.30568,0.48925,1.61711,0,1.1924,0,0,0,0,0
688,0,0,0,0,0.8896,1.53346,0,0,0,0,0,0,0
689,0.14698,0.66796,1.25978,0.26689,0.42062,1.16531,-1.06224,1.41064,0,0,0,0,0
690,0.27508,0.74105,-0.06349,0.38313,0.11718,0.65625,4.95574,2.79328,0,0,0,0,0
691,0.92851,0.57333,1.07439,0.38664,-0.1466,1.81113,0,0,0,0,0,0,0
692,0.54431,0.09252,0.45113,0.23493,-0.0227,0.06795,0,1.89963,0,0,0,0,0
693,0.30318,0.3706,0.35453,0.23694,0.29058,0.10731,6.12738,1.60488,-0.30062,0,0,0,0
694,0.1731,0.30415,0.2961,0.22005,0.26893,0.43996,2.52103,1.04439,-0.26324,0,0,0,0
695,0.36408,0.6538,0.53001,0.52583,-0.50502,0.5577,-0.46716,2.1981,0,0,0,0,0
696,0.29501,0.87765,-1.60154,1.17325,0.55811,0.87148,0,0,0,0,0,0,0
697,0.22055,0.51666,0.21749,0.52781,0.33531,2.23502,1.29228,3.4411,0,0,0,0,0
698,0.42942,0.20562,0.36633,0.34327,0.49113,0.20739,5.85661,1.83975,0.18904,0,0,0,0
699,0.1045,0.17077,0.34105,0.53839,0.41143,0.71479,0.6552,1.94944,0,0,0,0,0
700,0.44104,-4.63952E-3,0.21259,0.32626,0.19131,0.48034,5.18172,0.23722,0,0,0,0,0
701,-0.62389,0,0,-0.35827,0.80862,0.88292,0,0,0,0,0,0,0
702,0.51422,0.24997,0.66334,0.21108,0.49911,0.45122,0,0.81652,0.33929,0,0,0,0
703,0,0,-1.57642,-0.76721,0,-0.79574,0,0,0,0,0,0,0
704,0.23258,0.10439,-0.11969,0.42181,1.03814,0.44999,2.72448,2.09244,0,0,0,0,0
705,-2.90188E-3,0,0.45106,-1.43079,-0.46654,0.87387,0,-0.60919,6.04984E-3,0,0,0,0
706,0.39484,0.8896,0.36821,0.58301,0.37931,-0.21275,-3.11796,1.95449,0,0,0,0,0
707,0.05792,0.59633,0.50182,0.59685,0.29746,1.17984,-2.07598,2.24041,0,0,0,0,0
708,0.11847,1.30385,1.03087,0.67693,0.74965,0.44314,0,0,0,0,0,0,0
709,0.39385,0.75528,0.55161,0.49951,0.94347,0.87776,0.26218,1.19776,0,0,0,0,0
710,0.58811,0.47956,0.6515,0.57178,-0.28924,0.43885,0,2.0861,0,0,0,0,0
711,0.32173,0.02854,0.68859,0.18615,0.64924,1.05143,-3.02884,1.9255,0.02984,0,0,0,0
712,0.76134,0.33389,-0.24773,0.46466,0.54333,0.50773,0,0,0,0,0,0,0
713,1.17315,0.76307,0.63226,0.29992,0,0.28613,0,0,0,0,0,0,0
714,0.62212,1.1821,1.99041,0.53736,-0.67596,1.34464,-0.40991,1.76638,-0.4999,0,0,0,0
715,0.18936,0.05497,-0.24064,0.52584,0.20101,0.77439,0,4.25826,0,0,0,0,0
716,0.03431,0.25178,0.22533,0.25425,0.15334,0.42609,4.85459,1.99498,0.12441,0,0,0,0
717,3.03541E-3,0.5577,0.38632,0.2474,0.74201,0.61008,5.26069,2.35945,0,0,0,0,0
718,0.61169,0.48595,0.13956,0.85282,0.99305,0.32204,-2.55835,2.67016,0.68834,0,0,0,0
719,0.04957,0.56992,0.21679,0.68093,0.699,0.87965,0,2.38331,0,0,0,0,0
720,0.0648,0.15238,0.38067,0.25979,0.33058,0.73379,-1.43236,1.73704,0.76474,0,0,0,0
721,0.52808,0.63806,0.78755,0.80388,0.32379,0.20302,2.0705,2.01654,0,0,0,0,0
722,0.29007,0.47736,0.79288,0.55915,0.67581,1.10039,0.89634,0,0.03289,0,0,0,0
723,0.4148,0.3507,0.80739,0.59641,0.86708,0.99926,5.04238,2.19072,0,0,0,0,0
724,0.4247,0.33277,0.92539,0.49226,0.59475,0.67596,0.01869,1.85128,0.07662,0,0,0,0
725,0.27586,0.22904,0.55125,0.50599,0.33936,0.20927,-0.24502,2.1389,-0.19228,0,0,0,0
726,-0.12615,1.39592,1.19499,0.15499,0.67773,0.67344,0,0.53608,0,0,0,0,0
727,0.61805,0.17617,0.62827,0.46954,0.34311,-0.27291,0.47248,2.465,0,0,0,0,0
728,0.52783,0.41538,0.40506,0.71189,0.63592,0.50775,-0.48029,2.29161,0.28807,0,0,0,0
729,0.42143,0.52558,0.82898,0.43933,0.50004,1.144,0,2.50644,0,0,0,0,0
730,0.3649,0.94728,0.66594,-1.01851,0.8257,0.11776,0,1.9487,-0.01287,0,0,0,0
731,0.19144,0.39512,0.55048,0.7172,0.57307,0.85654,0.95533,2.25997,0.19991,0,0,0,0
732,0.55967,0.56797,0.11367,0.43836,0.37224,0.20772,0.26218,1.15467,0,0,0,0,0
733,0.35253,0.67788,0.45733,0.4478,0.51561,0.65864,0.84221,1.86645,0,0,0,0,0
734,0.14193,0.19306,0.42653,0.26317,0.31023,0.5586,4.23005,1.7093,0.0431,0,0,0,0
735,0.63521,0.19212,0.76181,0.52056,0.80311,0.98341,0,-1.96909,-0.36208,0,0,0,0
736,0.35063,2.15307,1.15611,0.59616,0.48328,0.40242,0,0,0,0,0,0,0
737,1.2134,-0.90039,0.32562,-0.22469,-3.60797,0,0,-2.72713,0,0,0,0,0
738,0.16764,0.58275,0.82394,0.43443,0.45787,0.42757,0,0,0,0,0,0,0
739,0.47333,0.96465,0.58787,0.51375,0.82198,1.06345,-0.44694,0.54081,0,0,0,0,0
740,0.16874,0.34509,0.69438,0.5814,0.46904,0.73974,3.55747,2.00931,0,0,0,0,0
741,0.24572,0.44756,-0.82372,0.91559,0.76943,0.32168,0,0,0.62332,0,0,0,0
742,0.67774,0.81092,0.66176,0.85158,0.82458,0.91852,-1.63466,2.36254,0,0,0,0,0
743,0.43418,0.48159,0.608,0.53282,0.91586,0.85381,7.67215,2.05845,0.36105,0,0,0,0
744,0.69998,0.61646,0.85436,0.82351,0.3975,1.12394,-0.12223,2.33796,0.03514,0,0,0,0
745,-1.08734,0,0,-1.5353,-0.1131,0.90962,0,0,0,0,0,0,0
746,0.10501,0.46986,0.8367,0.54754,0,0,0,2.10745,0,0,0,0,0
747,1.39502,1.4349,0.87506,1.02776,0.32842,0.78618,0,0,0,0,0,0,0
748,-0.26825,0.17246,0.5704,0.34175,0.53922,0.13481,-2.32007,1.79744,0,0,0,0,0
749,0.61478,0.57383,0.67596,0.66261,0.64337,0.64373,-0.03262,1.41704,0,0,0,0,0
750,0.3167,0.54181,0.31624,0.41989,0.64415,0.32916,0,1.71472,0.22993,0,0,0,0
751,0.46571,0.08731,0.69655,1.4103,0.45701,0.71195,0,1.24388,0.68894,0,0,0,0
752,0.87054,-0.2756,1.37139,1.4969,0.42559,-0.35387,0,2.18378,0,0,0,0,0
753,0.31739,0.43982,1.13757,0.74786,0.8852,0.58605,0,0,0,0,0,0,0
754,-0.08799,0.17342,0.44306,0.50508,0.41353,0.52809,0.08105,1.68329,0.54867,0,0,0,0
755,-0.11585,0.48295,0.56625,0.46802,0.2535,1.10956,-2.7508,1.84934,0,0,0,0,0
756,0.55388,0.86449,0.71098,0.31508,0.44639,0.65978,6.56604,0.3246,1.38307,0,0,0,0
757,0.18973,0.61456,0.85276,-0.03031,-0.45428,0.49457,-3.50256,0.95218,0.50278,0,0,0,0
758,0.71282,0.84035,1.04705,0.06321,0.58043,0.95516,-5.04443,2.12512,0.24945,0,0,0,0
759,0.36947,0.6527,1.00015,1.04152,0.62556,1.25799,-2.13412,2.52975,0,0,0,0,0
760,0.86998,0.683,1.14472,1.16326,0.65128,1.18149,-1.30666,2.49854,0,0,0,0,0
761,0.69835,0.49758,0.94853,0.7222,0.75034,0.76268,0.87547,1.84832,1.39355,0,0,0,0
762,-0.07926,0.03086,0.03899,0.02164,-0.43852,-0.42083,6.77456,1.96509,0,0,0,0,0
763,0,0,0,0,0.14931,0.10948,0,0,0,0,0,0,0
764,0,0,0,0,0,0,0,0,0,0,0,0,0
