TAZ,POP,GQ,HR,RC,HU,HH1,HH2,HH3,HH4,HH5,MILI,GOVT,HOTEL,AG,TCU,INDUS,FIRE,SERV,RETAIL,CSTR,TOTALEMP,TOTALHH,TERMTYPE,TERMTIME,WORK_DAILY,NONWRK_HRLY,PERCWLK,PRV_UNIV_ENROLL,PUB_UNIV_ENROLL,PRV_K12_ENROLL,PUB_K12_ENROLL,SCHOOLS,GQWRK,NONVISRET,VISPRCAUTO,VISPRCTOUR,MILI_BASE,GQTYPE,TD
1,0,0,0,0,0,0,0,0,0,0,0,0,0,0,0,0,0,0,0,0,0,0,3,0.5,0,0,100,0,0,0,0,0,0,0,0,0,0,0,18
2,1871,8,0,0,627,66,198,131,134,86,0,0,0,0,5,11,9,49,24,1,99,615,3,0.5,0,0,100,0,0,0,0,0,6,24,0,0,0,4,18
3,697,0,0,0,272,31,114,58,41,17,0,0,0,0,2,4,2,213,1,0,222,261,3,0.5,0,0,100,0,0,0,0,0,0,1,0,0,0,0,18
4,1226,0,0,0,406,32,142,82,90,53,0,0,0,0,4,3,6,30,17,38,98,399,3,0.5,0,0,100,0,0,0,0,0,0,17,0,0,0,0,18
5,876,7,0,0,278,20,75,63,63,45,0,3,0,0,0,7,6,53,0,26,95,266,3,0.5,0,0,100,0,0,0,0,0,5,0,0,0,0,3,18
6,1846,3,0,0,601,42,196,145,136,73,0,7,0,0,1,10,14,88,3,0,123,592,3,0.5,0,0,100,0,0,0,370,1,2,3,0,0,0,4,18
7,2352,0,0,0,755,86,240,135,129,138,0,8,0,0,2,8,16,58,0,34,126,728,3,0.5,0,0,100,0,0,0,0,0,0,0,0,0,0,0,18
8,455,6,0,0,177,30,56,38,33,11,0,0,0,0,0,2,3,10,0,24,39,168,3,0.5,0,0,100,0,0,0,0,0,4,0,0,0,0,3,18
9,970,31,0,0,310,32,108,70,46,49,0,1,0,4,0,28,7,74,19,0,133,305,3,0.5,0,0,100,0,0,0,2969,0,21,19,0,0,0,4,18
10,948,0,0,0,321,38,117,58,63,42,0,1,0,6,1,1,7,14,3,0,33,318,3,0.5,0,0,100,0,0,0,0,1,0,3,0,0,0,0,18
11,2352,0,0,0,1054,220,394,175,137,51,0,0,0,0,34,5,188,536,0,157,920,977,3,0.5,0,0,100,0,0,0,0,0,0,0,0,0,0,0,18
12,194,0,0,0,70,8,29,20,5,8,0,8,0,20,0,2,3,3,232,0,268,70,3,0.5,0,0,100,0,0,0,0,0,0,232,0,0,0,0,18
13,1091,0,0,0,350,43,112,66,65,61,0,5,0,0,19,1,3,49,0,0,77,347,3,0.5,0,0,100,0,0,0,0,0,0,0,0,0,0,0,18
14,873,0,0,0,383,46,154,48,41,35,0,1,0,0,15,5,29,36,1,1,88,324,3,0.5,0,0,100,0,0,0,0,0,0,1,0,0,0,0,18
15,726,0,0,0,242,27,77,32,48,47,0,0,0,0,4,12,6,31,0,0,53,231,3,0.5,0,0,100,0,0,0,308,1,0,0,0,0,0,0,18
16,1192,0,0,0,407,45,131,86,92,47,0,0,0,0,0,0,2,52,0,9,63,401,3,0.5,0,0,100,0,0,0,0,0,0,0,0,0,0,0,18
17,333,0,0,0,107,7,33,28,25,14,0,0,0,0,1,0,0,4,0,0,5,107,3,0.5,0,0,100,0,0,0,0,0,0,0,0,0,0,0,18
18,858,0,0,0,297,26,111,62,51,40,0,0,0,0,0,1,6,18,0,1,26,290,3,0.5,0,0,100,0,0,0,0,0,0,0,0,0,0,0,18
19,435,0,0,0,170,15,71,38,20,14,0,0,0,0,0,15,17,21,0,0,53,158,3,0.5,0,0,100,0,0,0,0,0,0,0,0,0,0,0,18
20,4966,0,0,0,2169,453,771,389,261,138,0,12,0,0,23,30,15,382,0,100,562,2012,3,0.5,0,0,100,0,0,0,0,0,0,0,0,0,0,0,18
21,1114,0,0,0,510,91,213,74,63,23,0,46,0,0,4,32,40,345,125,0,592,464,3,0.5,0,0,100,0,0,0,0,0,0,125,0,0,0,0,18
22,0,0,0,0,0,0,0,0,0,0,0,195,0,0,17,25,156,584,244,0,1221,0,3,0.5,0,0,100,0,0,0,0,0,0,244,0,0,0,0,18
23,1403,0,0,0,536,71,217,106,71,52,0,0,0,0,2,2,7,75,0,0,86,517,3,0.5,0,0,100,0,0,0,0,0,0,0,0,0,0,0,18
24,1081,0,0,0,343,36,106,67,61,68,0,33,0,8,14,4,11,224,17,0,311,338,3,0.5,0,0,100,0,0,0,469,2,0,17,0,0,0,0,18
25,1657,1,0,0,897,286,246,100,79,45,0,0,0,0,0,13,7,256,0,87,363,756,3,0.5,0,0,100,0,0,0,0,0,1,0,0,0,0,3,18
26,747,0,0,0,310,63,111,60,40,23,0,0,0,0,3,2,1,15,0,0,21,297,3,0.5,0,0,100,0,0,0,0,0,0,0,0,0,0,0,18
27,1011,45,0,0,322,52,79,59,53,62,0,1,0,0,2,3,14,149,0,0,169,305,3,0.5,0,0,100,0,0,0,0,0,31,0,0,0,0,4,18
28,456,5,0,0,196,39,59,34,27,14,0,5,0,0,0,0,37,59,0,0,101,173,3,0.5,0,0,100,0,0,167,0,1,3,0,0,0,0,3,18
29,2322,4,0,0,798,121,239,155,143,115,0,3,0,0,5,15,10,121,0,3,157,773,3,0.5,0,0,100,0,0,0,0,0,3,0,0,0,0,3,18
30,698,0,0,0,231,27,72,46,48,34,0,0,0,0,1,2,4,16,0,0,23,227,3,0.5,0,0,100,0,0,0,0,1,0,0,0,0,0,0,18
31,1240,13,0,0,420,63,113,85,68,69,0,10,0,0,1,12,18,235,54,0,330,398,3,0.5,0,0,100,0,0,212,0,1,9,54,0,0,0,3,18
32,1880,0,0,0,699,71,255,140,114,72,0,1,0,0,4,11,18,152,0,16,202,652,3,0.5,0,0,100,0,0,0,0,0,0,0,0,0,0,0,18
33,148,15,0,0,59,10,12,9,7,8,0,7,0,0,0,1,2,6,0,0,16,46,3,0.5,0,0,100,0,0,0,0,0,10,0,0,0,0,3,18
34,570,0,0,0,190,28,59,32,35,30,0,0,0,0,2,61,3,61,0,0,127,184,3,0.5,0,0,100,0,0,0,0,0,0,0,0,0,0,0,18
35,1179,0,0,0,415,74,128,59,78,60,0,1,0,0,3,4,11,62,0,0,81,399,3,0.5,0,0,100,0,0,0,0,1,0,0,0,0,0,0,18
36,1245,0,0,0,449,77,135,93,70,57,0,0,0,0,2,4,4,62,0,2,74,432,3,0.5,0,0,100,0,0,0,0,0,0,0,0,0,0,0,18
37,835,14,0,0,291,59,83,49,46,46,0,71,0,0,0,2,30,294,77,0,474,283,3,0.5,0,0,100,0,0,170,640,3,10,77,0,0,0,3,18
38,455,0,0,0,174,28,51,37,30,17,0,19,0,0,0,0,15,15,0,0,49,163,3,0.5,0,0,100,129,0,0,0,1,0,0,0.73,0.14,0,0,18
39,300,4,370,1,268,38,61,14,12,8,0,0,155,0,28,5,6,680,17,5,896,133,3,0.5,0,2.22,100,0,0,0,0,0,3,17,0.73,0.14,0,3,18
40,420,0,0,0,152,21,54,19,24,24,0,0,0,0,0,0,1,15,0,0,16,142,3,0.5,0,2.22,100,0,0,0,0,0,0,0,0.73,0.14,0,0,18
41,231,0,0,0,86,14,31,17,8,12,0,0,0,0,0,0,1,6,0,0,7,82,3,0.5,0,0,100,0,0,0,0,1,0,0,0,0,0,0,18
42,2935,0,0,0,1058,109,375,213,209,108,0,0,0,0,17,21,22,171,0,45,276,1014,3,0.5,0,0,100,0,0,0,0,0,0,0,0,0,0,0,18
43,833,0,0,0,317,45,125,68,42,28,0,0,0,0,0,3,17,54,0,0,74,308,3,0.5,0,0,100,0,0,0,0,0,0,0,0,0,0,0,18
44,482,79,0,0,163,23,88,16,15,17,0,7,0,0,2,35,2,99,0,10,155,159,3,0.5,0,0,100,0,0,587,0,1,55,0,0,0,0,3,18
45,2411,0,0,0,894,120,340,191,128,91,0,0,0,0,2,24,22,77,11,0,136,870,3,0.5,0,0,100,0,0,0,0,0,0,11,0,0,0,0,18
46,1048,0,0,0,426,95,146,77,53,36,0,0,0,0,1,3,20,15,0,16,55,407,3,0.5,0,0,100,0,0,0,535,2,0,0,0,0,0,0,5
47,1688,0,0,0,907,379,301,102,72,22,0,89,0,0,2,1,44,689,55,25,905,876,3,0.5,0,0,100,0,0,0,0,0,0,55,0,0,0,0,5
48,1099,0,0,0,437,106,126,80,56,46,0,0,0,0,2,2,57,65,0,14,140,414,3,0.5,0,0.61,100,0,0,0,0,0,0,0,0,0,0,0,5
49,1759,0,0,0,673,142,191,139,98,74,0,0,0,0,24,41,152,256,87,21,581,644,3,0.5,0,0.830073,100,0,0,155,0,1,0,87,0,0,0,0,5
50,567,5,0,0,211,45,66,37,25,28,0,67,0,0,0,2,3,106,11,24,213,201,3,0.5,0,0.957361,100,0,0,276,126,2,3,11,0,0,0,3,5
51,202,0,0,0,100,24,23,11,13,9,0,26,0,9,33,128,135,992,267,18,1608,80,3,0.5,3,1.046993,100,0,0,255,0,1,0,267,0,0,0,0,5
52,662,7,0,0,283,84,82,49,26,26,0,17,0,4,13,3,97,367,202,23,726,267,3,0.5,3.931047,1.085503,100,0,0,556,0,1,5,202,0,0,0,3,5
53,985,17,0,0,382,95,105,53,59,42,0,23,0,4,6,16,76,1524,186,23,1858,354,3,0.5,8.214355,1.078878,100,0,0,1033,0,1,12,186,0,0,0,3,5
54,489,38,0,0,199,50,57,35,19,17,0,16,0,0,1,1,34,235,68,25,380,178,3,0.5,8.147052,1.087298,100,939,0,0,0,2,26,68,0,0,0,1,5
55,662,0,0,0,301,96,91,39,28,24,0,12,0,0,22,17,59,164,82,24,380,278,3,0.5,4.203941,1.093249,100,0,0,0,250,1,0,82,0,0,0,0,5
56,1879,0,0,0,680,139,196,135,81,96,0,12,0,0,0,3,7,51,7,25,105,647,3,0.5,3,1.003876,100,0,0,0,0,0,0,7,0,0,0,0,5
57,1031,5,0,0,347,66,95,67,46,62,0,0,0,0,2,4,8,28,3,9,54,336,3,0.5,0,0,100,0,0,0,0,0,3,3,0,0,0,3,5
58,2021,16,0,0,725,159,183,146,86,118,0,0,0,0,2,9,13,59,20,16,119,692,3,0.5,0,0,100,0,0,0,0,0,11,20,0,0,0,1,5
59,3979,105,0,0,1530,316,500,257,210,165,0,0,0,8,10,20,76,353,17,33,517,1448,3,0.5,0,0,100,0,0,0,0,0,73,17,0,0,0,3,5
60,2527,96,0,0,882,172,248,188,107,125,0,0,0,0,0,5,21,83,12,35,156,840,3,0.5,0,0,100,0,0,0,0,0,66,12,0,0,0,3,5
61,569,0,0,0,207,36,51,58,36,19,0,0,0,0,1,2,6,15,0,13,37,200,3,0.5,0,0,100,0,0,0,0,0,0,0,0,0,0,0,5
62,1921,0,0,0,561,86,126,100,86,141,0,26,0,8,0,2,4,21,2,20,83,539,3,0.5,0,0,100,0,0,0,373,3,0,2,0,0,0,3,5
63,1922,4,0,0,594,95,163,104,77,129,0,78,0,4,1,6,4,34,19,26,172,568,3,0.5,0,0,100,0,0,0,240,1,3,19,0,0,0,3,5
64,3678,0,0,0,1471,319,492,286,179,139,0,0,0,0,7,5,33,157,15,20,237,1415,3,0.5,2.392857,0,100,0,0,0,0,0,0,15,0,0,0,0,5
65,3911,2639,0,0,593,177,187,85,42,50,0,35,0,0,0,10,15,75,42,26,203,541,3,0.5,2.497523,1.354089,100,0,0,0,357,1,1823,42,0,0,0,1,25
66,1182,810,0,0,141,37,37,20,20,21,0,432,0,0,1,1,8,1182,106,37,1767,135,3,0.5,2.679537,1.12,100,0,23246,1684,0,3,560,106,0,0,0,1,25
67,2415,83,0,0,898,210,254,162,150,94,0,108,0,0,48,36,145,537,298,32,1204,870,3,0.5,2.392857,0,100,0,0,0,460,1,57,298,0,0,0,1,24
68,3687,0,0,0,1386,258,442,279,194,162,0,0,0,0,1,8,27,200,2,20,258,1335,3,0.5,0,0,100,0,0,0,0,0,0,2,0,0,0,0,24
69,3335,25,0,0,1192,198,396,217,187,159,0,26,0,21,4,11,36,84,38,18,238,1157,3,0.5,0,0,100,0,0,0,584,1,17,38,0,0,0,1,24
70,1049,0,0,0,396,78,113,75,64,46,0,65,0,0,1,0,36,522,46,23,693,376,3,0.5,2.392857,0,100,0,0,0,0,0,0,46,0.52,0.34,0,1,24
71,1013,22,2,0,376,69,119,74,62,38,0,28,1,0,0,3,25,466,1,21,545,362,3,0.5,0,0,100,0,0,0,0,0,15,1,0.52,0.34,0,3,24
72,1178,0,0,0,458,87,154,87,65,49,0,0,0,0,1,7,24,94,0,10,136,442,3,0.5,0,0,100,0,0,0,0,0,0,0,0.52,0.34,0,0,24
73,1081,36,0,0,412,103,117,70,49,53,0,16,0,0,1,10,19,196,0,18,260,392,3,0.5,2.679537,1.12,100,0,0,0,0,0,25,0,0.52,0.34,0,1,24
74,1090,157,47,1,390,110,118,70,46,31,0,7,20,0,8,13,6,121,37,21,233,375,3,0.5,8,1.369344,100,0,0,0,0,0,108,37,0.52,0.34,0,1,24
75,611,22,0,0,243,60,82,31,35,23,0,23,0,0,9,0,4,1656,29,30,1751,231,3,0.5,4.769919,1.691505,100,0,0,4342,0,1,15,29,0.52,0.34,0,1,24
76,2688,0,0,0,1317,467,428,181,104,69,0,7,0,0,1,8,9,298,1,24,348,1249,3,0.5,4.429998,1.66722,100,0,0,884,0,1,0,1,0.52,0.34,0,0,24
77,233,0,0,0,86,20,21,16,11,14,0,0,0,0,1,0,0,14,0,8,23,82,3,0.5,5.631464,1.433016,100,0,0,0,0,0,0,0,0.52,0.34,0,0,3
78,306,0,0,0,110,27,24,14,23,16,0,12,0,0,48,0,1,6,1,26,94,104,3,0.5,5.817235,1.323243,100,0,0,0,430,0,0,1,0.52,0.34,0,0,25
79,129,11,0,0,46,11,13,5,4,9,0,7,0,0,1,0,5,66,17,21,117,42,3,0.5,4.257465,1.190001,100,0,0,420,0,2,8,17,0.52,0.34,0,1,25
80,947,7,0,0,346,74,102,66,47,46,0,0,0,0,0,3,22,208,19,15,267,335,3,0.5,7.785802,1.049639,100,0,0,0,0,0,5,19,0,0,0,3,5
81,801,5,0,0,274,56,81,51,37,43,0,0,0,0,1,7,0,38,0,11,57,268,3,0.5,4.425717,1.087165,100,0,0,0,0,0,3,0,0,0,0,3,5
82,610,8,0,0,211,53,57,30,30,37,0,0,0,0,0,4,1,34,0,12,51,207,3,0.5,3,1.069786,100,0,0,0,0,0,6,0,0,0,0,3,5
83,1359,3,0,0,513,97,168,96,65,59,0,0,0,0,9,69,56,131,116,17,398,485,3,0.5,11.25,1,100,0,0,0,0,0,2,116,0,0,0,1,5
84,2168,0,0,0,811,201,212,157,97,115,0,0,0,0,8,11,15,208,31,16,289,782,3,0.5,0,0.5,100,0,0,0,0,0,0,31,0,0,0,3,5
85,494,0,0,0,186,41,48,39,23,26,0,0,0,0,1,3,3,7,0,8,22,177,3,0.5,0,0.5,100,0,0,0,0,0,0,0,0,0,0,0,5
86,1203,0,0,0,421,78,122,86,66,62,0,0,0,0,3,6,7,108,0,17,141,414,3,0.5,3,1.083828,100,0,0,0,368,1,0,0,0,0,0,0,5
87,418,0,0,0,143,22,40,32,22,21,0,0,0,0,0,2,3,2,0,9,16,137,3,0.5,0,1.237688,100,0,0,0,0,0,0,0,0,0,0,0,5
88,435,0,0,0,166,33,55,31,26,17,0,37,0,0,0,8,1,24,4,20,94,162,3,0.5,0,1.689482,100,0,0,0,0,0,0,4,0,0,0,0,5
89,468,174,0,0,104,20,38,13,13,16,0,478,0,0,0,0,16,148,22,26,690,100,3,0.5,0,1.877634,100,0,0,0,0,0,120,22,0,0,0,4,5
90,1190,0,0,0,449,96,140,74,57,61,0,48,0,0,0,3,20,115,0,18,204,428,3,0.5,0,1.134669,100,0,0,0,0,0,0,0,0,0,0,0,5
91,160,0,0,0,61,20,15,9,9,8,0,74,0,0,0,0,15,13,0,18,120,61,3,0.5,0,0.947292,100,0,0,0,0,0,0,0,0,0,0,0,5
92,437,0,0,0,153,27,49,22,26,22,0,0,0,0,2,2,3,73,0,8,88,146,3,0.5,0,0.912111,100,0,0,0,392,0,0,0,0,0,0,0,5
93,949,0,0,0,343,69,102,68,40,51,0,12,0,0,0,14,10,26,0,13,75,330,3,0.5,0,1.354383,100,0,0,0,530,0,0,0,0,0,0,0,5
94,721,0,0,0,269,38,87,53,38,33,0,46,0,0,2,1,10,57,0,25,141,249,3,0.5,0,0,100,0,0,0,892,2,0,0,0,0,0,0,5
95,1636,47,0,0,559,96,152,112,88,83,0,10,0,1,1,5,8,39,1,14,79,531,3,0.5,0,1.539275,100,0,0,0,0,1,32,1,0,0,0,3,5
96,609,0,0,0,231,56,67,36,32,31,0,24,0,2,0,10,23,43,40,20,162,222,3,0.5,0,0,100,0,0,0,0,1,0,40,0,0,0,0,5
97,213,0,0,0,124,40,27,13,14,4,0,0,0,2,52,13,491,1143,976,14,2691,98,3,0.5,0,0,100,0,0,0,0,0,0,976,0,0,0,0,5
98,347,0,0,0,125,12,53,19,22,15,0,0,0,0,1,2,2,18,0,8,31,121,3,0.5,0,0,100,0,0,0,0,0,0,0,0,0,0,0,5
99,638,15,0,0,245,39,77,33,37,32,0,0,0,1,1,7,7,138,5,18,177,218,3,0.5,0,0,100,0,0,0,442,1,10,5,0,0,0,3,5
100,972,0,0,0,396,54,113,75,70,34,0,0,0,0,11,1,27,43,0,11,93,346,3,0.5,0,0,100,0,0,0,0,0,0,0,0,0,0,0,5
101,909,0,0,0,381,48,113,67,50,40,0,0,0,0,7,7,37,64,5,20,140,318,3,0.5,0,0,100,0,0,0,0,0,0,5,0,0,0,0,5
102,1226,0,0,0,562,104,191,77,65,47,0,526,0,0,5,3,78,488,19,31,1150,484,3,0.5,0,0,100,0,0,67,0,3,0,19,0.52,0.34,0,0,5
103,0,0,0,0,0,0,0,0,0,0,0,119,0,0,0,1,0,0,17,28,165,0,3,0.5,0,1.993389,100,0,8534,0,0,0,0,17,0.52,0.34,0,0,5
104,0,0,0,0,1,0,0,0,0,0,761,48,0,0,0,0,19,1,1,212,1042,0,3,0.5,0,1.5,100,0,0,0,0,0,0,1,0.52,0.34,1,0,5
105,970,0,43,71,923,260,232,42,19,8,0,135,48,0,1,3,38,194,2,23,444,561,3,0.5,0,0,100,0,0,0,0,0,0,0,0.86,0.21,0,0,4
106,54,54,101,23,1,0,0,0,0,0,0,26,52,4,4,0,16,281,89,14,486,0,3,0.5,0,1.201925,100,0,0,0,0,0,37,0,0.86,0.21,0,3,4
107,1398,65,0,0,767,290,285,68,35,23,0,85,0,4,2,8,10,252,113,23,497,701,3,0.5,0,1,100,0,0,270,428,3,45,113,0.86,0.21,0,3,5
108,1774,8,0,0,618,116,178,118,90,94,0,0,0,0,14,4,24,67,41,16,166,596,3,0.5,0,0.5,100,0,0,0,0,0,6,41,0,0,0,3,5
109,2009,20,0,0,801,196,237,133,88,89,0,0,0,0,27,2,71,401,127,23,651,743,3,0.5,0,0.839267,100,0,0,14,69,2,14,127,0,0,0,3,5
110,15,0,0,0,8,2,5,1,0,0,0,21,0,1,0,0,0,71,11,16,120,8,3,0.5,0,1.190516,100,0,0,0,0,0,0,0,0,0,0,0,4
111,396,0,0,0,224,74,84,27,12,5,0,0,0,0,0,0,0,2,18,19,39,202,3,0.5,0,1.487982,100,0,0,0,388,1,0,0,0.61,0.35,0,0,4
112,510,0,764,85,335,97,121,27,7,11,0,0,354,0,1,0,1,195,0,0,551,263,3,0.5,0,1.679918,100,0,0,0,0,0,0,0,0.56,0.38,0,0,4
113,151,0,2174,169,155,81,20,7,1,1,0,7,975,0,1,0,0,1079,69,0,2131,110,2,3,2.875454,1.647247,100,0,0,0,0,0,0,0,0.44,0.42,0,0,4
114,1453,31,0,896,1024,410,289,74,28,18,0,21,373,0,4,14,64,437,1,5,919,819,3,0.5,2.5,1.739366,100,0,0,0,0,0,21,0,0.35,0.32,0,3,4
115,2407,0,620,17,1585,721,486,113,54,29,0,0,265,0,4,7,29,238,0,0,543,1403,2,3,3.034096,1.84656,100,0,0,0,0,0,0,0,0.62,0.24,0,0,4
116,953,0,82,118,710,243,197,47,18,17,0,12,84,0,5,11,4,43,123,16,298,522,2,3,3.03389,1.913291,100,0,0,0,0,0,0,0,0.55,0.09,0,0,4
117,750,35,1309,247,658,268,132,33,14,5,0,28,648,0,4,3,150,826,161,0,1820,452,2,3,3.022651,1.889823,100,0,0,0,0,0,24,0,0.42,0.51,0,3,4
118,306,155,1339,320,210,68,27,5,2,1,0,23,691,0,10,8,3,886,1276,0,2897,103,2,3,3.023707,1.79457,100,0,0,0,0,0,107,0,0.41,0.37,0,1,4
119,0,0,2701,0,0,0,0,0,0,0,0,21,1124,1,12,32,6,1741,682,0,3619,0,2,3,3.078285,1.393558,100,0,0,0,0,0,0,0,0.47,0.5,0,0,4
120,1398,0,722,532,1021,415,281,74,33,10,0,0,522,0,34,5,16,552,34,0,1163,813,2,3,3.080495,1.618408,100,0,0,0,0,0,0,0,0.38,0.38,0,0,4
121,2225,427,308,934,1584,508,412,90,32,12,0,7,517,0,32,19,117,707,51,0,1450,1054,2,3,3.531513,1.481642,100,0,0,0,0,0,295,0,0.51,0.39,0,1,4
122,192,0,0,107,232,95,44,3,0,0,0,101,45,12,17,114,444,1827,1697,190,4447,142,2,3,3.470552,1.352833,100,0,0,0,0,0,0,0,0.63,0.5,0,0,4
123,60,0,667,105,72,12,10,4,4,0,0,69,322,8,26,18,39,561,478,5,1526,30,2,3,3.57126,1.448306,100,0,0,0,0,0,0,0,0.36,0.43,0,0,4
124,1786,0,116,79,1279,440,361,100,43,25,0,0,82,0,0,1,2,153,0,5,243,969,2,3,3.780431,1.576005,100,0,0,0,0,0,0,0,0.88,0,0,0,4
125,13,0,0,118,7,4,1,1,1,0,0,0,50,2,1,4,0,171,489,145,862,7,2,3,3.727468,1.55095,100,0,0,0,0,0,0,0,0.8,0.2,0,0,4
126,565,0,398,608,474,130,115,28,18,9,0,0,419,0,0,1,5,83,0,8,516,300,2,3,3.917458,1.499249,100,0,0,0,0,0,0,0,0.63,0.29,0,0,4
127,1240,13,0,281,742,319,231,65,37,18,0,0,117,1,2,0,9,188,33,13,363,670,2,3,4.170937,2.258682,100,0,0,0,0,0,9,0,1,0,0,3,4
128,877,0,0,241,718,342,136,49,19,7,0,0,101,0,0,4,32,131,39,8,315,553,2,3,3.051085,2.731186,100,0,0,0,0,0,0,0,0.69,0.31,0,0,4
129,272,0,0,0,196,52,63,16,6,4,0,0,0,1,0,7,47,133,92,16,296,141,2,3,2.411587,2.445794,100,0,0,0,0,0,0,0,0.69,0.31,0,0,4
130,2770,0,313,129,1988,801,601,148,52,21,0,137,184,0,63,27,71,772,347,15,1616,1623,2,3,2.045236,3.109673,100,0,0,0,0,0,0,0,0.62,0.31,0,0,4
131,3912,0,472,843,3092,1103,927,176,67,30,0,0,548,0,28,18,291,773,12,0,1670,2303,2,3,1.845091,4.397668,100,0,0,0,0,0,0,0,0.54,0.37,0,0,4
132,455,0,1072,567,1048,183,99,17,3,2,0,12,682,1,10,2,8,777,44,0,1536,304,2,3,1.713767,5.983199,100,0,0,0,0,0,0,0,0.43,0.38,0,3,4
133,152,46,2545,264,711,43,25,3,1,0,0,65,1169,10,16,0,145,2452,2414,143,6414,72,2,3,2.58132,5.791008,100,0,0,0,0,0,32,0,0.43,0.38,0,3,4
134,27,17,1059,0,6,0,2,2,0,0,0,7,441,0,0,3,60,28,78,0,617,4,2,3,4.18163,2.266939,100,0,0,0,0,0,12,0,0.43,0.38,0,3,4
135,148,0,1564,414,634,69,33,3,1,0,0,94,823,16,17,10,185,1387,268,0,2800,106,2,3,3.594862,1.392485,100,0,0,0,0,0,0,0,0.43,0.38,0,0,4
136,55,0,5673,368,116,22,12,3,0,0,0,26,2514,2,44,50,49,5010,1016,0,8711,37,2,3,3.192425,1.141974,100,0,0,0,0,0,0,0,0.43,0.38,0,0,4
137,0,0,0,0,0,0,0,0,0,0,0,24,0,2,3,3,44,120,893,25,1114,0,2,3,3.486418,1.338125,100,0,0,0,0,0,0,0,0.43,0.38,0,0,4
138,9,9,0,0,0,0,0,0,0,0,0,89,0,0,0,1,180,16,99,24,409,0,3,0.5,0,2.432755,100,0,0,0,0,0,6,99,0,0,0,3,5
139,3423,236,0,0,1541,489,512,233,142,70,0,26,0,0,10,12,23,155,89,32,347,1446,3,0.5,0,1,100,0,0,0,1111,1,163,89,0,0,0,1,5
140,432,0,0,0,227,94,58,30,17,10,0,26,0,0,1,7,43,224,110,24,435,209,3,0.5,5.727775,1.296867,100,0,0,0,0,0,0,110,0,0,0,0,5
141,827,0,0,0,457,160,140,54,26,17,0,35,0,0,0,16,42,36,24,16,169,397,3,0.5,2.443774,1.506185,100,0,0,0,0,0,0,24,0,0,0,0,3
142,564,129,0,0,295,176,60,21,5,9,0,10,0,0,11,2,85,485,130,28,751,271,3,0.5,2.885097,1.390865,100,0,0,0,0,1,89,130,0,0,0,1,25
143,2400,4,0,0,1214,430,416,169,71,59,0,24,0,0,3,62,10,124,14,26,263,1145,3,0.5,2.823893,1.549001,100,0,0,0,332,1,3,14,0,0,0,1,3
144,2159,37,0,0,956,304,295,149,87,73,0,0,0,0,8,1,11,20,0,19,59,908,2,3,3.4,1.66332,100,0,0,0,0,0,26,0,0,0,0,1,3
145,1525,0,0,0,833,309,252,100,64,27,0,42,0,0,0,4,7,632,6,27,718,752,2,3,3.731513,2.007734,100,0,0,2077,483,2,0,6,0,0,0,0,3
146,2155,71,0,0,1126,328,387,162,86,28,0,32,0,0,0,3,6,127,4,26,198,991,2,3,5.102348,1.823647,100,106,0,0,0,1,49,4,0,0,0,1,3
147,1245,0,0,0,738,299,272,79,21,15,0,0,0,0,3,1,1,79,0,13,97,686,2,3,4.344683,1.905387,100,0,0,0,0,0,0,0,0,0,0,0,3
148,250,0,0,0,118,28,46,23,10,4,0,14,0,0,0,6,1,0,0,16,37,111,2,3,3.826248,1.665859,100,0,0,0,0,0,0,0,0,0,0,0,3
149,241,0,0,0,107,25,39,19,12,6,0,0,0,0,0,0,0,4,0,9,13,101,2,3,3.899291,1.572048,100,0,0,0,0,0,0,0,0,0,0,0,3
150,1196,0,0,0,552,189,165,87,44,43,0,17,0,0,1,7,141,101,72,17,356,528,2,3,3.220969,1.577449,100,0,0,118,0,1,0,72,0,0,0,0,3
151,609,0,0,0,331,133,104,36,25,11,0,74,0,0,0,0,8,308,81,25,496,309,2,3,3.522723,1.41965,100,0,0,0,0,0,0,81,0,0,0,0,3
152,134,7,0,0,47,8,19,4,9,6,0,10,0,0,0,7,17,204,13,22,273,46,3,0.5,3.477647,1.250329,100,0,0,0,0,0,5,13,0,0,0,1,25
153,176,2,0,0,75,18,15,17,11,5,0,12,0,0,0,0,14,246,74,27,373,66,2,3,3.536058,1.315775,100,0,0,0,0,0,1,74,0,0,0,1,25
154,759,6,0,0,419,217,97,47,19,22,0,0,0,0,1,12,55,61,12,24,165,402,2,3,3.984464,1.334453,100,0,0,0,0,0,4,12,0,0,0,3,3
155,956,0,0,0,432,140,118,78,39,33,0,0,0,0,1,0,3,47,3,16,70,408,2,3,4.023149,1.384771,100,0,0,0,0,0,0,3,0,0,0,0,3
156,867,0,0,0,419,134,143,61,33,24,0,0,0,0,0,0,1,9,0,10,20,395,2,3,3.762807,1.10282,100,0,0,0,0,0,0,0,0,0,0,0,3
157,1273,0,0,0,608,218,172,103,52,33,0,0,0,0,0,1,10,10,2,16,39,578,2,3,3.43271,0.852894,100,0,0,0,0,0,0,2,0,0,0,0,3
158,1596,7,0,0,811,312,266,97,61,36,0,0,0,0,7,9,151,222,37,22,448,772,2,3,4.410572,1.296788,100,0,0,0,0,0,5,37,0,0,0,3,3
159,873,13,0,0,451,170,155,58,28,16,0,0,0,0,8,36,36,197,11,15,303,427,2,3,4.235722,1.223584,100,0,0,0,0,0,9,11,0,0,0,3,3
160,337,0,0,0,244,132,55,19,7,2,0,10,0,0,8,42,38,288,154,34,574,215,2,3,4.686312,1.205139,100,0,0,0,0,0,0,154,0,0,0,0,3
161,199,0,0,0,86,20,19,15,12,8,0,0,0,0,0,0,0,53,7,17,77,74,3,0.5,5.030766,1.361844,100,0,0,0,0,0,0,7,0,0,0,0,3
162,147,0,0,0,54,13,13,13,6,7,0,0,0,0,0,0,6,7,8,14,35,52,3,0.5,4.699348,1.448571,100,0,0,0,0,0,0,8,0,0,0,0,3
163,188,0,0,0,98,42,33,13,6,3,0,12,0,0,20,15,61,269,62,30,469,97,2,3,4.514621,1.334839,100,0,0,0,0,0,0,62,0,0,0,0,3
164,466,0,0,0,265,131,63,32,10,13,0,19,0,0,2,6,63,529,128,44,791,249,3,0.5,3.47394,1.310739,100,0,0,0,0,0,0,128,0,0,0,0,3
165,538,119,0,0,208,86,58,35,18,7,0,0,0,0,2,8,23,198,17,16,264,204,3,0.5,3.795225,1.586896,100,0,0,0,0,0,82,17,0,0,0,4,3
166,661,29,0,0,280,66,89,61,33,13,0,28,0,0,3,0,3,2152,0,31,2217,262,3,0.5,3.353653,1.566854,100,0,0,0,0,1,20,0,0,0,0,1,3
167,839,42,0,0,425,173,128,55,23,18,0,10,0,0,31,11,39,114,32,25,262,397,2,3,4.634187,1.262116,100,0,0,0,0,0,29,32,0,0,0,1,3
168,481,0,0,0,226,79,72,20,33,12,0,10,0,0,11,12,6,1645,59,28,1771,216,2,3,2.984797,1.199357,100,0,0,0,850,1,0,59,0,0,0,0,3
169,614,5,0,0,353,155,83,43,24,11,0,19,0,0,20,30,4,194,95,26,388,316,2,3,3.235451,1.188506,100,0,0,0,0,0,3,95,0,0,0,3,3
170,400,0,0,0,219,72,61,36,12,9,0,0,0,0,0,1,9,3,0,16,29,190,2,3,2.796034,1.175613,100,0,0,0,1145,1,0,0,0,0,0,0,3
171,1148,7,0,0,667,350,167,52,42,22,0,7,0,0,1,6,7,24,27,43,115,633,2,3,2.387079,1.109291,100,0,0,0,0,0,5,27,0,0,0,3,3
172,487,0,0,0,253,101,59,27,22,18,0,7,0,0,6,0,19,149,60,21,262,227,2,3,2.314796,1.077263,100,0,0,0,0,0,0,60,0,0,0,0,3
173,293,0,0,0,154,41,50,28,9,6,0,0,0,0,1,0,3,503,17,16,540,134,2,3,2.248937,1.107006,100,0,0,0,0,0,0,17,0,0,0,3,3
174,461,0,0,0,300,158,72,25,12,3,0,0,0,0,9,9,115,182,22,16,353,270,2,3,1.940079,1.065949,100,0,0,0,0,0,0,22,0,0,0,0,3
175,31,31,0,0,0,0,0,0,0,0,0,0,0,0,0,0,0,29,11,13,53,0,2,3,1.863689,1.839024,100,0,0,0,0,0,21,11,0,0,0,3,3
176,0,0,0,0,0,0,0,0,0,0,0,112,0,0,5,34,65,840,2,33,1091,0,2,3,1.633959,2.07673,100,0,0,0,0,0,0,2,0.56,0.28,0,0,3
177,1496,72,0,0,996,360,354,74,22,8,0,17,0,0,15,37,68,909,7,24,1077,818,2,3,1.579749,2.42099,100,0,0,0,0,0,50,7,0.56,0.28,0,4,3
178,224,0,1169,0,128,44,43,14,9,3,0,35,487,4,0,0,69,301,69,5,970,113,2,3,1.449129,1.993182,100,0,0,0,0,0,0,69,0.56,0.28,0,0,3
179,733,0,0,0,462,231,171,30,12,3,0,96,0,27,163,38,430,1121,173,12,2060,447,2,3,1.792774,1.421099,100,0,0,0,0,0,0,173,0,0,0,0,3
180,118,0,0,0,42,5,10,13,12,1,0,14,0,1,5,2,17,120,96,24,279,41,2,3,3.988685,1.132597,100,0,0,0,0,0,0,96,0,0,0,0,3
181,1791,0,0,0,1107,608,280,83,42,35,0,17,0,2,4,42,9,91,19,21,205,1048,2,3,5.048935,1.065808,100,0,0,0,0,0,0,19,1,0,0,0,3
182,1016,0,200,162,668,367,175,49,21,13,0,49,151,20,36,185,61,732,157,21,1412,625,2,3,6.748871,1.026804,100,0,0,0,0,0,0,157,1,0,0,0,3
183,1668,0,0,0,1028,515,301,100,38,18,0,33,0,9,135,9,252,1066,361,20,1885,972,2,3,5.524496,1.147047,100,0,0,0,0,0,0,361,0,0,0,0,3
184,0,0,0,0,0,0,0,0,0,0,0,33,0,5,1,1,271,212,17,30,570,0,2,3,3.945811,1.359757,100,0,0,0,0,0,0,17,0,0,0,0,3
185,0,0,0,0,0,0,0,0,0,0,0,87,0,10,17,33,579,2392,206,11,3335,0,2,3,3.894389,1.409472,100,41,0,0,0,1,0,206,0,0,0,0,3
186,2,0,0,0,1,0,1,0,0,0,0,39,0,4,0,26,13,354,2366,18,2820,1,2,3,2.35976,2.823851,100,0,0,0,0,0,0,1183,0,0,0,0,26
187,48,0,0,0,90,9,11,4,0,1,0,44,0,5,23,23,673,673,175,16,1632,25,2,3,5.796805,1.33517,100,0,0,0,0,0,0,175,0,0,0,0,3
188,1014,0,0,0,541,214,180,72,25,21,0,80,0,6,71,36,945,2727,708,453,5026,512,2,3,6.343897,1.398764,100,0,0,0,0,0,0,708,0,0,0,0,3
189,757,9,0,0,427,195,102,53,30,13,0,51,0,5,14,243,3283,411,184,34,4225,393,2,3,7.170299,1.160135,100,0,0,0,0,0,6,184,1,0,0,3,3
190,1405,38,0,0,862,474,213,72,44,14,0,40,0,1,9,42,116,567,147,35,957,817,2,3,5.478935,1.080082,100,0,0,0,0,0,26,147,0.52,0.34,0,1,3
191,1010,9,0,0,549,193,185,74,41,8,0,42,0,0,0,3,3,372,76,42,538,501,2,3,4.896345,1.323058,100,0,0,236,0,1,6,76,0.52,0.34,0,1,3
192,1153,0,0,0,574,253,137,56,49,41,0,23,0,1,1,27,133,199,154,37,575,536,2,3,5.818799,1.394779,100,0,0,0,0,0,0,154,0.52,0.34,0,0,3
193,308,0,0,19,195,71,42,20,11,8,0,153,8,5,22,134,510,1865,206,34,2937,152,2,3,6.1659,1.379787,100,35,0,0,0,1,0,206,0.52,0.34,0,0,3
194,197,0,39,2,146,97,26,10,2,2,0,23,18,1,2,3,127,901,174,26,1275,137,2,3,4.126202,1.91613,100,0,0,0,0,0,0,174,0.52,0.34,0,0,3
195,622,0,0,0,417,238,105,27,18,4,0,7,0,0,0,1,9,37,0,46,100,392,2,3,4.00493,1.919759,100,0,0,0,588,1,0,0,0.52,0.34,0,0,3
196,1352,34,0,0,754,293,234,76,43,28,0,37,0,0,7,20,9,435,10,34,552,674,2,3,3.077964,2.300955,100,0,0,0,0,0,23,10,0.52,0.34,0,3,3
197,111,11,0,0,36,11,9,5,3,7,0,121,0,4,6,17,73,861,93,26,1201,35,2,3,2.790964,2.297045,100,0,0,0,0,0,8,93,0.52,0.34,0,3,3
198,0,0,0,0,0,0,0,0,0,0,0,39,0,1,0,0,0,0,343,26,409,0,2,3,2.521892,2.26464,100,0,0,0,0,0,0,343,0,0,0,0,2
199,2,0,0,0,1,0,1,0,0,0,0,0,0,0,5,0,0,866,0,0,871,1,2,3,3.536824,2.316357,100,0,0,0,1767,2,0,0,0,0,0,3,2
200,419,4,0,0,196,73,58,26,18,14,0,10,0,0,0,15,1,110,43,38,217,189,2,3,4.455688,1.943837,100,0,0,0,0,0,3,43,0,0,0,3,2
201,1919,0,0,0,989,263,333,133,89,39,0,0,0,0,0,11,17,142,4,45,219,857,2,3,4.950156,1.944674,100,0,0,0,0,0,0,4,0,0,0,0,2
202,0,0,0,0,0,0,0,0,0,0,0,51,0,9,71,38,188,617,158,20,1152,0,2,3,5.230209,2.311271,100,0,0,0,0,0,0,158,0,0,0,0,2
203,3,0,0,0,2,0,0,1,0,0,0,17,0,5,96,22,354,102,147,33,776,1,2,3,3.399512,2.48653,100,0,0,0,0,0,0,147,0,0,0,0,2
204,381,0,0,0,248,101,88,18,6,5,0,26,0,8,89,164,28,6147,387,47,6896,218,2,3,2.815927,2.272286,100,0,0,0,0,0,0,387,0,0,0,0,2
205,529,11,0,0,229,72,70,40,25,16,0,32,0,12,171,151,187,865,958,267,2643,223,2,3,3.89328,1.709737,100,0,0,0,0,0,8,958,0,0,0,3,2
206,2795,0,0,0,1964,484,625,196,91,21,0,28,0,9,95,115,100,835,427,157,1766,1417,2,3,4.637263,2.957979,100,0,0,0,0,0,0,427,0,0,0,0,2
207,99,99,0,0,0,0,0,0,0,0,0,7,0,0,0,0,0,74,10,16,107,0,2,3,3.562892,0,100,0,0,0,0,0,68,10,0,0,0,3,3
208,0,0,0,0,0,0,0,0,0,0,171,37,0,1,0,1,0,14,3,105,332,0,2,3,4.602661,0.75,100,0,0,0,0,0,0,3,0,0,0,0,2
209,0,0,0,0,0,0,0,0,0,0,0,268,0,9,38,40,3,76,100,26,560,0,2,3,4.802904,0.688566,100,0,0,0,0,0,0,100,0,0,0,3,2
210,223,223,0,0,0,0,0,0,0,0,0,224,0,5,29,145,492,859,342,370,2466,0,2,3,5.211945,0.96944,100,0,0,0,0,0,154,342,0,0,0,3,2
211,432,0,0,0,306,99,111,24,6,3,185,297,0,17,100,81,2,331,116,231,1360,243,2,3,4.645886,1.096255,100,0,0,0,0,0,0,116,0,0,0,0,2
212,0,0,0,0,0,0,0,0,0,0,0,201,0,6,1,63,31,713,94,94,1203,0,2,3,4.144296,1.084093,100,0,0,0,0,0,0,94,0,0,0,0,2
213,617,0,0,0,283,103,95,47,22,16,0,357,0,17,5,419,116,877,151,33,1975,283,2,3,3.671808,1.572806,100,0,0,0,0,0,0,151,0,0,0,0,2
214,389,0,0,0,339,289,46,0,2,0,0,121,0,4,45,17,2,326,55,75,645,337,2,3,4.11556,1.222614,100,0,0,0,0,0,0,55,0,0,0,0,2
215,685,6,0,0,357,121,153,43,27,3,0,393,0,6,62,57,1102,1440,33,22,3115,347,2,3,3.8621,1.574935,100,0,0,0,0,0,4,33,0,0,0,3,2
216,461,10,0,0,238,78,98,31,16,4,0,302,0,19,14,119,43,663,129,71,1360,227,2,3,2.905466,1.903555,100,0,0,0,0,0,7,129,0,0,0,3,2
217,649,0,0,0,441,207,151,28,10,3,0,306,0,6,542,7,14,387,192,40,1494,399,2,3,3.053915,2.109496,100,0,0,0,0,0,0,192,0,0,0,0,2
218,514,0,0,0,296,119,102,39,11,6,0,199,0,2,416,1,5,73,65,48,809,277,2,3,3.79296,1.673082,100,0,0,0,0,0,0,65,0,0,0,0,2
219,0,0,0,0,0,0,0,0,0,0,0,94,0,1,6,2,243,527,43,30,946,0,2,3,3.658455,1.854665,100,0,0,0,0,0,0,43,0,0,0,0,2
220,203,10,0,0,125,68,36,15,2,0,0,1920,0,1,39,10,953,2485,46,26,5480,121,2,3,3.374198,2.145361,100,0,0,0,0,0,7,46,0,0,0,3,1
221,2065,0,0,0,1150,586,295,106,67,51,0,678,0,1,8,43,27,755,59,44,1615,1105,2,3,3.881512,2.246792,100,0,0,0,0,0,0,59,0,0,0,0,1
222,331,0,0,0,146,45,34,27,12,15,0,44,0,0,0,0,2,258,2,21,327,133,2,3,5.951264,2.234402,100,0,0,0,0,1,0,2,0,0,0,0,6
223,183,19,0,0,67,21,19,14,7,6,0,489,0,1,8,0,112,2220,51,33,2914,67,1,5,6.242656,2.166803,100,0,0,729,0,1,13,51,0,0,0,3,1
224,61,61,0,0,0,0,0,0,0,0,0,1324,0,1,412,14,41,6177,10,31,8010,0,2,3,4.82787,2.215789,100,0,0,0,0,0,42,10,0,0,0,4,1
225,0,0,0,0,0,0,0,0,0,0,0,1534,0,4,189,0,4,76,20,25,1852,0,1,5,4.386523,1.991335,100,0,0,0,0,0,0,20,0,0,0,0,1
226,0,0,0,0,0,0,0,0,0,0,0,1060,0,4,0,0,0,67,19,22,1172,0,1,5,6.356466,2.03007,100,0,0,0,390,0,0,19,0,0,0,0,1
227,0,0,0,0,0,0,0,0,0,0,0,633,0,2,0,0,9,510,13,21,1188,0,1,5,6.401915,1.907436,100,0,0,0,0,0,0,13,0,0,0,0,1
228,0,0,0,0,0,0,0,0,0,0,0,1529,0,6,34,44,145,957,83,20,2818,0,1,5,6.55029,1.790267,100,0,0,0,0,0,0,83,0,0,0,0,1
229,0,0,0,0,0,0,0,0,0,0,0,1018,0,4,20,4,8,814,21,21,1910,0,1,5,4.744975,1.812708,100,0,0,0,0,0,0,21,0,0,0,0,1
230,253,253,0,0,0,0,0,0,0,0,0,178,0,1,1,0,123,202,22,29,556,0,1,5,4.887172,1.771719,100,0,0,0,0,1,175,22,0,0,0,3,1
231,402,132,0,0,242,201,31,1,1,0,0,318,0,1,12,3,262,91,101,25,813,234,2,3,5.285785,1.726907,100,0,0,0,0,0,91,101,0,0,0,3,1
232,0,0,0,0,0,0,0,0,0,0,0,731,0,2,0,34,0,39,15,30,851,0,2,3,5.370677,1.461911,100,0,0,0,230,0,0,15,0,0,0,0,1
233,0,0,0,0,0,0,0,0,0,0,0,1810,0,8,169,11,922,923,38,20,3901,0,2,3,5.442739,1.350297,100,0,0,0,0,0,0,38,0,0,0,0,1
234,0,0,0,0,0,0,0,0,0,0,0,542,0,12,425,52,80,302,66,20,1499,0,2,3,5.984288,1.254564,100,0,0,0,0,0,0,66,0,0,0,0,2
235,0,0,0,0,0,0,0,0,0,0,0,489,0,10,0,0,0,0,133,21,653,0,1,5,8.321737,1.98858,100,0,0,0,0,0,0,133,0,0,0,0,1
236,0,0,0,0,0,0,0,0,0,0,0,149,0,4,294,43,218,429,21,18,1176,0,1,5,8.413157,2.00217,100,0,0,0,0,0,0,21,0,0,0,0,1
237,0,0,0,0,0,0,0,0,0,0,0,1454,0,6,5,0,63,114,30,20,1692,0,1,5,6.583077,1.762274,100,0,0,0,0,0,0,30,0,0,0,0,1
238,534,0,0,0,351,130,144,26,7,2,0,39,0,1,0,0,435,356,3,18,852,309,1,5,7.766582,2.009531,100,0,0,0,0,0,0,3,0,0,0,0,1
239,0,0,0,0,0,0,0,0,0,0,0,530,0,9,248,13,547,1839,48,0,3234,0,1,5,8.260498,2.050889,100,0,0,0,0,0,0,48,0,0,0,0,1
240,0,0,0,0,0,0,0,0,0,0,0,526,0,9,44,0,1837,2093,48,0,4557,0,1,5,8.214167,2.112092,100,0,0,0,0,0,0,48,0,0,0,0,1
241,0,0,0,0,0,0,0,0,0,0,0,329,0,5,241,9,713,660,56,12,2025,0,1,5,7.740964,2.115324,100,0,0,0,0,0,0,56,0,0,0,0,1
242,27,27,0,0,0,0,0,0,0,0,0,633,0,10,27,0,1020,766,65,0,2521,0,1,5,7.636415,2.230893,100,0,0,0,614,0,19,65,0,0,0,3,1
243,0,0,0,0,0,0,0,0,0,0,0,744,0,13,565,23,788,3646,68,0,5847,0,1,5,8.129025,2.269359,100,0,0,0,0,0,0,68,0,0,0,0,1
244,60,0,0,0,37,6,12,4,2,2,0,339,0,5,405,0,190,513,69,11,1532,26,1,5,7.581075,2.472867,100,0,0,0,0,0,0,69,0,0,0,0,1
245,0,0,0,0,0,0,0,0,0,0,0,380,0,6,1,0,0,16,34,7,444,0,1,5,7.096529,2.37773,100,0,0,0,0,0,0,34,0,0,0,0,1
246,0,0,0,0,0,0,0,0,0,0,0,0,0,0,0,0,0,0,0,16,16,0,1,5,6.431316,2.223783,100,0,0,0,394,1,0,0,0,0,0,0,1
247,34,0,0,0,34,34,0,0,0,0,0,35,0,0,0,0,0,269,0,24,328,34,2,3,5.730615,2.337832,100,0,0,0,317,0,0,0,0,0,0,0,6
248,1000,7,0,0,604,280,220,53,17,9,0,14,0,0,6,2,0,42,0,19,83,579,2,3,5.9262,2.37709,100,0,0,0,0,0,5,0,0,0,0,3,6
249,47,0,0,0,30,18,10,1,0,1,0,35,0,0,0,11,56,106,167,58,433,30,2,3,7.420864,2.270973,100,0,0,0,0,0,0,167,0,0,0,0,1
250,777,0,0,0,392,102,169,59,36,3,0,60,0,0,1,1,3,182,18,23,288,369,1,5,7.165528,2.29236,100,0,0,0,0,1,0,18,0,0,0,0,1
251,1574,0,0,0,907,401,293,106,46,15,0,12,0,0,16,0,44,251,1,18,342,861,1,5,7.745642,2.292311,100,0,0,0,0,0,0,1,0,0,0,0,1
252,30,27,0,0,3,3,0,0,0,0,0,619,0,10,142,68,1646,3929,256,1,6671,3,1,5,8.195791,2.320646,100,5132,0,0,0,6,19,256,0,0,0,3,1
253,28,28,0,0,0,0,0,0,0,0,0,49,0,4,0,0,0,166,45,29,293,0,1,5,8.36762,2.213788,100,0,0,0,0,0,19,45,0,0,0,3,1
254,308,0,0,0,200,107,65,18,3,1,0,46,0,1,0,0,356,24,22,20,469,194,1,5,8.501675,2.154186,100,0,0,0,0,0,0,22,0.52,0.34,0,0,1
255,315,0,0,116,232,105,73,13,5,1,0,516,49,9,90,101,208,871,198,0,2042,197,1,5,8.427567,2.220216,100,37,0,0,0,2,0,198,0.52,0.34,0,0,1
256,224,29,0,0,118,40,53,11,4,0,0,669,0,13,131,61,1860,3721,82,0,6537,108,1,5,8.397871,2.115659,100,0,0,0,0,0,20,82,0,0,0,3,1
257,0,0,0,0,0,0,0,0,0,0,0,69,0,1,880,134,609,722,393,22,2830,0,1,5,8.407062,2.007178,100,0,0,0,0,0,0,393,0,0,0,0,1
258,26,26,0,0,0,0,0,0,0,0,0,137,0,2,3,22,101,580,21,18,884,0,1,5,8.51177,2.089749,100,0,0,0,0,0,18,21,0,0,0,3,1
259,0,0,0,0,0,0,0,0,0,0,0,21,0,26,0,4,0,27,39,13,130,0,1,5,8.733877,2.139845,100,0,0,0,0,0,0,39,0,0,0,0,7
260,3,0,0,0,1,0,0,1,0,0,0,39,0,8,12,4,45,172,26,17,323,1,1,5,8.619741,2.115491,100,0,0,0,0,0,0,26,0,0,0,0,1
261,698,0,0,0,349,149,86,54,22,24,0,17,0,4,1,41,164,58,54,36,375,335,1,5,8.613054,2.186084,100,351,0,0,0,1,0,54,0,0,0,0,1
262,377,0,0,0,264,142,72,11,9,4,0,7,0,1,0,44,16,26,47,19,160,238,1,5,8.619802,2.195746,100,0,0,0,0,0,0,47,0,0,0,0,1
263,0,0,0,0,0,0,0,0,0,0,0,19,0,4,4,41,87,171,50,27,403,0,1,5,8.402413,2.144135,100,0,0,0,0,0,0,50,0,0,0,0,1
264,548,31,0,0,255,103,80,41,18,11,0,12,0,1,0,8,41,177,83,41,363,253,1,5,8.413704,2.195845,100,0,0,0,0,0,21,83,0,0,0,3,1
265,1667,269,0,0,726,269,174,102,57,44,0,10,0,1,0,6,43,100,70,17,247,646,2,3,8.612225,2.211573,100,0,0,0,0,0,186,70,0,0,0,3,1
266,0,0,0,0,0,0,0,0,0,0,0,21,0,2,3,6,41,313,137,26,549,0,2,3,8.121611,2.206468,100,0,0,0,0,0,0,137,0,0,0,0,1
267,3090,0,0,0,1586,610,534,214,125,52,0,0,0,0,1,0,120,63,0,0,184,1535,1,5,8.198283,2.187647,100,0,0,0,0,0,0,0,0,0,0,0,1
268,0,0,0,0,0,0,0,0,0,0,0,16,0,1,8,0,0,45,6,44,120,0,2,3,7.740845,2.256695,100,0,0,0,0,0,0,6,0,0,0,0,1
269,0,0,0,0,0,0,0,0,0,0,0,12,0,0,0,0,9,87,7,20,135,0,2,3,7.53539,2.26157,100,0,0,0,0,0,0,7,0,0,0,0,1
270,0,0,0,0,0,0,0,0,0,0,0,0,0,0,0,0,0,7,0,12,19,0,2,3,5.969385,2.340277,100,0,0,0,0,0,0,0,0,0,0,0,6
271,1129,0,0,0,568,241,124,75,47,38,0,72,0,0,1,7,16,175,65,27,363,525,3,0.5,3.132993,2.195063,100,0,0,313,872,2,0,65,0,0,0,0,6
272,2158,21,0,0,850,221,247,121,91,109,0,39,0,0,2,3,10,104,89,24,271,789,3,0.5,3.130767,2.375101,100,0,0,0,0,0,15,89,0,0,0,3,6
273,2304,2,0,0,1069,343,356,156,93,68,0,23,0,0,3,2,8,70,2,26,134,1016,3,0.5,0,0,100,0,0,0,1043,2,1,2,0,0,0,3,24
274,1661,0,0,0,908,376,282,101,56,33,0,21,0,0,4,6,12,199,0,21,263,848,3,0.5,4.153544,2.294781,100,0,0,0,0,1,0,0,0,0,0,0,24
275,2905,0,0,0,1616,672,562,166,83,49,0,10,0,0,1,2,34,94,1,18,160,1532,3,0.5,2.023958,2.413572,100,0,0,0,0,0,0,1,0,0,0,0,24
276,2625,0,0,0,1419,590,440,178,80,54,0,85,0,0,5,3,5,228,8,53,387,1342,3,0.5,2.239214,2.244119,100,0,0,217,0,1,0,8,0,0,0,0,24
277,2233,0,0,0,1198,502,377,134,69,54,0,0,0,0,0,4,3,121,2,21,151,1136,3,0.5,1.995704,2.053659,100,0,0,87,0,1,0,2,0,0,0,0,24
278,3544,0,0,0,1799,665,548,237,128,93,0,0,0,0,2,5,28,113,38,23,209,1671,2,3,4.724283,1.028136,100,0,0,0,0,0,0,38,0,0,0,0,24
279,913,80,0,0,563,278,135,42,26,10,0,26,0,0,3,0,7,435,8,23,502,491,2,3,2.959211,1.541917,100,0,0,683,0,2,55,8,0,0,0,3,24
280,3250,0,0,0,1924,874,592,210,79,43,0,0,0,0,2,0,7,89,11,36,145,1798,3,0.5,2.294457,1.82,100,0,0,0,0,0,0,11,0,0,0,0,24
281,4716,285,0,0,2398,963,783,275,164,74,0,37,0,0,3,16,16,916,0,34,1022,2259,2,3,1.5,0,100,0,0,162,0,2,197,0,0,0,0,3,24
282,1132,5,0,0,405,54,122,82,74,52,0,0,0,0,2,2,34,103,0,43,184,384,3,0.5,1.5,0,100,0,0,206,1442,2,3,0,0,0,0,3,24
283,836,9,0,0,347,78,114,49,39,36,0,26,0,0,2,11,6,124,22,17,208,316,3,0.5,0,0,100,0,0,0,0,0,6,22,0,0,0,1,24
284,1717,0,0,0,382,38,66,57,40,163,0,0,0,0,14,4,4,31,0,16,69,364,3,0.5,0,0,100,0,0,0,0,0,0,0,0,0,0,0,24
285,3445,5,0,0,1279,266,352,245,166,175,0,0,0,8,8,9,40,80,27,31,203,1204,3,0.5,0,0,100,0,0,0,314,1,3,27,0,0,0,3,6
286,2764,12,0,0,1031,173,327,198,150,125,0,35,0,4,7,10,18,514,35,44,667,973,3,0.5,0,0,100,0,0,1320,380,3,8,35,0,0,0,3,6
287,933,33,0,0,386,81,135,70,43,29,0,0,0,0,2,0,8,145,8,11,174,358,3,0.5,0,0,100,0,0,0,0,0,23,8,0,0,0,4,6
288,1448,15,0,0,855,394,293,78,28,19,0,19,0,0,3,41,3,173,11,24,274,812,3,0.5,3.125,0,100,0,0,0,0,0,10,11,0,0,0,3,6
289,625,6,0,0,223,38,74,42,27,35,0,33,0,0,3,0,6,138,2,23,205,216,3,0.5,4.25,5,100,0,0,0,0,0,4,2,0,0,0,3,6
290,1980,0,0,0,669,128,174,109,105,122,0,10,0,0,1,3,18,47,2,16,97,638,3,0.5,0,0,100,0,0,0,0,0,0,2,0,0,0,0,6
291,250,83,0,0,66,13,24,13,9,5,0,16,0,0,0,0,33,89,42,19,199,64,3,0.5,0,0,100,0,0,0,0,0,57,42,0,0,0,3,6
292,295,45,0,0,94,19,21,30,17,6,0,0,0,0,0,1,8,287,0,9,305,93,3,0.5,0,0,100,0,0,0,0,0,31,0,0,0,0,3,6
293,585,0,0,0,205,33,73,29,34,31,0,16,0,0,0,0,41,24,0,21,102,200,3,0.5,0,0,100,0,0,0,0,0,0,0,0,0,0,0,6
294,0,0,0,0,0,0,0,0,0,0,0,0,0,0,0,0,0,0,0,0,0,0,3,0.5,0,0,100,0,0,0,0,0,0,0,0,0,0,0,6
295,2173,0,0,0,775,143,198,166,124,112,0,0,0,0,4,10,17,82,0,21,134,743,3,0.5,4.25,5,100,0,0,109,0,1,0,0,0,0,0,0,6
296,1606,28,0,0,547,105,173,106,60,92,0,14,0,0,10,4,17,1357,34,36,1472,536,3,0.5,4.25,5,100,0,0,176,0,1,19,34,0,0,0,4,6
297,774,3,0,0,293,57,87,61,30,39,0,0,0,0,2,3,3,221,2,24,255,274,3,0.5,3.561975,5,100,0,0,253,654,2,2,2,0,0,0,3,6
298,993,0,0,0,508,231,132,59,32,34,0,37,0,0,2,0,24,872,3,29,967,488,3,0.5,3.129102,2.49,100,0,0,0,0,0,0,3,0,0,0,0,6
299,967,0,0,0,398,107,112,80,43,37,0,19,0,0,0,0,1,174,7,24,225,379,3,0.5,3.134932,2.351019,100,0,0,231,0,1,0,7,0,0,0,0,6
300,1200,183,0,0,410,101,102,63,69,42,0,129,0,0,11,17,37,2111,112,32,2449,377,3,0.5,3.321842,2.246734,100,0,0,0,0,0,126,112,0,0,0,4,6
301,889,172,0,0,323,106,92,50,28,29,0,21,0,0,2,2,2,471,13,20,531,305,3,0.5,3.209019,2.531623,100,0,0,0,0,0,119,13,0,0,0,4,6
302,2081,120,0,0,616,124,156,79,90,136,0,23,0,0,1,8,10,344,10,24,420,585,3,0.5,3.564439,2.348792,100,0,0,0,0,0,83,10,0,0,0,3,6
303,1117,12,0,0,397,91,101,59,68,60,0,60,0,0,579,384,60,727,32,26,1868,379,3,0.5,3.873955,1.804755,100,0,0,705,0,2,8,32,0,0,0,3,6
304,252,0,0,0,63,15,12,7,5,22,0,14,0,0,0,0,1,7,4,17,43,61,2,3,4.345683,1.582236,100,0,0,0,326,0,0,4,0,0,0,0,6
305,1882,19,0,0,711,279,208,68,37,112,0,7,0,0,1,16,3,13,6,20,66,704,3,0.5,6,0.82696,100,0,0,0,0,1,13,6,0,0,0,3,6
306,1413,8,0,0,421,86,96,57,57,107,0,7,0,0,1,12,2,33,49,17,121,403,3,0.5,0,0,100,0,0,0,0,0,6,49,0,0,0,3,6
307,465,0,0,0,97,3,11,15,13,49,0,19,0,0,0,2,3,223,6,23,276,91,3,0.5,0,0,100,0,0,598,0,1,0,6,0,0,0,0,6
308,604,0,0,0,152,22,39,18,14,54,0,26,0,0,0,2,7,595,4,26,660,147,3,0.5,0,0,100,0,0,0,694,1,0,4,0,0,0,0,6
309,1962,0,0,0,594,109,138,91,81,142,0,23,0,0,9,6,85,195,245,19,582,561,3,0.5,0,0,100,0,0,0,0,0,0,245,0,0,0,0,6
310,3679,154,0,0,998,174,204,141,127,284,0,51,0,0,3,16,74,200,50,23,417,930,3,0.5,0,1,100,0,0,0,0,1,106,50,0,0,0,3,6
311,1066,520,0,0,164,24,41,31,26,38,0,275,0,0,3,0,4,1395,50,26,1753,160,3,0.5,0,0,100,0,0,3697,0,1,359,50,0,0,0,3,6
312,4514,91,0,0,1035,126,169,144,149,405,0,0,0,0,3,2,44,90,7,23,169,993,3,0.5,0,0,100,0,0,0,246,1,63,7,0,0,0,3,6
313,1873,15,0,0,458,68,70,59,73,159,0,0,0,0,2,1,3,21,16,17,60,429,3,0.5,0,0,100,0,0,0,0,0,10,16,0,0,0,3,6
314,2059,24,0,0,406,34,59,52,56,199,0,0,0,0,2,0,9,77,2,16,106,400,3,0.5,0,0,100,0,0,0,0,0,17,2,0,0,0,3,6
315,2053,31,0,0,431,36,66,47,72,196,0,0,0,0,1,2,8,161,15,19,206,417,3,0.5,0,0,100,0,0,0,546,1,21,15,0,0,0,3,6
316,2831,0,0,0,670,68,75,108,103,284,0,14,0,0,0,1,0,424,0,20,459,638,2,3,0,0,100,0,0,0,236,1,0,0,0,0,0,4,6
317,4506,68,0,0,1111,181,218,144,138,382,0,0,0,0,2328,186,368,1174,36,19,4111,1063,2,3,10.1875,0,100,0,0,333,488,2,47,36,0,0,0,3,6
318,1351,0,0,0,301,23,66,42,44,118,0,56,0,5,0,2,4,13,0,17,97,293,3,0.5,0,0,100,0,0,0,0,0,0,0,0,0,0,3,6
319,1168,73,0,0,253,34,50,35,27,99,0,23,0,1,0,1,2,14,0,22,63,245,3,0.5,0,0,100,0,0,0,791,1,50,0,0,0,0,3,6
320,265,27,0,0,71,7,22,9,14,16,0,218,0,10,0,0,1,18,0,21,268,68,3,0.5,0,0,100,0,0,0,334,1,19,0,0,0,0,3,6
321,989,0,0,0,269,37,73,35,28,92,0,0,0,0,1,2,3,71,0,8,85,265,3,0.5,0,0,100,0,0,0,0,0,0,0,0,0,0,0,6
322,2720,105,0,0,593,57,85,73,66,275,0,89,0,8,1,2,7,171,8,19,305,556,3,0.5,0,0,100,0,0,0,974,1,73,8,0,0,0,4,6
323,4541,27,0,0,1083,127,227,170,125,389,0,48,0,0,1,9,18,191,0,31,298,1038,3,0.5,0,0,100,0,0,0,0,0,19,0,0,0,0,3,6
324,0,0,0,0,0,0,0,0,0,0,0,16,0,0,0,0,0,0,0,18,34,0,3,0.5,0,0,100,0,0,0,0,0,0,0,0,0,0,0,6
325,1212,0,0,0,539,206,130,78,44,53,0,0,0,0,1,2,47,208,76,23,357,511,2,3,3.552632,2.134783,100,0,0,0,357,1,0,76,0.52,0.34,0,0,7
326,2384,0,26,0,1005,229,231,195,159,88,0,0,11,0,1,2,451,103,12,12,592,902,2,3,3.782305,2.210199,100,0,0,0,0,0,0,12,0.52,0.34,0,0,7
327,40,40,0,0,0,0,0,0,0,0,0,0,0,0,0,0,0,0,0,12,12,0,2,3,8.004935,2.226424,100,0,0,0,0,0,28,0,0.52,0.34,0,3,7
328,160,159,0,0,1,1,0,0,0,0,172,101,0,5,299,156,69,536,251,109,1698,1,2,3,4.303906,2.072709,100,0,0,0,0,0,110,251,0,0,0,3,7
329,483,0,0,0,252,101,84,33,17,9,170,32,0,2,49,21,2,56,85,168,585,244,2,3,4.7137,2.175822,100,0,0,0,0,0,0,85,0,0,0,0,7
330,0,0,0,0,0,0,0,0,0,0,0,99,0,13,0,0,0,0,142,23,277,0,2,3,4.207143,2.774519,100,0,0,0,0,0,0,142,0,0,0,0,7
331,31,31,0,0,0,0,0,0,0,0,0,103,0,12,669,229,13,159,149,23,1357,0,3,0.5,4.207143,3,100,0,0,0,0,0,21,149,0,0,0,3,7
332,27,24,0,0,2,1,1,0,0,0,0,89,0,30,711,270,16,399,66,18,1599,2,3,0.5,0,0,100,0,0,0,0,0,17,66,0,0,0,3,7
333,346,209,0,0,56,16,15,6,10,6,241,348,0,38,902,1042,376,4053,821,380,8201,53,3,0.5,4.207143,1.916779,100,0,0,0,0,0,144,821,0,0,0,3,7
334,1038,0,0,0,597,306,114,53,35,33,166,80,0,5,44,425,10,254,122,108,1214,541,3,0.5,4.408459,0.919614,100,0,5498,0,0,2,0,122,0,0,0,0,7
335,1637,0,0,0,412,56,72,50,66,152,0,26,0,0,0,1,0,18,8,20,73,396,3,0.5,4.319552,1.729775,100,0,0,0,0,0,0,8,0,0,0,0,7
336,608,0,0,0,161,22,16,28,23,43,0,35,0,0,1,1,51,260,55,23,426,132,3,0.5,4.497779,1.584674,100,0,0,0,0,0,0,55,0,0,0,0,7
337,1218,0,0,0,416,105,82,70,52,85,0,12,0,0,1,0,31,80,6,17,147,394,3,0.5,4.467394,1.325209,100,0,0,0,0,0,0,6,0,0,0,0,7
338,1589,0,0,0,354,36,60,58,63,131,0,12,0,0,1,5,2,30,26,28,104,348,3,0.5,4.772621,0.741881,100,0,0,0,0,0,0,26,0,0,0,0,7
339,796,0,0,0,174,29,29,17,22,72,0,16,0,0,31,0,124,159,87,22,439,169,3,0.5,0,0.18,100,0,0,0,0,0,0,87,0,0,0,0,7
340,0,0,0,0,0,0,0,0,0,0,0,0,0,0,0,0,0,43,0,20,63,0,3,0.5,0,0,100,0,0,0,2560,1,0,0,0,0,0,0,7
341,1390,0,0,0,445,86,123,72,71,88,0,78,0,0,8,5,8,108,37,44,288,440,3,0.5,2.49353,0,100,0,0,0,0,1,0,37,0,0,0,0,7
342,2011,0,0,0,587,69,135,113,101,156,0,12,0,0,0,1,0,89,10,17,129,574,3,0.5,2.518007,0,100,0,0,0,0,1,0,10,0,0,0,0,7
343,63,0,0,0,27,8,9,7,1,2,166,113,0,12,12,790,65,668,295,102,2223,27,3,0.5,0,0.18,100,0,0,0,0,0,0,295,0,0,0,0,7
344,0,0,0,0,0,0,0,0,0,0,0,46,0,4,13,255,79,2694,109,24,3224,0,3,0.5,2.69402,0,100,0,0,0,263,1,0,109,0,0,0,0,7
345,31,0,0,0,6,0,1,0,1,4,170,167,0,0,6,138,594,811,123,95,2104,6,2,3,2.550016,1.5,100,0,0,0,0,0,0,123,0,0,0,0,7
346,8,0,0,0,2,0,1,0,0,1,181,293,0,0,32,270,0,89,109,111,1085,2,2,3,2.682886,1.5,100,0,0,0,0,0,0,109,0,0,0,0,7
347,0,0,0,0,0,0,0,0,0,0,0,135,0,8,485,235,12,219,79,21,1194,0,3,0.5,2.93,1.5,100,0,0,0,0,0,0,79,0,0,0,0,7
348,921,0,0,0,347,94,63,42,37,69,0,153,0,8,38,918,65,378,181,21,1762,305,3,0.5,2.478955,1.5,100,0,0,0,0,0,0,181,0,0,0,0,7
349,225,0,0,0,79,18,9,16,5,19,167,320,0,20,231,827,62,1218,271,95,3211,67,3,0.5,2,1.5,100,0,0,0,0,0,0,271,0,0,0,0,7
350,21,0,0,0,20,19,1,0,0,0,0,295,0,17,103,785,35,1468,188,17,2908,20,3,0.5,2,1.5,100,0,0,0,0,0,0,188,0,0,0,0,7
351,1461,1461,0,0,0,0,0,0,0,0,0,119,0,6,4,91,126,1204,169,21,1740,0,3,0.5,4.508735,1.5,100,0,0,0,0,0,1009,169,0,0,0,4,7
352,213,0,0,0,84,21,15,9,10,16,168,39,0,1,35,286,36,335,59,98,1057,71,3,0.5,4.067166,1.5,100,0,0,0,236,1,0,59,0,0,0,0,7
353,512,0,0,0,157,25,37,27,18,39,167,94,0,5,8,316,89,171,121,99,1070,146,3,0.5,2.258139,1.5,100,0,0,0,0,0,0,121,0,0,0,0,7
354,1976,7,0,0,412,36,67,55,54,189,0,0,0,0,1,2,162,123,28,26,342,401,3,0.5,4.99481,0,100,0,0,0,0,0,5,28,0,0,0,3,7
355,3077,11,0,0,809,90,155,144,132,249,168,14,0,6,22,591,196,460,213,109,1779,770,3,0.5,6.863653,0,100,0,0,872,983,1,8,213,0,0,0,3,7
356,368,0,0,0,115,24,24,21,14,27,0,19,0,5,2645,642,106,401,154,27,3999,110,3,0.5,8.149883,0,100,0,0,0,0,0,0,154,0,0,0,0,7
357,585,0,0,0,192,41,40,31,33,35,0,0,0,0,20,1,37,64,8,17,147,180,3,0.5,8.652612,0,100,0,0,0,0,0,0,8,0,0,0,0,7
358,1948,0,0,0,402,46,50,65,60,171,0,14,0,0,32,43,78,465,10,20,662,392,2,3,8.186043,0,100,0,0,0,0,0,0,10,0,0,0,0,7
359,0,0,0,0,0,0,0,0,0,0,1253,2098,0,0,2,1,27,128,154,245,3908,0,3,0.5,0,0,100,0,0,0,0,0,0,154,0,0,0,0,9
360,374,201,0,0,113,4,21,14,15,5,2881,0,0,0,0,0,16,61,0,267,3225,59,3,0.5,0,0,100,0,0,0,171,1,139,0,0,0,1,2,9
361,3289,9,0,0,1132,183,344,229,176,174,0,21,0,0,12,9,32,121,3,23,221,1106,3,0.5,0,0,100,0,0,0,1505,2,6,3,0,0,0,3,9
362,1871,33,0,0,594,71,193,121,75,114,0,610,0,0,0,7,14,145,68,37,881,574,3,0.5,1.5625,1.81,100,0,0,268,0,2,23,68,0,0,0,3,9
363,670,206,0,0,214,24,59,53,28,10,1979,0,0,0,33,0,22,404,0,239,2677,174,3,0.5,0,0,100,0,0,0,0,0,142,0,0,0,1,2,9
364,1437,5,0,0,585,122,210,127,54,51,0,0,0,0,1,2,19,234,1,22,279,564,3,0.5,5,3,100,0,0,0,2845,0,3,1,0,0,0,3,9
365,4730,43,0,0,2036,582,707,348,214,131,0,0,0,0,7,9,37,157,63,24,297,1982,3,0.5,0,0,100,0,0,0,0,1,30,63,0,0,0,3,9
366,9463,0,0,0,4093,1160,1194,719,489,317,0,78,0,0,4,2,16,235,22,24,381,3879,3,0.5,0,0,100,0,0,0,0,1,0,22,0,0,0,3,9
367,1704,14,0,0,565,70,202,112,77,91,0,0,0,0,0,3,85,191,99,20,398,552,3,0.5,0,0,100,0,0,0,0,1,10,99,0,0,0,3,9
368,6842,117,0,0,1554,151,273,246,237,588,0,0,0,0,2,6,24,336,37,16,421,1495,3,0.5,0,0,100,0,0,0,0,0,81,37,0,0,0,3,9
369,2835,0,0,0,774,10,112,177,218,212,216,0,0,0,7,0,16,837,0,95,1171,729,3,0.5,0,0,100,0,0,0,0,0,0,0,0,0,1,3,9
370,2297,0,0,0,960,267,312,161,103,91,0,74,0,0,0,2,0,69,0,20,165,934,3,0.5,0,0,100,0,0,0,400,1,0,0,0,0,0,0,9
371,929,929,0,0,0,0,0,0,0,0,194,1246,0,17,13,1164,171,287,182,110,3384,0,3,0.5,0,0,100,0,0,0,0,0,642,182,0,0,0,0,9
372,933,0,0,0,347,9,75,61,49,71,0,0,0,0,0,2,4,22,0,0,28,265,3,0.5,0,0,100,0,0,0,0,0,0,0,0,0,0,0,9
373,4338,98,0,0,1219,155,340,209,183,302,0,521,0,0,10,10,147,364,145,26,1223,1189,3,0.5,0,0,100,0,0,0,0,2,68,145,0,0,0,3,9
374,1000,0,0,0,546,206,193,87,28,7,0,165,0,0,1,0,1,8,0,19,194,521,3,0.5,0,0.63,100,0,0,0,0,0,0,0,0,0,0,0,10
375,5160,41,0,0,1652,250,480,336,237,302,0,89,0,4,124,516,158,1099,116,34,2140,1605,3,0.5,2.833333,0,100,0,0,0,1056,2,28,116,0,0,0,2,10
376,139,134,0,0,11,0,0,0,0,1,0,0,0,0,0,0,0,10,0,0,10,1,3,0.5,0,0,100,0,0,0,0,0,93,0,0,0,0,2,10
377,2,2,0,0,0,0,0,0,0,0,0,249,0,5,397,1195,358,1472,351,21,4048,0,3,0.5,5,3,100,0,0,0,0,0,1,351,0,0,0,3,9
378,6,0,0,0,3,1,1,1,0,0,0,261,0,6,770,1050,429,1056,612,22,4206,3,3,0.5,5,3,100,0,0,0,0,0,0,612,0,0,0,0,9
379,3823,0,0,0,989,17,103,198,400,260,0,26,0,0,1,6,5,104,19,22,183,978,3,0.5,0,0,100,0,0,0,0,0,0,19,0,0,0,0,9
380,73,67,113,6,4,3,0,1,0,0,0,249,50,2,95,131,57,661,185,23,1453,4,3,0.5,0,0,100,0,0,0,0,0,46,185,0.44,0.08,0,3,8
381,7,0,258,36,7,7,0,0,0,0,179,795,123,4,631,1302,1450,1631,1003,112,7230,7,3,0.5,0,0,100,0,0,0,0,0,0,1003,0.44,0.08,0,0,8
382,0,0,308,0,0,0,0,0,0,0,0,642,129,5,473,210,405,2517,274,16,4671,0,3,0.5,0,1.16,100,0,0,0,0,0,0,274,0.44,0.08,0,0,8
383,1,0,0,0,1,1,0,0,0,0,0,26,0,0,74,89,13,150,30,18,400,1,3,0.5,0,0,100,0,0,0,0,1,0,30,0.44,0.08,1,4,8
384,1198,337,0,0,228,8,38,51,59,72,0,119,0,0,35,0,212,86,66,23,541,228,3,0.5,0,0,100,0,0,0,483,0,233,66,0,0,1,2,8
385,1872,104,0,0,515,12,54,98,164,131,0,24,0,0,25,2,9,277,1,20,358,459,3,0.5,0,0,100,0,0,977,602,3,72,1,0,0,0,3,8
386,2249,0,0,0,719,36,208,197,172,95,0,197,0,0,1,8,67,128,51,26,478,708,3,0.5,0,1.16,100,0,0,0,1645,2,0,51,0,0,0,0,9
387,877,0,0,0,374,20,199,135,11,2,308,0,0,0,6,0,3,337,27,141,822,367,3,0.5,0,0,100,0,0,0,1283,1,0,27,0,0,0,0,9
388,915,0,0,0,266,9,57,55,78,57,0,167,0,0,2,0,0,43,11,23,246,256,3,0.5,0,0,100,0,0,0,0,0,0,11,0,0,0,0,8
389,3866,0,0,0,1616,154,308,268,319,188,6317,3899,0,8,26,5,142,1051,593,312,12353,1237,3,0.5,0,0,100,0,0,0,621,2,0,593,0,0,1,0,8
390,10,0,0,0,9,0,2,2,0,0,0,0,0,0,0,0,0,0,0,16,16,4,3,0.5,0,0,100,0,0,0,0,1,0,0,0,0,1,0,8
391,603,0,0,0,250,23,128,68,23,5,0,0,0,0,0,2,5,17,0,0,24,247,3,0.5,0,0,100,0,0,0,0,0,0,0,0,0,1,0,8
392,1216,1120,0,0,36,5,9,9,9,2,4446,0,0,0,7,3,19,1143,0,271,5889,34,3,0.5,0,0,100,0,0,0,0,0,774,0,0,0,1,2,8
393,345,0,0,0,129,1,17,14,34,24,0,0,0,0,0,272,7,78,0,0,357,90,3,0.5,0,0,100,0,0,0,0,0,0,0,0,0,0,0,8
394,135,11,0,0,25,2,2,4,6,11,0,3006,0,0,165,293,79,288,725,27,4583,25,3,0.5,0,0,100,0,0,0,1635,0,8,725,0,0,0,3,9
395,3171,0,0,0,850,137,168,132,109,283,0,126,0,8,1,1,29,55,132,26,378,829,3,0.5,0,0.63,100,0,0,0,0,0,0,132,0,0,0,0,10
396,0,0,0,0,0,0,0,0,0,0,0,7,0,0,0,0,0,110,2,19,138,0,3,0.5,0,1.096866,100,0,0,0,320,0,0,2,0,0,0,0,10
397,15,0,0,0,8,3,3,2,0,0,0,0,0,0,28,12,55,235,0,0,330,8,3,0.5,0,0.63,100,0,0,0,0,0,0,0,0,0,0,0,8
398,1657,49,0,0,439,14,56,82,185,95,0,0,0,0,140,1,1,135,0,0,277,432,3,0.5,0,0,100,0,0,0,0,0,34,0,0,0,1,3,8
399,684,0,0,0,192,12,38,41,49,48,0,0,0,0,1,2,1,7,4,9,24,188,3,0.5,4.125,2,100,0,0,0,0,0,0,4,0,0,0,0,10
400,381,2,0,0,101,21,18,11,12,33,0,17,0,0,1,0,1,36,27,19,101,95,3,0.5,4.125,2,100,0,0,0,0,0,1,27,0,0,0,3,10
401,1293,4,0,0,339,41,73,55,60,94,0,48,0,1,57,4,81,552,112,24,879,323,3,0.5,0,3.237169,100,0,0,0,0,0,3,112,0,0,0,3,10
402,526,5,0,0,111,9,26,14,11,49,0,83,0,2,2,29,40,460,159,24,799,109,3,0.5,0,2.845813,100,0,0,319,0,2,3,159,0,0,0,3,10
403,1356,0,0,0,446,70,110,110,65,74,0,90,0,26,1,4,42,145,87,17,412,429,3,0.5,0,2.930829,100,0,0,0,0,0,0,87,0,0,0,0,10
404,315,8,0,0,86,11,23,18,3,27,0,0,0,0,0,2,0,3,0,16,21,82,3,0.5,4.125,2,100,0,0,0,476,1,6,0,0,0,0,3,10
405,4783,0,0,0,1601,254,491,312,238,265,0,67,0,0,4,30,40,186,33,35,395,1560,3,0.5,0,0,100,0,0,0,1142,1,0,33,0,0,0,0,10
406,4046,6,0,0,1563,303,563,297,184,170,0,26,0,0,1,4,10,320,36,17,414,1517,3,0.5,0,0,100,0,0,0,0,0,4,36,0.52,0.34,0,3,10
407,4292,0,0,0,2262,882,772,266,130,95,0,24,0,0,52,119,89,520,8,18,830,2145,3,0.5,4.125,2,100,0,0,280,0,1,0,8,0.52,0.34,0,0,10
408,1113,0,0,0,641,279,204,69,34,13,0,24,0,0,0,0,0,59,38,16,137,599,3,0.5,4.125,2,100,0,0,0,595,1,0,38,0.52,0.34,0,0,10
409,1738,0,0,0,649,143,179,115,88,89,0,16,0,1,6,9,134,193,74,26,459,614,3,0.5,4.125,2,100,0,0,0,0,0,0,74,0.52,0.34,0,0,10
410,1045,9,0,0,266,42,58,38,40,83,0,7,0,0,0,0,9,67,72,16,171,261,3,0.5,0,0,100,0,0,0,0,0,6,72,0.52,0.34,0,3,10
411,456,25,0,0,172,40,39,35,18,22,171,49,0,5,14,88,84,1034,382,159,1986,154,3,0.5,0,0,100,0,0,0,0,0,17,382,0.52,0.34,0,3,10
412,0,0,0,71,0,0,0,0,0,0,0,26,30,2,11,0,90,211,229,18,617,0,3,0.5,4.125,2,100,0,0,0,0,0,0,229,0.52,0.34,0,0,10
413,107,0,0,0,24,3,6,4,3,8,0,131,0,1,84,10,531,2977,1221,16,4971,24,3,0.5,4.125,2,100,0,0,0,0,0,0,1221,0,0,0,0,10
414,3109,0,0,0,1057,121,378,231,159,151,0,0,0,0,5,12,34,120,0,10,181,1040,3,0.5,0,0,100,0,0,0,0,0,0,0,0,0,0,0,10
415,1172,0,0,0,402,30,155,104,58,51,0,0,0,0,0,2,6,61,0,8,77,398,3,0.5,0,0,100,0,0,0,0,0,0,0,0,0,0,0,10
416,2333,0,0,0,860,125,319,187,131,84,0,89,0,0,11,16,6,88,21,20,251,846,3,0.5,0,0,100,0,0,0,0,0,0,21,0,0,0,0,10
417,9,9,0,0,0,0,0,0,0,0,0,197,0,0,0,0,0,48,0,25,270,0,3,0.5,0,0,100,0,0,0,1877,0,6,0,0,0,0,4,10
418,2194,6,0,0,784,109,292,168,117,89,0,0,0,0,37,11,10,34,0,0,92,775,3,0.5,0,0,100,0,0,0,0,0,4,0,0,0,0,3,10
419,268,0,0,0,104,16,47,17,16,8,0,0,0,0,0,1,0,71,13,17,102,104,3,0.5,0,0,100,0,0,0,0,0,0,13,0,0,0,0,10
420,944,0,0,0,283,38,71,59,45,65,0,0,0,0,3,1,4,13,0,9,30,278,3,0.5,0,0,100,0,0,0,0,0,0,0,0,0,0,0,10
421,5136,23,0,0,1739,266,507,351,291,270,0,0,0,0,3,6,12,103,0,16,140,1685,3,0.5,0,0,100,0,0,0,560,1,16,0,0,0,0,3,10
422,1649,0,0,0,516,81,147,109,76,94,0,0,0,0,0,2,6,93,0,0,101,507,3,0.5,0,0,100,0,0,0,0,0,0,0,0,0,0,0,10
423,1179,7,0,0,370,61,106,64,52,75,0,0,0,0,11,15,28,137,0,12,203,358,3,0.5,0,1.5,100,0,0,0,0,0,5,0,0,0,0,2,10
424,982,179,0,0,274,67,70,41,41,46,0,7,0,0,15,13,202,564,262,24,1087,265,3,0.5,0,1.5,100,0,0,0,0,0,124,262,0,0,0,2,10
425,510,0,0,0,141,22,33,22,16,43,0,0,0,0,135,2,40,488,166,21,852,136,3,0.5,0,0,100,0,0,0,0,0,0,166,0,0,0,0,10
426,1,0,0,0,1,1,0,0,0,0,168,10,0,0,1,188,117,221,130,103,938,1,3,0.5,0,0,100,0,0,0,546,0,0,130,0,0,0,0,10
427,165,0,0,0,58,14,15,9,5,12,0,7,0,0,59,4,43,535,118,21,787,55,3,0.5,0,0,100,0,0,0,0,1,0,118,0,0,0,0,10
428,0,0,0,0,0,0,0,0,0,0,0,0,0,0,0,0,0,0,0,0,0,0,3,0.5,0,0,100,0,0,0,0,0,0,0,0,0,0,0,10
429,582,28,0,0,127,17,26,19,17,46,0,154,0,0,247,3,11,25,65,25,530,125,3,0.5,0,0,100,0,0,0,0,0,19,65,0,0,0,3,10
430,704,119,0,0,331,200,49,15,20,26,0,131,0,0,13,5,112,448,178,26,913,310,3,0.5,0,1.5,100,0,0,0,0,0,82,178,0,0,0,4,10
431,719,0,0,0,237,55,55,30,34,50,188,90,0,0,2,4,10,80,116,204,694,224,3,0.5,0,0,100,0,0,0,0,0,0,116,0,0,0,0,10
432,5290,3241,0,0,637,21,158,147,193,95,0,0,0,0,2,10,3,82,0,15,112,614,3,0.5,0,0,100,0,0,0,418,1,2239,0,0,0,1,2,10
433,3547,10,0,0,1415,500,325,206,145,187,0,131,0,1,71,2,22,342,444,247,1260,1363,3,0.5,0,0,100,0,0,0,574,1,7,444,0,0,0,3,10
434,1121,6,0,0,348,44,84,73,60,73,0,0,0,0,0,2,1,10,0,0,13,334,3,0.5,0,0,100,0,0,0,0,0,4,0,0,0,0,4,10
435,2748,9,0,0,851,111,258,171,132,162,0,48,0,0,4,23,6,198,8,23,310,834,3,0.5,0,0,100,0,0,335,1364,3,6,8,0,0,0,3,10
436,2558,5,0,0,805,87,284,159,114,153,0,89,0,0,2,7,22,69,0,20,209,797,3,0.5,0,0,100,0,0,0,0,2,3,0,0,0,0,4,10
437,4818,45,0,0,1482,179,465,304,205,304,0,0,0,8,3,10,19,191,11,18,260,1457,3,0.5,0,0,100,0,0,0,814,1,31,11,0,0,0,3,10
438,40,0,0,0,12,1,5,2,0,4,701,261,0,6,77,398,73,515,75,211,2317,12,3,0.5,0,0,100,0,0,0,0,0,0,75,0,0,0,0,10
439,6864,7,0,0,2071,230,631,410,303,454,0,37,0,8,4,3,34,118,23,20,247,2028,3,0.5,0,0,100,0,0,0,651,2,5,23,0,0,0,3,10
440,610,9,0,0,226,50,59,49,23,30,0,0,0,0,0,0,0,35,0,40,75,211,3,0.5,0,0,100,0,8266,0,0,6,6,0,0,0,0,2,14
441,5839,142,0,0,1202,98,220,159,152,545,0,62,0,0,4,2,14,51,12,36,181,1174,3,0.5,0,0,100,0,0,0,0,0,98,12,0,0,0,3,14
442,2338,22,0,0,493,54,87,64,52,216,0,30,0,0,5,110,7,41,6,26,225,473,3,0.5,0,0,100,0,0,0,2502,0,15,6,0,0,0,3,14
443,82,0,0,0,16,0,1,4,3,8,0,306,0,0,0,0,0,3,0,10,319,16,3,0.5,0,0,100,0,0,0,0,0,0,0,0,0,1,0,14
444,696,0,0,0,136,11,13,17,14,77,0,33,0,2,4,0,2,181,13,27,262,132,3,0.5,1,0,100,0,0,575,0,1,0,13,0,0,0,0,14
445,351,9,0,0,74,7,15,4,10,37,0,21,0,1,0,0,45,102,46,22,237,73,3,0.5,1,0,100,0,0,0,0,0,6,46,0,0,0,3,14
446,1416,15,0,0,361,62,58,50,63,110,0,49,0,9,7,25,7,557,75,19,748,343,3,0.5,1,0,100,0,0,0,0,0,10,75,0,0,0,3,14
447,1802,11,0,0,835,300,176,65,41,106,0,122,0,8,5,11,101,583,169,18,1017,688,3,0.5,1,0,100,0,0,0,500,0,8,169,0,0,0,3,14
448,1328,47,0,0,261,24,31,39,33,124,0,5,0,0,4,10,3,32,7,18,79,251,3,0.5,1,0,100,0,0,0,1343,0,32,7,0,0,0,3,14
449,2570,120,0,0,501,52,71,72,73,223,0,17,0,0,1,2,7,139,37,30,233,491,3,0.5,0,0,100,0,0,144,427,2,83,37,0,0,0,3,14
450,3475,78,0,0,704,89,96,82,93,329,0,0,0,0,1,3,8,45,0,15,72,689,3,0.5,0,0,100,0,0,0,0,0,54,0,0,0,0,3,14
451,3176,155,0,0,695,68,95,112,133,269,33,44,0,0,8,254,104,564,16,126,1149,677,3,0.5,0,0,100,0,0,0,0,0,107,16,0,0,0,3,14
452,1403,19,0,0,306,29,74,45,33,119,0,1,0,0,1,2,7,30,0,18,59,300,3,0.5,0,0,100,0,0,0,0,0,13,0,0,0,0,3,14
453,1332,17,0,0,325,31,46,48,51,130,0,0,0,0,0,1,0,14,0,25,40,306,3,0.5,0,0,100,0,0,0,992,1,12,0,0,0,0,3,14
454,3100,49,0,0,780,70,122,129,119,275,0,23,0,12,1,191,86,202,152,9,676,715,3,0.5,0,0,100,0,0,0,1777,1,34,152,0,0,0,3,14
455,176,0,0,0,32,2,2,7,6,15,0,42,0,19,8,742,126,320,253,0,1510,32,3,0.5,0,0,100,0,0,0,0,0,0,253,0,0,0,0,14
456,1965,0,0,0,516,37,94,83,106,176,0,37,0,0,8,0,157,627,350,25,1204,496,3,0.5,0,0,100,0,0,0,0,1,0,350,0,0,0,0,14
457,3133,156,0,0,774,76,147,101,122,261,0,17,0,0,0,0,108,251,109,15,500,707,3,0.5,0,0,100,0,0,0,0,0,108,109,0,0,0,3,14
458,2331,70,0,0,495,43,92,70,64,211,0,0,0,0,2,4,8,43,12,21,90,480,3,0.5,0,0,100,0,0,0,0,0,48,12,0,0,0,3,14
459,1785,0,0,0,360,28,64,47,49,168,0,0,0,0,0,3,4,23,0,25,55,356,3,0.5,0,0,100,0,0,0,819,1,0,0,0,0,0,0,14
460,2323,0,0,0,884,185,251,183,165,76,0,0,0,0,2,73,48,321,0,45,489,860,3,0.5,0,0,100,0,0,0,0,0,0,0,0,0,0,3,14
461,1706,0,0,0,656,107,240,117,112,59,0,10,0,0,2,8,6,244,323,206,799,635,3,0.5,0,0,100,0,0,0,0,0,0,323,0,0,0,0,14
462,1631,0,0,0,632,126,186,121,111,58,0,51,0,0,3,11,46,307,746,78,1242,602,3,0.5,0,0,100,0,0,0,0,0,0,746,0,0,0,0,14
463,1819,0,0,0,768,178,263,164,97,43,0,3,0,0,4,8,21,133,46,34,249,745,3,0.5,0,0,100,0,0,0,0,0,0,46,0,0,0,0,14
464,2668,45,0,0,596,52,106,95,86,241,0,0,0,0,3,2,16,30,0,14,65,580,3,0.5,0,0,100,0,0,0,0,1,31,0,0,0,0,3,15
465,1508,8,0,0,559,98,180,116,91,59,0,5,0,0,1,2,2,60,0,17,87,544,3,0.5,0,0,100,0,0,0,0,0,6,0,0,0,0,3,15
466,2235,0,0,0,807,143,235,182,137,91,0,1,0,0,4,2,9,61,0,14,91,788,3,0.5,2.5,0,100,0,0,0,0,0,0,0,0,0,0,0,15
467,3906,0,0,0,1596,434,443,293,227,138,0,3,0,0,16,3,91,514,50,23,700,1535,3,0.5,0,0,100,0,0,0,757,1,0,50,0,0,0,0,15
468,33,0,0,0,13,2,6,2,2,1,0,85,0,0,32,280,214,632,92,11,1346,13,3,0.5,2.5,0,100,0,0,0,0,0,0,92,0,0,0,0,15
469,1351,0,0,0,512,98,152,109,80,53,0,87,0,0,146,657,25,735,127,12,1789,492,3,0.5,2.5,0,100,0,0,0,0,0,0,127,0,0,0,0,15
470,0,0,0,0,0,0,0,0,0,0,0,0,0,0,0,0,0,0,0,0,0,0,3,0.5,2.5,0,100,0,0,0,0,0,0,0,0,0,0,0,15
471,0,0,0,0,0,0,0,0,0,0,0,0,0,0,0,0,0,0,0,0,0,0,3,0.5,0,0,100,0,0,0,0,0,0,0,0,0,0,0,15
472,0,0,0,0,0,0,0,0,0,0,0,0,0,0,0,0,0,0,0,0,0,0,3,0.5,0,0,100,0,0,0,0,0,0,0,0,0,0,0,15
473,1,0,0,0,1,1,0,0,0,0,0,0,0,0,0,0,0,0,0,0,0,1,3,0.5,0,0,100,0,0,0,0,0,0,0,0,0,0,0,15
474,276,276,0,0,0,0,0,0,0,0,0,0,0,0,0,0,0,0,0,0,0,0,3,0.5,0,0,100,0,0,0,0,0,191,0,0,0,0,3,15
475,0,0,0,0,0,0,0,0,0,0,31,12,0,0,0,0,0,0,10,242,295,0,3,0.5,0,0,100,0,0,0,0,0,0,10,0,0,0,3,15
476,0,0,0,0,0,0,0,0,0,0,0,0,0,0,0,0,0,0,0,0,0,0,3,0.5,0,0,100,0,0,0,0,0,0,0,0,0,0,3,15
477,0,0,0,0,0,0,0,0,0,0,0,0,0,0,0,0,0,0,116,160,276,0,3,0.5,0,0,100,0,0,0,0,0,0,116,0,0,0,3,15
478,0,0,0,0,0,0,0,0,0,0,31,0,0,0,0,0,0,0,0,57,88,0,3,0.5,0,0,100,0,0,0,0,0,0,0,0,0,0,3,15
479,0,0,0,0,0,0,0,0,0,0,44,0,0,0,0,0,0,0,5,139,188,0,3,0.5,0,0,100,0,0,0,0,0,0,5,0,0,0,3,15
480,0,0,0,0,0,0,0,0,0,0,25,0,0,0,0,0,0,0,8,29,62,0,3,0.5,0,0,100,0,0,0,0,0,0,8,0,0,0,3,15
481,0,0,0,0,0,0,0,0,0,0,0,0,0,0,0,0,0,0,0,0,0,0,3,0.5,0,0,100,0,0,0,0,0,0,0,0,0,0,0,16
482,1075,0,0,0,356,29,123,83,53,58,0,7,0,8,0,0,4,17,8,22,66,346,3,0.5,0,0,100,0,0,0,0,0,0,8,0,0,0,0,16
483,2044,0,0,0,684,69,227,157,112,105,0,0,0,0,5,0,15,56,0,0,76,670,3,0.5,0,0,100,0,0,0,0,0,0,0,0,0,0,0,16
484,2769,0,0,0,866,72,280,187,172,148,0,1,0,4,4,14,24,118,145,18,328,859,3,0.5,0,0,100,0,0,0,0,0,0,145,0,0,0,0,16
485,2636,0,0,0,939,150,315,179,139,130,0,7,0,0,9,2,14,43,25,27,127,913,3,0.5,0,0,100,0,0,0,0,0,0,25,0,0,0,0,16
486,1119,0,0,0,350,34,97,84,61,66,0,0,0,0,3,2,18,30,0,21,74,342,3,0.5,0,0,100,0,0,0,649,1,0,0,0,0,0,0,16
487,1768,0,0,0,556,43,157,150,105,93,0,0,0,0,5,1,4,231,8,26,275,548,3,0.5,0,0,100,0,0,705,0,1,0,8,0,0,0,0,16
488,2102,0,0,0,740,120,200,171,128,94,0,0,0,0,1,3,6,62,0,16,88,713,3,0.5,0,0,100,0,0,0,0,0,0,0,0,0,0,0,16
489,1559,0,0,0,501,42,148,126,103,75,0,0,0,0,2,16,5,23,0,0,46,494,3,0.5,0,0,100,0,0,0,0,0,0,0,0,0,0,0,16
490,761,0,0,0,256,35,68,63,47,39,0,26,0,0,79,12,138,1036,471,19,1781,252,3,0.5,0,0,100,0,0,0,0,0,0,471,0,0,0,0,16
491,943,0,0,0,307,32,89,81,52,48,0,1,0,0,2,3,1,53,0,17,77,302,3,0.5,0,0,100,0,0,0,0,0,0,0,0,0,0,0,16
492,2850,0,0,0,997,153,302,218,158,141,0,0,0,0,3,8,11,88,0,11,121,972,3,0.5,0,0,100,0,0,0,0,0,0,0,0,0,0,0,16
493,10089,0,0,0,3623,674,940,725,779,415,0,3,0,0,4,46,85,487,10,129,764,3533,3,0.5,0,0,100,0,0,0,830,1,0,10,0,0,0,0,16
494,9404,0,0,0,3046,354,745,650,790,449,0,1,0,0,12,28,9,216,10,264,540,2988,3,0.5,0,0,100,0,0,0,2828,0,0,10,0,0,0,0,16
495,1572,0,0,0,713,169,272,129,76,32,43,32,0,0,963,137,121,400,66,269,2031,678,3,0.5,0,0,100,0,0,0,0,0,0,66,0,0,0,0,16
496,2386,0,0,0,1096,335,330,170,98,82,0,0,0,0,0,1,1,99,0,9,110,1015,3,0.5,0,0,100,0,0,0,0,0,0,0,0,0,0,0,16
497,1276,0,0,0,357,43,89,66,49,100,0,0,0,0,1,4,7,32,0,11,55,347,3,0.5,0,0,100,0,0,0,0,0,0,0,0,0,0,0,16
498,881,0,0,0,258,23,61,59,62,51,0,0,0,0,0,2,3,23,0,0,28,256,3,0.5,0,0,100,0,0,0,0,0,0,0,0,0,0,0,16
499,693,0,0,0,217,42,47,33,31,51,0,0,0,0,1,2,2,9,13,17,44,204,3,0.5,0,0,100,0,0,0,0,0,0,13,0,0,0,0,16
500,1515,0,0,0,463,42,123,106,77,95,0,5,0,0,0,9,27,47,0,23,111,443,3,0.5,0,0,100,0,0,0,657,1,0,0,0,0,0,0,16
501,830,0,0,0,264,35,71,54,54,45,0,30,0,0,4,0,231,578,296,5,1144,259,3,0.5,0,0,100,0,0,20,0,1,0,296,0,0,0,0,16
502,709,0,0,0,217,24,66,50,33,41,0,0,0,0,7,2,18,37,0,11,75,214,3,0.5,0,0,100,0,0,0,0,1,0,0,0,0,0,0,16
503,1178,0,0,0,387,61,113,66,60,77,0,0,0,0,0,37,4,36,0,26,103,377,3,0.5,0,0,100,0,0,0,3022,1,0,0,0,0,0,0,16
504,1461,0,0,0,526,84,166,106,81,68,0,0,0,0,1,19,3,22,0,11,56,505,3,0.5,0,0,100,0,0,0,0,0,0,0,0,0,0,0,16
505,1317,0,0,0,420,53,128,75,71,84,0,0,0,1,1,1,8,322,4,22,359,411,3,0.5,0,0,100,0,0,0,0,0,0,4,0,0,0,0,16
506,993,0,0,0,443,113,159,77,42,27,0,0,0,6,2,0,2,148,55,16,229,418,3,0.5,0,0,100,0,0,0,0,0,0,55,0,0,0,0,16
507,792,0,0,0,268,13,81,86,35,39,0,0,0,0,2,1,3,50,0,0,56,254,3,0.5,0,0,100,0,0,0,0,0,0,0,0,0,0,0,16
508,129,0,0,0,73,11,35,12,3,0,0,0,0,0,6,0,10,125,0,0,141,61,3,0.5,0,0,100,0,0,0,520,0,0,0,0,0,0,0,16
509,280,30,0,0,85,7,28,20,17,10,1785,0,0,0,0,0,0,10,0,44,1839,82,3,0.5,0,0,100,0,0,0,812,1,21,0,0,0,1,2,16
510,433,0,0,0,167,22,63,35,17,20,0,0,0,0,1,1,2,20,0,0,24,157,3,0.5,0,0,100,0,0,0,0,0,0,0,0,0,0,0,16
511,0,0,0,0,0,0,0,0,0,0,4814,0,0,0,0,68,0,0,0,22,4904,0,3,0.5,0,0,100,0,0,0,0,0,0,0,0,0,1,0,16
512,0,0,0,0,0,0,0,0,0,0,0,1094,0,0,0,0,0,0,33,24,1151,0,3,0.5,0,0,100,0,0,0,0,0,0,33,0,0,1,3,16
513,2977,3,0,0,948,164,238,167,143,192,0,17,0,0,1,2,14,80,18,23,155,904,3,0.5,0,0,100,0,0,227,416,2,2,18,0,0,0,3,17
514,2830,15,0,0,889,137,238,145,141,190,0,0,0,0,4,9,8,66,0,16,103,851,3,0.5,0,0,100,0,0,0,0,0,10,0,0,0,0,3,17
515,458,0,0,0,148,31,34,25,13,40,0,16,0,0,0,0,1,9,27,24,77,143,3,0.5,0,0,100,0,0,0,493,1,0,27,0,0,0,3,17
516,1640,0,0,0,574,120,158,92,80,94,0,67,0,0,1,5,9,91,6,31,210,544,3,0.5,0,0,100,0,0,236,2699,5,0,6,0,0,0,0,17
517,1577,1,0,0,561,162,133,67,65,106,0,71,0,2,3,1,54,327,107,25,590,533,3,0.5,0,0,100,0,0,0,0,0,1,107,0,0,0,3,17
518,728,13,0,0,291,113,67,23,28,44,0,67,0,1,7,8,20,214,66,24,407,275,3,0.5,0,0,100,0,0,0,0,0,9,66,0,0,0,3,17
519,1525,109,0,0,493,112,103,70,60,107,0,288,0,4,49,64,103,996,179,20,1703,452,3,0.5,0,0,100,0,0,0,0,0,75,179,0,0,0,3,17
520,932,5,0,0,289,43,78,49,35,67,0,174,0,6,8,0,0,35,62,24,309,272,3,0.5,0,0,100,0,0,151,0,1,3,62,0,0,0,3,17
521,1090,15,0,0,355,75,96,53,41,74,0,105,0,1,3,2,38,275,70,20,514,339,3,0.5,0,0,100,0,0,0,0,0,10,70,0.52,0.34,0,3,17
522,1536,0,0,15,505,92,110,60,69,113,0,32,7,1,2,0,4,123,48,24,241,444,3,0.5,0,0,100,0,0,0,0,0,0,48,0.52,0.34,0,0,17
523,1118,8,0,0,498,134,96,57,40,73,0,37,0,0,0,0,3,14,13,24,91,400,3,0.5,0,0,100,0,0,0,0,0,6,13,0.52,0.34,0,4,17
524,972,0,0,0,343,70,121,51,31,63,0,28,0,1,3,0,6,34,13,21,106,336,3,0.5,0,0,100,0,0,0,437,1,0,13,0.52,0.34,0,3,17
525,439,0,0,0,257,114,82,31,8,6,0,7,0,0,0,0,11,40,22,26,106,241,3,0.5,0,0,100,0,0,0,0,0,0,22,0.52,0.34,0,0,17
526,3947,251,0,0,943,89,180,135,161,322,0,0,0,119,0,5,24,38,7,0,193,887,3,0.5,0,0,100,0,0,0,573,0,173,7,0,0,0,2,17
527,0,0,0,0,0,0,0,0,0,0,0,0,0,39,0,0,0,0,0,6,45,0,3,0.5,0,0,100,0,0,0,0,0,0,0,0,0,0,0,17
528,1196,0,0,0,259,8,36,51,43,117,0,0,0,20,0,0,2,18,0,9,49,255,3,0.5,0,0,100,0,0,0,0,0,0,0,0,0,0,0,17
529,0,0,0,0,0,0,0,0,0,0,0,0,0,0,0,0,0,0,0,0,0,0,3,0.5,0,0,100,0,0,0,0,0,0,0,0,0,0,0,17
530,247,0,0,0,65,7,11,13,9,23,0,0,0,0,1,1,2,45,0,0,49,63,3,0.5,0,0,100,0,0,0,0,0,0,0,0,0,0,0,17
531,0,0,0,0,0,0,0,0,0,0,0,0,0,0,0,0,0,0,0,0,0,0,3,0.5,0,0,100,0,0,0,0,0,0,0,0,0,0,0,17
532,0,0,0,0,0,0,0,0,0,0,0,0,0,4,0,0,0,0,0,10,14,0,3,0.5,0,0,100,0,0,0,0,0,0,0,0,0,0,0,17
533,2560,921,0,0,826,64,251,120,47,94,0,0,0,0,1,6,11,17,0,21,56,576,3,0.5,0,0,100,0,0,0,936,1,636,0,0,0,1,2,17
534,1271,0,0,0,408,20,113,84,82,78,0,2577,0,4,57,1,0,200,448,9,3296,377,3,0.5,0,0,100,0,0,0,0,0,0,448,0,0,1,2,17
535,3403,2522,0,0,239,4,23,61,95,50,2047,0,0,0,50,4,1,5,28,48,2183,233,3,0.5,0,0,100,0,0,0,0,0,1743,28,0.52,0.34,1,2,17
536,4243,0,0,0,1231,48,176,257,371,288,1107,0,0,0,3,5,3,38,25,37,1218,1140,3,0.5,0,0,100,0,0,0,1141,0,0,25,0,0,1,2,17
537,0,0,192,0,0,0,0,0,0,0,258,26,80,0,0,0,0,0,0,33,397,0,3,0.5,0,0,100,0,0,0,0,0,0,0,0,0,1,0,17
538,4893,123,0,0,1316,47,153,308,471,297,3089,17,0,0,21,3,666,458,16,45,4315,1276,3,0.5,0,0,100,0,0,0,0,1,85,16,0,0,1,2,17
539,457,0,0,0,119,9,19,12,26,43,47,55,0,253,0,3,0,6,100,0,464,109,3,0.5,0,0,100,0,0,0,0,0,0,100,0,0,0,0,17
540,0,0,0,0,0,0,0,0,0,0,0,0,0,0,0,0,7,44,16,16,83,0,3,0.5,0,0,100,0,0,0,0,0,0,16,0,0,0,0,16
541,3247,0,0,0,975,67,250,201,240,192,52,0,0,0,1,15,19,92,66,242,487,950,3,0.5,0,0,100,0,0,0,0,0,0,66,0,0,0,0,14
542,3536,0,0,0,1147,183,315,220,175,220,0,0,0,0,10,30,30,396,303,78,847,1113,3,0.5,0,0,100,0,0,0,0,0,0,303,0,0,0,0,14
543,4120,0,0,0,1046,66,213,205,198,342,0,0,0,0,9,8,8,221,4,26,276,1024,3,0.5,0,0,100,0,0,0,0,0,0,4,0,0,0,0,14
544,3622,0,0,0,928,71,193,184,158,302,0,0,0,0,18,11,12,206,63,60,370,908,3,0.5,0,0,100,0,0,0,941,1,0,63,0,0,0,0,14
545,0,0,0,0,0,0,0,0,0,0,0,0,0,0,0,0,0,0,0,0,0,0,3,0.5,0,0,100,0,0,0,0,0,0,0,0,0,0,0,11
546,0,0,0,0,0,0,0,0,0,0,0,0,0,0,0,0,0,0,0,99,99,0,3,0.5,0,0,100,0,0,0,0,0,0,0,0,0,0,0,11
547,443,83,0,0,107,25,17,16,15,26,0,12,0,0,11,1,1,1781,0,57,1863,99,3,0.5,0,0,100,0,0,0,0,0,57,0,0,0,0,4,11
548,2229,5,0,0,594,37,152,118,109,174,0,19,0,0,21,3,10,62,6,29,150,590,3,0.5,0,0,100,0,0,0,0,0,3,6,0,0,0,3,11
549,27,0,0,0,7,0,2,0,2,2,0,12,0,0,0,0,0,5,0,26,43,6,3,0.5,0,0,100,0,0,0,0,0,0,0,0,0,0,0,11
550,3067,0,0,0,891,92,213,160,173,228,0,0,0,0,0,52,8,39,0,16,115,866,3,0.5,0,0,100,0,0,0,0,0,0,0,0,0,0,0,11
551,4853,0,0,0,1403,177,269,245,261,388,0,16,0,0,5,18,20,127,0,107,293,1340,3,0.5,0,0,100,0,0,0,1440,0,0,0,0,0,0,0,11
552,6543,0,0,0,2523,546,681,476,333,323,0,0,0,0,5,7,16,288,0,16,332,2359,3,0.5,0,0,100,0,0,0,0,0,0,0,0,0,0,0,11
553,1237,0,0,0,340,24,67,65,91,87,0,0,0,6,5,5,3,23,19,50,111,334,3,0.5,0,0,100,0,0,0,0,0,0,19,0,0,0,0,11
554,3799,0,0,0,1299,213,352,245,220,213,0,0,0,1,5,12,32,440,44,38,572,1243,3,0.5,0,0,100,0,0,0,0,0,0,44,0,0,0,0,11
555,5997,0,0,0,1661,84,315,314,400,471,0,32,0,6,14,6,27,135,28,342,590,1584,3,0.5,0,0,100,0,0,0,0,0,0,28,0,0,0,0,11
556,2917,44,0,0,617,34,126,95,79,268,0,26,0,0,1,2,6,103,5,16,159,602,3,0.5,0,0,100,0,0,0,0,1,30,5,0,0,0,3,11
557,3494,27,0,0,694,28,111,76,99,361,0,56,0,0,5,2,7,51,1,29,151,675,3,0.5,0,0,100,0,0,0,0,0,19,1,0,0,0,3,11
558,2776,0,0,0,620,44,101,83,80,285,0,108,0,0,0,1,6,103,28,25,271,593,3,0.5,0,0,100,0,0,304,4573,5,0,28,0,0,0,0,11
559,518,7,0,0,117,14,17,16,15,50,0,30,0,1,3,0,1,155,39,20,249,112,3,0.5,0,0,100,0,0,0,0,0,5,39,0,0,0,3,11
560,479,0,0,0,128,7,22,18,28,45,0,0,0,0,12,113,17,209,0,0,351,120,3,0.5,0,0,100,0,0,0,0,0,0,0,0,0,0,0,11
561,4143,0,0,0,1317,168,299,282,269,239,0,0,0,0,3,5,17,78,0,24,127,1257,3,0.5,0,0,100,0,0,0,745,1,0,0,0,0,0,0,11
562,1696,0,4,0,484,52,107,75,63,132,0,1,2,0,4,0,8,28,3,19,65,429,3,0.5,0,0,100,0,0,0,0,0,0,3,1,0,0,0,11
563,3683,29,0,0,1005,117,208,166,120,319,0,48,0,0,2,10,54,388,174,13,689,930,3,0.5,0,0,100,0,0,0,437,1,20,174,1,0,0,3,11
564,7339,0,0,0,2527,284,706,514,466,386,0,0,0,0,8,31,27,228,1,373,668,2356,3,0.5,0,0,100,0,0,0,827,0,0,1,0,0,0,0,11
565,624,8,0,0,269,15,52,37,47,36,0,0,0,0,1,2,25,138,0,121,287,187,3,0.5,0,0,100,0,0,0,0,0,6,0,0,0,0,3,11
566,438,0,0,0,133,10,29,25,34,26,0,0,0,0,0,0,12,37,0,44,93,124,3,0.5,0,0,100,0,0,0,750,0,0,0,0,0,0,0,11
567,320,0,0,0,131,13,51,22,12,16,0,0,0,0,0,0,14,50,0,42,106,114,3,0.5,0,0,100,0,0,0,0,0,0,0,0,0,0,0,11
568,2982,6,0,0,717,116,113,102,89,275,0,1,0,0,0,5,10,49,0,108,173,695,3,0.5,0,0,100,0,0,0,0,1,4,0,0,0,0,3,11
569,2977,4,0,0,689,48,86,110,132,296,0,35,0,0,2,5,33,161,3,85,324,672,3,0.5,0,0,100,0,0,170,1001,2,3,3,0,0,0,4,11
570,149,0,0,0,46,8,10,5,10,11,0,0,0,0,0,0,4,2,0,12,18,44,3,0.5,0,0,100,0,0,0,0,0,0,0,0,0,0,0,11
571,1174,0,0,0,390,53,110,67,70,71,39,0,0,0,15,0,39,18,0,0,111,371,3,0.5,0,0,100,0,0,0,0,0,0,0,0,0,1,0,12
572,0,0,0,0,1,0,0,0,0,0,39,0,0,0,4,0,3,16,0,0,62,0,3,0.5,0,0,100,0,0,0,0,0,0,0,0,0,1,0,12
573,0,0,0,0,15,0,0,0,0,0,157,0,0,0,20,2,32,27,0,0,238,0,3,0.5,0,0,100,0,0,0,0,0,0,0,0,0,1,0,12
574,961,645,0,0,132,35,43,27,9,12,157,0,0,0,9,11,28,100,0,0,305,126,3,0.5,0,0,100,0,0,0,525,1,446,0,0,0,1,3,12
575,0,0,0,0,0,0,0,0,0,0,0,153,0,0,351,995,107,373,159,0,2138,0,3,0.5,0,0,100,0,0,0,0,0,0,159,0,0,0,0,12
576,0,0,0,0,0,0,0,0,0,0,0,122,0,0,206,734,114,261,131,0,1568,0,3,0.5,0,0,100,0,0,0,0,0,0,131,0,0,0,0,12
577,0,0,0,0,0,0,0,0,0,0,0,71,0,0,236,814,98,263,72,15,1569,0,3,0.5,0,0,100,0,0,0,0,0,0,72,0,0,0,0,12
578,4,0,0,0,2,0,2,0,0,0,0,1,0,0,41,278,3,88,15,204,630,2,3,0.5,0,0,100,0,0,0,0,0,0,15,0,0,0,0,12
579,0,0,0,0,0,0,0,0,0,0,0,0,0,0,0,0,0,0,0,69,69,0,3,0.5,0,0,100,0,0,0,0,0,0,0,0,0,0,0,12
580,1,0,0,0,1,1,0,0,0,0,0,58,0,0,11,264,8,129,15,240,725,1,3,0.5,0,0,100,0,0,0,0,0,0,15,0,0,0,0,12
581,752,0,0,0,453,94,153,58,30,11,0,0,0,0,3,4,2,49,0,31,89,346,3,0.5,0,0,100,0,0,0,0,0,0,0,0,0,0,0,12
582,51,0,387,0,268,4,16,1,3,0,0,0,161,0,25,3,4,1172,87,182,1634,24,3,0.5,0,0,100,0,0,0,0,0,0,87,0.52,0.34,0,0,12
583,996,0,0,0,710,82,217,74,46,14,0,0,0,0,18,2,5,521,210,145,901,433,3,0.5,0,0,100,0,0,0,0,0,0,210,0,0,0,0,12
584,0,0,0,1,0,0,0,0,0,0,0,0,1,0,0,0,0,0,0,0,1,0,3,0.5,0,0,100,0,0,0,0,0,0,0,0,0,0,0,12
585,360,14,0,0,81,6,18,14,11,29,0,0,0,0,1,0,1,25,0,22,49,78,3,0.5,0,0,100,0,0,0,0,0,10,0,0,0,0,3,12
586,0,0,0,0,0,0,0,0,0,0,0,0,0,0,0,0,0,15,0,41,56,0,3,0.5,1.256351,0,100,0,0,0,0,0,0,0,0,0,0,0,12
587,0,0,0,0,0,0,0,0,0,0,0,0,0,0,0,0,0,8,0,0,8,0,3,0.5,1.22582,0,100,0,0,0,0,0,0,0,0,0,0,0,12
588,954,0,0,0,232,13,55,33,31,90,0,0,0,0,2,3,2,13,0,0,20,222,3,0.5,0,0,100,0,0,0,0,0,0,0,0,0,0,0,12
589,0,0,0,0,0,0,0,0,0,0,0,165,0,0,55,0,92,154,319,454,1239,0,3,0.5,1.35611,0,100,0,0,0,0,0,0,319,0,0,0,0,12
590,4,0,0,0,2,1,0,1,0,0,0,46,0,0,11,8,74,320,687,559,1705,2,3,0.5,0,0,100,0,0,0,0,0,0,687,0,0,0,0,12
591,0,0,0,0,0,0,0,0,0,0,0,0,0,0,0,0,0,7,0,44,51,0,3,0.5,0,0,100,0,0,0,0,0,0,0,0,0,0,0,12
592,0,0,0,0,0,0,0,0,0,0,0,97,0,0,6,0,5,13,98,333,552,0,3,0.5,0,0,100,0,0,0,0,0,0,98,0,0,0,3,12
593,0,0,0,0,0,0,0,0,0,0,0,2123,0,2,12,77,318,379,59,1154,4124,0,3,0.5,1.447697,0,100,0,0,0,0,0,0,59,0,0,0,3,12
594,0,0,0,0,0,0,0,0,0,0,0,0,0,0,0,0,0,0,0,70,70,0,3,0.5,1.40625,0,100,0,0,0,0,0,0,0,0,0,0,3,12
595,241,112,0,0,59,15,17,7,11,3,0,0,0,0,655,13,374,1738,0,50,2830,53,3,0.5,0,0,100,0,0,0,0,0,77,0,0,0,0,3,12
596,0,0,0,0,0,0,0,0,0,0,0,3,0,0,0,0,0,0,2,51,56,0,3,0.5,1.475,0,100,0,0,0,0,0,0,2,0,0,0,3,12
597,2178,0,0,0,533,31,74,99,131,193,0,0,0,0,2,3,10,33,0,533,581,528,3,0.5,0,0,100,0,0,0,4650,0,0,0,0,0,0,0,12
598,0,0,0,0,0,0,0,0,0,0,0,0,0,0,0,1,3,0,0,0,4,0,3,0.5,0,0,100,0,0,0,0,0,0,0,0,0,0,0,12
599,0,0,0,0,0,0,0,0,0,0,0,0,0,0,0,0,0,5,0,129,134,0,3,0.5,0,0,100,0,0,0,0,0,0,0,0,0,0,0,12
600,0,0,0,0,0,0,0,0,0,0,0,7,0,0,0,0,0,0,1,23,31,0,3,0.5,0,0,100,0,0,0,0,0,0,1,0,0,0,0,11
601,5051,0,0,0,1467,139,312,285,304,375,0,0,0,0,2,5,9,153,0,185,354,1415,3,0.5,0,0,100,0,0,0,0,0,0,0,0,0,0,0,12
602,3899,0,0,0,1140,129,225,230,250,270,0,0,0,0,6,4,16,113,0,43,182,1104,3,0.5,0,0,100,0,0,0,0,0,0,0,0,0,0,0,12
603,0,0,0,0,0,0,0,0,0,0,0,0,0,0,0,0,0,0,0,0,0,0,3,0.5,0,0,100,0,0,0,0,0,0,0,0,0,0,0,11
604,1050,0,0,0,335,18,45,53,59,93,0,0,0,0,1,1,8,17,0,480,507,268,3,0.5,0,0,100,0,0,0,0,0,0,0,0,0,0,0,12
605,0,0,0,0,0,0,0,0,0,0,0,0,0,32,0,0,2,0,8,542,584,0,3,0.5,0,0,100,0,0,0,0,0,0,8,0,0,0,0,12
606,2763,0,0,0,807,63,176,157,186,198,0,0,0,2,2,4,17,226,42,99,392,780,3,0.5,0,0,100,0,0,0,0,0,0,42,0,0,0,0,12
607,2336,0,0,0,733,60,187,147,147,155,0,3,0,4,2,3,10,55,73,7,157,696,3,0.5,0,0,100,0,0,0,0,0,0,73,0,0,0,0,13
608,925,0,0,0,316,32,93,59,57,54,0,0,0,0,0,2,1,7,0,48,58,295,3,0.5,0,0,100,0,0,0,0,0,0,0,0,0,0,0,13
609,3945,0,0,0,1341,199,356,260,231,229,0,10,0,4,29,1,11,224,22,85,386,1275,3,0.5,0,0,100,0,0,0,570,1,0,22,0,0,0,0,13
610,4972,16,0,0,1313,126,330,200,191,418,0,8,0,60,43,137,97,917,50,89,1401,1265,3,0.5,0,0,100,0,0,0,523,1,11,50,0,0,0,3,13
611,0,0,0,0,0,0,0,0,0,0,0,0,0,0,10,5,8,290,0,2,315,0,3,0.5,0,0,100,0,0,0,0,0,0,0,0,0,0,0,13
612,0,0,0,0,0,0,0,0,0,0,0,0,0,0,0,0,0,0,0,63,63,0,3,0.5,0,0,100,0,0,0,0,0,0,0,0,0,0,0,12
613,52,0,0,0,22,2,8,7,2,1,0,0,0,0,1,1,0,9,0,0,11,20,3,0.5,0,0,100,0,0,0,0,0,0,0,0,0,0,0,13
614,6070,5,0,0,2065,226,590,396,345,361,0,1,0,1,6,9,26,168,0,141,352,1918,3,0.5,0,0,100,0,0,0,0,0,3,0,0,0,0,3,13
615,0,0,0,0,0,0,0,0,0,0,0,0,0,0,0,0,0,0,0,0,0,0,3,0.5,0,0,100,0,0,0,0,0,0,0,0,0,0,0,13
616,0,0,0,0,0,0,0,0,0,0,0,0,0,0,0,0,0,0,0,0,0,0,3,0.5,0,0,100,0,0,0,0,0,0,0,0,0,0,0,13
617,32,0,0,0,16,1,2,2,0,4,0,14,0,84,51,0,28,73,20,0,270,9,3,0.5,0,0,100,0,0,0,0,0,0,20,0,0,0,0,13
618,46,0,0,0,27,9,8,3,1,1,0,10,0,50,0,0,0,0,12,0,72,22,3,0.5,0,0,100,0,0,0,0,0,0,12,0,0,0,0,13
619,1307,20,0,0,254,17,41,27,35,132,0,5,0,0,0,1,5,11,1,9,32,252,3,0.5,0,0,100,0,0,0,0,0,14,1,0,0,0,3,23
620,0,0,0,0,22,0,0,0,0,0,52,0,0,0,0,0,0,1,0,0,53,0,3,0.5,0,0,100,0,0,0,0,0,0,0,0,0,1,0,23
621,2319,0,0,0,462,42,70,69,46,228,0,0,0,0,1,0,4,45,0,0,50,455,3,0.5,0,0,100,0,0,0,465,2,0,0,0,0,0,0,23
622,1578,0,0,0,286,21,34,30,38,159,0,145,0,0,21,0,41,300,2,0,509,282,3,0.5,0,0,100,0,0,0,2373,1,0,2,0,0,0,0,23
623,2196,0,0,0,556,71,79,70,61,213,0,126,0,0,2,3,23,208,135,0,497,494,3,0.5,0,0,100,0,0,0,0,0,0,135,0,0,0,0,23
624,1921,10,0,0,444,48,60,58,66,181,0,5,0,4,0,7,6,61,20,1,104,413,3,0.5,0,0,100,0,0,0,0,0,7,20,0,0,0,3,23
625,368,0,0,0,72,4,12,7,8,37,0,10,0,90,0,0,1,4,18,0,123,68,3,0.5,0,0,100,0,0,0,0,0,0,18,0,0,0,0,23
626,2239,0,0,0,561,51,87,87,70,223,0,7,0,2,0,7,6,32,3,5,62,518,3,0.5,0,0,100,0,0,0,0,0,0,3,0,0,0,0,23
627,590,78,0,0,162,32,28,28,18,41,0,3,0,1,9,2,0,6,0,5,26,147,3,0.5,0,0,100,0,0,0,0,0,54,0,0,0,0,3,23
628,522,0,0,0,146,15,31,21,18,45,0,0,0,5,13,8,1,37,2,0,66,130,3,0.5,0,0,100,0,0,0,0,0,0,2,0,0,0,0,23
629,4,0,0,0,1,0,0,0,1,0,0,0,0,0,0,0,0,0,0,0,0,1,3,0.5,0,0,100,0,0,0,0,0,0,0,0,0,1,0,23
630,2,0,0,0,11,0,1,0,0,0,0,0,0,0,0,0,0,1,0,0,1,1,3,0.5,0,0,100,0,0,0,0,0,0,0,0,0,1,0,23
631,2227,0,0,0,687,71,152,109,101,176,0,0,0,16,1,3,16,53,3,74,166,609,3,0.5,0,0,100,0,0,0,0,0,0,3,0.52,0.34,0,0,23
632,1100,0,0,0,319,28,81,58,45,88,0,0,0,8,1,4,2,26,3,0,44,300,3,0.5,0,0,100,0,0,0,0,0,0,3,0.52,0.34,0,0,23
633,1842,0,0,0,470,44,95,62,56,177,0,0,0,0,3,12,2,110,2,2,131,434,3,0.5,0,0,100,0,0,0,0,0,0,2,0.52,0.34,0,3,23
634,5120,542,0,40,1215,140,210,144,181,425,0,0,17,15,3,10,18,96,20,0,179,1100,3,0.5,0,0,100,0,0,106,782,2,374,20,0.52,0.34,0,3,23
635,3158,194,0,0,765,74,158,106,102,270,0,30,0,126,9,3,26,295,25,0,514,710,3,0.5,0,0,100,0,0,0,886,1,134,25,1,0,0,3,23
636,2896,17,0,0,814,71,147,112,115,249,0,24,0,46,9,6,54,217,188,0,544,694,3,0.5,0,0,100,0,0,0,0,0,12,188,1,0,0,3,23
637,1844,29,0,0,583,125,100,80,58,156,0,186,0,38,0,6,47,201,208,0,686,519,3,0.5,0,0,100,0,0,0,601,1,20,208,1,0,0,3,23
638,3228,4,0,0,728,50,132,96,117,309,0,1,0,4,3,2,6,74,2,16,108,704,3,0.5,0,0,100,0,0,0,0,0,3,2,1,0,0,3,23
639,1777,334,0,0,356,29,55,52,50,144,0,92,0,4,15,1,6,45,1,0,164,330,3,0.5,0,0,100,0,0,0,805,1,231,1,1,0,0,3,23
640,3061,131,0,6,1021,231,180,122,92,241,0,72,3,23,1,9,1,106,4,0,219,866,3,0.5,0,0,100,0,0,0,2759,2,91,4,1,0,0,3,23
641,6424,160,0,111,1893,218,335,251,236,565,0,0,47,12,11,4,25,549,56,0,704,1605,3,0.5,0,0,100,0,0,0,587,1,111,56,1,0,0,3,23
642,97,0,0,0,38,4,18,5,5,4,0,0,0,0,0,0,10,2,9,89,110,36,3,0.5,0,0,100,0,0,0,0,0,0,9,1,0,0,0,23
643,1817,0,0,348,1193,309,295,99,73,59,0,0,145,0,4,0,3,65,1,0,218,835,3,0.5,0,0,100,0,0,0,0,0,0,1,1,0,0,0,23
644,325,0,0,4,201,50,42,16,6,19,0,0,2,0,0,0,0,14,0,5,21,133,3,0.5,0,0,100,0,0,0,0,0,0,0,1,0,0,0,23
645,557,292,0,0,116,38,37,13,9,13,0,0,0,0,0,0,1,4,43,0,48,110,3,0.5,0,0,100,0,0,0,0,0,202,43,1,0,0,3,23
646,581,334,0,4,160,32,46,15,13,5,1,0,2,45,0,2,1,58,10,0,119,111,3,0.5,0,0,100,0,0,0,0,0,231,10,0,0,0,2,22
647,461,0,0,0,154,28,42,26,19,31,0,0,0,1,0,2,12,63,10,0,88,146,3,0.5,0,0,100,0,0,0,608,0,0,10,0,0,0,0,22
648,1634,2,0,1,822,204,235,114,74,50,0,0,1,9,3,7,4,177,3,0,204,677,3,0.5,0,0,100,0,0,0,0,0,1,3,0,0,0,2,22
649,794,0,0,0,223,28,49,42,31,62,0,0,0,0,0,0,3,12,6,0,21,212,3,0.5,0,0,100,0,0,0,0,1,0,6,0,0,0,0,22
650,1021,2,0,0,330,52,82,51,45,72,0,0,0,73,2,31,17,140,21,0,284,302,3,0.5,0,0,100,0,0,149,0,2,1,21,0,0,0,3,22
651,1495,0,0,0,525,86,151,80,58,94,0,0,0,4,8,6,6,33,3,0,60,469,3,0.5,0,0,100,0,0,0,0,0,0,3,0,0,0,0,22
652,1084,0,0,0,318,36,76,54,46,88,0,1,0,4,0,2,6,31,15,0,59,300,3,0.5,0,0,100,0,0,0,0,0,0,15,0,0,0,0,22
653,1131,0,0,0,311,37,58,58,51,92,0,5,0,1,3,48,13,22,23,0,115,296,3,0.5,0,0,100,0,0,0,0,0,0,23,0,0,0,0,22
654,133,0,0,0,52,7,20,11,3,7,0,3,0,17,15,2,216,90,3,0,346,48,3,0.5,0,0,100,0,0,0,0,0,0,3,0,0,0,0,22
655,0,0,0,0,0,0,0,0,0,0,0,0,0,0,0,0,0,0,0,0,0,0,3,0.5,0,0,100,0,0,0,0,0,0,0,0,0,0,0,22
656,2413,150,0,0,895,60,340,260,110,56,137,10,0,28,2,3,14,57,20,0,271,826,3,0.5,0,0,100,0,0,0,0,0,104,20,0,0,0,2,22
657,25,0,0,0,9,1,2,3,0,2,0,5,0,4,4,55,0,15,47,0,130,8,3,0.5,0,0,100,0,0,0,0,0,0,47,0,0,0,0,22
658,146,0,0,0,52,13,12,8,10,6,0,21,0,105,2,27,24,197,155,0,531,49,3,0.5,0,0,100,0,0,0,0,0,0,155,0,0,0,0,22
659,877,57,0,0,284,45,79,32,46,56,0,21,0,10,1,13,34,148,162,0,389,258,3,0.5,0,0,100,0,0,0,0,0,39,162,0,0,0,3,22
660,271,0,0,0,128,57,29,16,3,16,0,10,0,4,3,0,1,86,24,0,128,121,3,0.5,0,0,100,0,0,0,0,0,0,24,0,0,0,0,22
661,377,0,0,0,190,27,49,26,17,18,0,8,0,0,2,4,0,87,10,0,111,137,3,0.5,0,0,100,0,0,0,165,1,0,10,0,0,0,0,22
662,0,0,0,0,0,0,0,0,0,0,0,5,0,1,0,0,0,0,13,0,19,0,3,0.5,0,0,100,0,0,0,0,0,0,13,0,0,0,0,22
663,603,0,0,1,301,66,68,39,33,26,0,0,1,0,9,4,17,73,1,32,137,232,3,0.5,0,0,100,0,0,0,0,0,0,1,0.52,0.34,0,0,22
664,2224,3,0,0,868,164,262,134,107,114,0,3,0,10,3,11,70,99,95,0,291,781,3,0.5,0,0,100,0,0,0,0,0,2,95,0.52,0.34,0,3,22
665,2327,0,0,11,1010,147,239,169,144,100,0,5,5,2,20,29,27,348,14,204,654,799,3,0.5,0,0,100,0,0,143,409,2,0,14,0.52,0.34,0,0,22
666,123,16,0,0,46,9,15,7,3,7,0,10,0,8,0,0,1,5,15,41,80,41,3,0.5,0,0,100,0,0,0,0,0,11,15,0.83,0.22,0,4,22
667,3207,14,485,51,1226,172,168,103,121,272,0,94,223,183,21,16,60,947,200,0,1744,836,3,0.5,0,0,100,0,0,0,2080,2,10,200,0.83,0.22,0,4,21
668,7643,1867,48,2,1560,138,278,179,193,554,0,64,21,69,43,25,140,3242,312,0,3916,1342,3,0.5,0,0,100,2319,0,0,620,2,1290,312,1,0.33,0,1,21
669,4382,340,4,5,1524,238,319,174,163,301,0,87,4,46,4,11,36,263,49,0,500,1195,3,0.5,0,0,100,0,0,0,266,1,235,49,1,0.2,0,3,21
670,1500,11,0,0,574,94,158,92,61,84,0,3,0,5,3,4,3,33,11,236,298,489,3,0.5,0,0,100,0,0,0,146,1,8,11,1,0.2,0,3,21
671,997,0,0,0,312,50,70,51,41,68,0,19,0,49,88,31,189,1319,17,0,1712,280,3,0.5,0,0,100,0,0,0,58,1,0,17,0,0,0,0,19
672,228,0,0,0,73,10,20,14,5,18,0,0,0,0,0,0,0,4,0,8,12,67,3,0.5,0,0,100,0,0,0,0,0,0,0,0,0,0,0,19
673,1491,0,0,0,448,52,125,89,64,102,0,40,0,100,119,13,12,96,46,0,426,432,3,0.5,0,0,100,0,0,0,0,0,0,46,0,0,0,3,19
674,1849,0,0,0,548,69,144,92,78,141,0,5,0,61,2,6,43,81,8,0,206,524,3,0.5,0,0,100,0,0,0,235,1,0,8,0,0,0,0,19
675,288,0,0,0,89,14,31,12,11,17,0,0,0,0,0,0,11,2,0,12,25,85,3,0.5,0,0,100,0,0,0,0,0,0,0,0,0,0,0,19
676,1685,14,15,9,564,76,188,93,65,100,0,0,10,8,3,5,10,35,20,77,168,522,3,0.5,0,0,100,0,0,0,0,0,10,20,1,0,0,3,19
677,998,0,0,0,274,35,51,52,50,75,0,0,0,0,1,0,3,20,0,33,57,263,3,0.5,0,0,100,0,0,0,0,0,0,0,1,0,0,0,19
678,408,0,0,0,112,17,24,11,15,36,0,0,0,0,0,3,1,4,0,23,31,103,3,0.5,0,0,100,0,0,0,0,0,0,0,1,0,0,0,19
679,34,0,0,0,13,2,6,0,2,2,0,0,0,0,0,0,0,1,2,0,3,12,3,0.5,0,0,100,0,0,0,0,0,0,2,1,0,0,0,19
680,1838,0,0,0,670,112,198,145,110,83,0,0,0,0,37,9,2,130,59,0,237,648,3,0.5,0,0,100,0,0,0,0,0,0,59,1,0,0,0,19
681,1885,42,0,0,574,58,159,122,106,115,0,0,0,0,2,24,8,33,0,11,78,560,3,0.5,0,0,100,0,0,0,0,0,29,0,1,0,0,3,19
682,1852,0,0,0,629,71,221,127,105,93,0,0,0,0,1,2,3,63,0,5,74,617,3,0.5,0,0,100,0,0,0,420,1,0,0,1,0,0,0,19
683,1215,0,0,0,378,26,137,65,83,62,0,0,0,0,0,12,4,18,1,82,117,373,3,0.5,0,0,100,0,0,0,0,0,0,1,1,0,0,0,19
684,0,0,0,0,0,0,0,0,0,0,0,0,0,0,0,3,0,13,0,0,16,0,3,0.5,0,0,100,0,0,0,0,0,0,0,1,0,0,0,19
685,799,0,0,0,299,41,107,59,39,38,0,0,0,0,2,1,3,232,0,12,250,284,3,0.5,0,0,100,0,0,0,0,0,0,0,1,0,0,0,19
686,631,0,0,0,192,14,61,30,49,34,0,0,0,0,0,3,3,10,0,3,19,188,3,0.5,0,0,100,0,0,0,0,0,0,0,1,0,0,0,19
687,995,0,2,0,330,36,115,52,55,58,0,10,1,1,2,0,17,34,7,16,88,316,3,0.5,0,0,100,0,0,0,0,0,0,7,1,0,0,0,19
688,0,0,0,0,0,0,0,0,0,0,0,0,0,0,0,0,0,0,0,4,4,0,3,0.5,0,0,100,0,0,0,0,0,0,0,0,0,0,0,19
689,800,0,0,0,291,35,112,54,43,36,0,0,0,0,1,1,18,25,0,1,46,280,3,0.5,0,1,100,0,0,0,0,2,0,0,0,0,0,0,19
690,742,0,0,0,195,21,44,32,31,62,0,14,0,0,2,8,0,164,0,5,193,190,3,0.5,0,1,100,0,0,0,0,0,0,0,0,0,0,0,19
691,994,7,0,0,306,35,106,45,45,67,0,5,0,0,2,1,8,12,2,5,35,298,3,0.5,0,1,100,0,0,0,0,1,5,2,0,0,0,3,19
692,2141,0,0,0,659,75,188,131,123,135,0,0,0,0,3,6,7,100,4,13,133,652,3,0.5,0,0,100,0,0,0,0,0,0,4,1,0,0,0,19
693,3273,0,0,0,1234,267,345,227,162,164,0,28,0,2,5,40,19,225,206,0,525,1165,3,0.5,0,1,100,0,0,0,472,1,0,206,0,0,0,0,19
694,7,2,0,0,3,1,2,0,0,0,0,40,0,2,1,37,115,390,385,0,970,3,3,0.5,0,1,100,0,0,458,0,1,1,385,0,0,0,3,19
695,1729,0,0,0,827,217,332,125,53,44,0,37,0,1,1,3,2,135,89,0,268,771,3,0.5,0,1,100,0,0,0,0,0,0,89,0,0,0,0,19
696,840,0,0,0,320,61,116,42,33,46,0,1,0,0,3,0,1,21,0,14,40,298,3,0.5,0,0,100,0,0,0,0,0,0,0,0,0,0,0,19
697,1627,103,0,0,481,65,133,86,74,99,0,33,0,0,3,7,5,69,2,7,126,457,3,0.5,0,0,100,0,0,0,0,0,71,2,0,0,0,3,19
698,1420,14,0,0,385,32,81,75,69,113,0,194,0,0,10,1,18,356,14,0,593,370,3,0.5,0,0,100,0,0,0,276,1,10,14,0,0,0,3,19
699,2068,3,0,0,602,82,149,98,97,163,0,89,0,0,4,1,80,100,28,0,302,589,3,0.5,0,1,100,0,0,0,0,0,2,28,0,0,0,3,19
700,1484,0,0,0,471,78,118,94,59,100,0,19,0,0,1,46,17,197,126,123,529,449,3,0.5,0,0,100,0,0,0,0,0,0,126,0,0,0,0,19
701,163,0,0,0,63,11,14,21,10,4,0,1,0,0,0,1,2,4,0,26,34,60,3,0.5,0,0,100,0,0,0,0,0,0,0,0,0,0,0,19
702,333,218,0,0,37,6,11,8,6,6,0,218,0,0,15,0,1,33,43,0,310,37,3,0.5,0,0,100,0,1897,0,120,1,151,43,0,0,0,3,19
703,0,0,0,0,0,0,0,0,0,0,0,0,0,1,0,0,0,0,3,0,4,0,3,0.5,0,0,100,0,0,0,0,0,0,3,0,0,0,0,19
704,549,8,0,0,180,20,63,43,29,21,0,14,0,0,2,1,4,156,0,0,177,176,3,0.5,0,0,100,0,0,0,0,0,6,0,0,0,0,3,19
705,1022,21,0,0,333,51,109,59,44,61,0,0,0,0,3,1,4,16,3,0,27,324,3,0.5,0,0,100,0,0,212,564,2,15,3,0,0,0,3,19
706,1743,5,0,0,528,47,158,123,84,110,0,0,0,0,17,0,9,32,0,17,75,522,3,0.5,0,0,100,0,0,0,0,0,3,0,0,0,0,4,19
707,6,0,0,0,2,1,0,0,0,1,0,0,0,0,1,1,0,127,0,0,129,2,3,0.5,0,0,100,0,0,0,0,0,0,0,0,0,0,0,19
708,105,0,0,0,41,4,18,8,5,4,0,14,0,24,6,2,0,2,57,0,105,39,3,0.5,0,0,100,0,0,0,0,0,0,57,0,0,0,0,19
709,1822,27,0,0,562,56,186,113,82,114,0,3,0,0,1,4,4,47,2,17,78,551,3,0.5,0,0,100,0,0,0,0,0,19,2,0,0,0,3,19
710,1362,0,0,0,429,46,128,83,74,88,0,5,0,0,2,21,0,84,41,8,161,419,3,0.5,0,0,100,0,0,0,0,0,0,41,0,0,0,0,19
711,1389,124,0,0,388,53,100,86,57,84,0,0,0,0,3,1,8,253,0,1,266,380,3,0.5,0,0,100,0,0,0,615,1,86,0,0,0,0,3,19
712,493,0,0,0,189,42,55,30,31,23,0,5,0,0,31,3,4,24,35,0,102,181,3,0.5,0,0,100,0,0,0,0,0,0,35,0,0,0,0,19
713,0,0,0,0,0,0,0,0,0,0,0,3,0,0,0,0,0,18,79,0,100,0,3,0.5,0,0,100,0,0,0,0,0,0,79,0,0,0,0,19
714,278,0,0,0,75,6,19,13,11,25,0,1,0,0,0,2,0,24,0,7,34,74,3,0.5,0,0,100,0,0,0,1375,1,0,0,0,0,0,0,19
715,765,0,0,0,265,54,83,36,36,45,0,0,0,0,48,4,1,146,4,1,204,254,3,0.5,0,0,100,0,0,0,0,0,0,4,0,0,0,0,19
716,2657,26,0,0,845,203,175,140,123,185,0,0,0,0,23,9,96,403,154,289,974,826,3,0.5,0,0,100,0,0,247,236,2,18,154,0,0,0,3,19
717,424,0,0,0,162,29,45,33,23,18,0,12,0,0,2,1,5,83,18,0,121,148,3,0.5,0,0,100,0,0,0,0,0,0,18,0,0,0,0,19
718,1343,0,0,0,486,70,162,92,79,60,0,0,0,0,1,4,3,56,8,25,97,463,3,0.5,0,0,100,0,0,0,135,0,0,8,0,0,0,0,19
719,1894,0,0,0,762,156,268,138,108,62,0,7,0,0,30,4,22,115,22,25,225,732,3,0.5,0,0,100,0,0,0,0,0,0,22,0,0,0,0,19
720,3666,92,0,0,1226,277,320,203,196,202,0,528,0,17,9,6,31,700,52,0,1343,1198,3,0.5,0,0,100,0,0,175,0,1,64,52,0,0,0,3,19
721,2969,1089,0,0,588,20,149,157,142,98,4101,0,0,0,65,0,12,354,8,0,4540,566,3,0.5,0,0,100,0,0,0,0,0,752,8,0,0,1,2,20
722,6548,1894,0,0,1620,73,544,431,345,156,4102,1365,0,4,2,6,45,56,224,0,5804,1549,3,0.5,0,0,100,0,0,0,798,1,1309,224,0,0,1,2,20
723,489,0,2,2,182,25,73,26,28,23,0,21,2,16,13,12,57,571,74,0,766,175,3,0.5,0,0,100,0,0,0,0,0,0,74,0.52,0.34,0,0,20
724,923,0,0,0,298,30,92,50,67,51,0,0,0,0,1,0,6,73,22,0,102,290,3,0.5,0,0,100,0,0,0,496,1,0,22,0,0,0,0,20
725,2217,7,0,0,735,110,206,136,125,137,0,176,0,0,1,12,67,293,180,0,729,714,3,0.5,0,0,100,0,0,0,842,1,5,180,0,0,0,4,20
726,453,0,2,2,196,24,74,22,35,13,0,0,2,0,1,18,1,26,0,26,74,168,3,0.5,0,0,100,0,0,0,0,0,0,0,0.52,0.34,0,0,20
727,754,0,0,4,302,56,90,52,29,40,0,0,2,0,0,0,5,58,0,24,89,267,3,0.5,0,0,100,0,0,0,0,0,0,0,0.52,0.34,0,0,20
728,1069,11,0,2,394,56,123,61,53,63,0,17,1,1,4,45,5,164,2,18,257,356,3,0.5,0,0.81,100,0,0,101,0,3,8,2,0.52,0.34,0,3,20
729,862,3,2,2,373,55,121,52,50,37,0,5,2,0,0,2,131,123,15,28,306,315,3,0.5,0,0,100,0,0,0,0,0,2,15,0.52,0.34,0,3,20
730,1751,0,0,0,578,77,177,108,98,100,0,0,0,0,16,14,12,48,3,0,93,560,3,0.5,0,0,100,0,0,0,485,1,0,3,0,0,0,0,20
731,1819,12,0,0,536,80,138,99,74,133,0,19,0,0,17,3,9,94,2,1,145,524,3,0.5,0,0.81,100,0,0,281,0,1,8,2,0,0,0,4,20
732,2316,3,0,0,743,100,210,136,122,149,0,0,0,0,8,14,11,47,4,7,91,717,3,0.5,0,0,100,0,0,0,0,0,2,4,0,0,0,3,20
733,1817,15,0,0,682,155,186,117,68,106,0,0,0,0,7,41,75,323,238,0,684,632,3,0.5,0,0.67273,100,0,0,0,0,0,10,238,0,0,0,3,20
734,2513,16,0,0,943,239,253,148,119,135,0,176,0,4,64,42,122,1341,137,0,1886,894,3,0.5,0,0.799334,100,0,0,0,355,0,11,137,0,0,0,3,20
735,159,6,0,1,57,15,14,8,8,9,0,28,1,0,1,11,101,104,70,0,316,54,3,0.5,0,0.794243,100,0,0,0,668,2,4,70,0.92,0.15,0,3,20
736,625,0,0,2,220,31,65,38,36,34,0,0,1,0,0,23,2,26,0,16,68,204,3,0.5,0,0,100,0,0,0,0,0,0,0,0.92,0.15,0,0,20
737,465,0,0,0,143,13,45,29,28,27,0,0,0,0,0,0,1,21,0,0,22,142,3,0.5,0,0,100,0,0,0,0,0,0,0,0.92,0.15,0,0,20
738,1273,4,0,0,459,51,181,71,68,58,0,3,0,0,3,2,4,56,78,0,146,429,3,0.5,0,0,100,0,0,0,0,0,3,78,0.92,0.15,0,3,20
739,3409,10,0,0,1061,131,304,210,187,204,0,1,0,0,9,24,35,252,47,3,371,1036,3,0.5,0,0,100,0,0,0,0,0,7,47,0.92,0.15,0,3,20
740,1242,0,0,0,406,27,140,97,73,61,0,1,0,0,1,8,4,163,0,141,318,398,3,0.5,0,0,100,0,0,0,0,0,0,0,0.92,0.15,0,0,20
741,753,2,0,3,268,29,88,41,55,33,0,0,2,0,70,1,1,78,15,28,195,246,3,0.5,0,0,100,0,0,0,343,1,1,15,0.92,0.15,0,3,20
742,1609,0,2,1,752,140,228,103,98,53,0,0,2,0,15,4,29,254,51,16,371,622,3,0.5,0,0,100,0,0,0,0,0,0,51,0.92,0.15,0,0,20
743,2509,11,0,0,771,86,226,139,136,166,0,0,0,4,0,28,41,196,42,0,311,753,3,0.5,0,0,100,0,0,333,189,2,8,42,0,0,0,3,20
744,978,0,0,0,347,55,122,62,44,54,0,0,0,0,8,2,7,64,22,0,103,337,3,0.5,0,0,100,0,0,0,410,1,0,22,0,0,0,0,20
745,153,0,0,0,55,11,17,9,11,6,0,0,0,0,0,0,1,1,0,19,21,54,3,0.5,0,0,100,0,0,0,0,1,0,0,0,0,0,0,20
746,755,0,0,0,235,21,76,44,45,43,0,0,0,0,1,3,8,39,0,0,51,229,3,0.5,0,0,100,0,0,0,0,0,0,0,0,0,0,0,20
747,380,0,3,0,123,17,30,22,21,25,0,0,2,0,0,2,5,11,0,19,39,115,3,0.5,0,0,100,0,0,0,0,0,0,0,0,0,0,0,20
748,2041,7,3,0,1079,361,425,130,68,30,0,62,2,0,7,38,174,899,416,0,1598,1014,3,0.5,0,0.75,100,0,0,0,0,0,5,416,0,0,0,3,20
749,579,0,0,0,204,29,68,40,34,28,0,39,0,0,0,1,99,70,76,0,285,199,3,0.5,0,0.75,100,0,0,0,0,0,0,76,0,0,0,0,20
750,1489,400,0,1,337,42,91,78,54,68,0,167,1,8,16,3,6,121,17,0,339,333,3,0.5,0,0,100,0,0,0,898,1,276,17,0.92,0.15,0,4,20
751,1494,0,0,0,487,61,149,101,77,88,0,0,0,0,2,2,7,23,0,5,39,476,3,0.5,0,0,100,0,0,0,182,0,0,0,0,0,0,0,20
752,513,0,0,0,161,12,59,28,29,30,0,0,0,0,1,6,2,17,0,56,82,158,3,0.5,0,0,100,0,0,0,0,0,0,0,0,0,0,0,20
753,116,0,0,0,34,4,9,3,7,10,0,90,0,0,2,2,0,2,68,0,164,33,3,0.5,0,0,100,0,0,0,0,0,0,68,0,0,0,0,20
754,440,2,0,0,146,17,35,40,21,26,0,5,0,1,20,0,3,1463,1,5,1498,139,3,0.5,0,0,100,0,0,482,0,2,1,1,0,0,0,3,20
755,208,208,0,0,1,0,0,0,0,0,0,5,0,19,3,20,0,589,18,0,654,0,3,0.5,0,1.26,100,0,0,0,0,1,144,18,0,0,0,1,20
756,2040,3,0,0,688,75,270,132,112,95,0,1,0,1,14,37,52,163,3,4,275,684,3,0.5,0,0,100,0,0,266,0,1,2,3,0,0,0,3,20
757,1081,5,0,0,347,47,108,54,74,59,0,3,0,1,4,6,24,32,15,0,85,342,3,0.5,0,0,100,0,0,0,565,1,3,15,0,0,0,4,20
758,3977,16,0,0,964,94,202,146,156,347,0,64,0,21,19,40,21,159,48,0,372,945,3,0.5,0,0.25,100,0,0,0,498,0,11,48,0,0,0,3,20
759,602,16,0,0,159,11,33,29,26,48,20,172,0,60,0,0,10,65,50,0,377,147,3,0.5,0,0,100,0,0,0,0,0,11,50,0,0,1,2,20
760,891,0,0,0,262,42,57,39,45,71,0,58,0,117,2,18,8,186,29,0,418,254,3,0.5,0,0,100,0,0,0,0,0,0,29,0,0,0,0,20
761,4551,116,0,0,1106,185,213,138,134,393,0,7,0,30,9,13,16,691,111,200,1077,1063,3,0.5,0,0,100,0,0,0,209,2,80,111,0,0,0,3,20
762,704,704,17,0,0,0,0,0,0,0,0,708,8,8,5664,201,328,2157,471,26,9571,0,3,0.5,5.458333,6.07,100,0,0,0,0,3,486,471,0.52,0.34,0,4,8
763,0,0,0,0,0,0,0,0,0,0,0,0,0,0,0,0,0,0,0,74,74,0,3,0.5,0,0,100,0,0,0,0,0,0,0,0,0,0,0,12
764,0,0,0,0,0,0,0,0,0,0,0,0,0,0,0,0,0,0,0,0,0,0,3,0.5,0,0,100,0,0,0,0,0,0,0,0,0,0,0,11
