"TAZ","POP","GQ","HR","RC","HU","HH1","HH2","HH3","HH4","HH5","MILI","GOVT","HOTEL","AG","TCU","INDUS","FIRE","SERV","RETAIL","CSTR","TOTALEMP","TOTALHH","TERMTYPE","TERMTIME","WORK_DAILY","NONWRK_HRLY","PERCWLK","PRV_UNIV_ENROLL","PUB_UNIV_ENROLL","PRV_K12_ENROLL","PUB_K12_ENROLL","SCHOOLS","GQWRK","NONVISRET","VISPRCAUTO","VISPRCTOUR","MILI_BASE","GQTYPE","TD","SHRWRKPKGPROVIDED"
1,0,0,3,1,0,0,0,0,0,0,0,0,0,0,0,0,0,0,0,0,0,0,3,1,0,0,100,0,0,0,233,0,20,35,0,0,0,0,18,0.797297
2,1849,8,0,0,650,85,212,141,112,89,0,0,0,0,5,10,9,50,23,1,98,639,3,1,0,0,100,0,0,0,110,0,7,28,0,0,0,4,18,0.797297
3,686,0,104,4,273,31,120,55,36,20,0,0,0,0,1,6,0,167,1,0,175,262,3,1,0,0,100,1228,0,0,538,1,154,227,0,0,0,0,18,0.797297
4,1257,0,447,16,408,33,144,84,73,66,0,0,0,0,2,3,5,14,10,26,60,400,3,1,0,0,100,0,0,0,1491,1,37,194,0,0,0,0,18,0.797297
5,999,7,0,0,302,14,72,76,71,58,0,5,0,0,0,10,8,100,0,43,166,291,3,1,0,0,100,0,0,0,0,0,2,1,0,0,0,3,18,0.797297
6,1833,3,8,6,602,43,211,139,122,79,0,5,0,0,2,10,8,67,2,0,94,594,3,1,0,0,100,0,0,0,250,1,0,15,0,0,0,4,18,0.797297
7,2392,0,0,0,756,70,260,133,132,140,0,8,0,0,1,3,20,51,0,35,118,735,3,1,0,0,100,0,0,0,0,0,5,32,0,0,0,0,18,0.797297
8,447,6,1,0,179,37,55,39,27,12,0,1,0,0,1,2,1,5,1,14,25,170,3,1,0,0,100,0,0,0,0,0,0,4,0,0,0,3,18,0.797297
9,965,31,17,22,311,32,106,72,48,49,0,4,0,9,2,65,2,160,43,0,285,307,3,1,0,0,100,0,0,0,2014,0,0,21,0,0,0,4,18,0.797297
10,903,0,0,0,322,42,126,55,62,33,0,8,0,23,0,0,12,74,12,0,129,318,3,1,0,0,100,0,0,35,0,2,2,15,0,0,0,0,18,0.797297
11,2314,0,0,0,1056,245,394,174,129,47,0,0,0,0,31,6,168,490,0,143,838,989,3,1,0,0,100,0,0,0,0,0,0,4,0,0,0,0,18,0.797297
12,212,0,0,0,72,12,19,23,8,9,0,22,0,33,2,0,2,38,384,3,484,71,3,1,0,0,100,0,0,0,498,0,0,273,0,0,0,0,18,0.797297
13,1141,0,0,0,351,41,99,77,64,65,0,6,0,0,22,8,10,65,0,0,111,346,3,1,0,0,100,0,0,0,467,0,0,149,0,0,0,0,18,0.797297
14,931,0,0,0,384,56,149,52,47,35,0,1,0,0,16,4,29,36,1,1,88,339,3,1,0,0,100,0,0,0,0,0,2,1,0,0,0,0,18,0.797297
15,756,0,0,0,247,26,68,39,55,50,0,0,0,0,21,30,9,106,0,0,166,238,3,1,0,0,100,0,0,0,209,1,4,135,0,0,0,0,18,0.797297
16,1291,0,0,4,442,52,150,95,81,57,0,0,0,0,0,0,1,29,0,5,35,435,3,1,0,0,100,0,0,0,0,0,42,6,0,0,0,0,18,0.797297
17,345,0,0,0,107,11,30,24,27,15,0,0,0,0,0,0,0,0,0,0,0,107,3,1,0,0,100,0,0,0,0,0,0,30,0,0,0,0,18,0.797297
18,871,0,0,10,300,24,111,74,38,45,0,0,0,0,2,3,5,20,0,1,31,292,3,1,0,0,100,0,0,0,0,0,0,0,0,0,0,0,18,0.797297
19,465,0,0,0,171,15,58,41,22,23,0,0,0,0,0,11,11,17,0,0,39,159,3,1,0,0,100,0,0,0,0,0,0,0,0,0,0,0,18,0.797297
20,5273,0,0,3,2317,469,812,419,288,151,0,12,0,0,22,27,7,393,0,101,562,2139,3,1,0,0,100,0,0,0,455,0,33,40,0,0,0,0,18,0.797297
21,1144,0,0,0,511,78,221,72,77,19,0,42,0,0,5,28,35,312,115,0,537,467,3,1,0,0,100,0,0,0,0,0,0,147,0,0,0,0,18,0.797297
22,0,0,0,0,0,0,0,0,0,0,0,228,0,0,24,29,181,695,274,0,1431,0,3,1,0,0,100,0,0,0,0,0,0,288,0,0,0,0,18,0.797297
23,1410,0,0,0,538,77,232,103,52,52,0,0,0,0,2,5,12,173,0,0,192,516,3,1,0,0,100,0,0,0,0,0,2,27,0,0,0,0,18,0.797297
24,1046,0,0,0,344,34,103,69,58,72,0,49,0,12,19,6,22,327,25,1,461,336,3,1,0,0,100,0,0,0,322,1,0,20,0,0,0,0,18,0.797297
25,1809,1,0,0,899,258,264,125,87,52,0,0,0,0,0,5,3,109,0,36,153,786,3,1,0,0,100,0,0,0,0,0,1,16,0,0,0,3,18,0.797297
26,733,0,0,0,311,62,116,61,41,16,0,0,0,0,8,8,12,43,0,0,71,296,3,1,0,0,100,0,0,0,0,0,0,0,0,0,0,0,18,0.797297
27,1016,45,0,0,325,53,73,56,57,71,0,1,0,0,1,4,13,192,0,0,211,310,3,1,0,0,100,0,0,0,195,0,25,6,0,0,0,4,18,0.797297
28,461,5,0,0,199,42,63,29,27,16,0,6,0,0,0,0,45,71,0,0,122,177,3,1,0,0,100,0,0,111,0,1,3,42,0,0,0,3,18,0.797297
29,2471,4,0,0,836,120,241,177,154,119,0,3,0,0,5,9,12,108,0,3,140,811,3,1,0,0,100,0,0,0,0,0,5,0,0,0,0,3,18,0.797297
30,761,0,0,0,241,24,69,55,60,30,0,0,0,0,14,0,42,84,0,0,140,238,3,1,0,0,100,0,0,0,0,1,0,0,0,0,0,0,18,0.797297
31,1243,13,0,0,421,68,94,93,91,58,0,12,0,0,1,12,24,284,66,0,399,404,3,1,0,0,100,0,0,141,0,1,9,66,0,0,0,3,18,0.797297
32,1989,0,0,0,769,73,281,166,117,71,0,0,0,0,0,3,7,59,0,6,75,708,3,1,0,0,100,0,0,142,0,1,19,50,0,0,0,0,18,0.797297
33,157,15,0,0,62,7,25,6,7,7,0,21,0,0,0,6,6,24,0,0,57,52,3,1,0,0,100,0,0,0,621,1,0,80,0,0,0,3,18,0.797297
34,530,0,0,0,191,29,61,33,34,28,0,0,0,0,0,8,0,7,0,0,15,185,3,1,0,0,100,0,0,0,0,0,1,36,0,0,0,0,18,0.797297
35,1146,0,0,0,428,81,142,65,78,49,0,1,0,0,2,4,9,59,0,0,75,415,3,1,0,0,100,0,0,0,858,1,6,3,0,0,0,0,18,0.797297
36,1275,0,0,0,457,88,119,86,85,63,0,0,0,0,1,2,5,52,0,2,62,441,3,1,0,0,100,0,0,0,965,0,6,25,0,0,0,0,18,0.797297
37,858,14,0,1,292,59,66,53,55,52,0,134,0,2,7,6,54,547,143,0,893,285,3,1,0,0,100,0,0,113,439,2,9,90,0,0,0,3,18,0.797297
38,438,0,0,0,176,26,62,35,25,15,0,62,0,0,0,3,55,45,0,0,165,163,3,1,0,0,100,86,0,0,0,1,0,9,1,0,0,0,18,0.797297
39,341,4,247,1,271,29,62,17,18,10,0,0,144,0,26,4,7,624,16,5,826,136,3,1,0,2.22,100,0,0,0,0,0,2,75,1,0,0,3,18,0.797297
40,424,0,0,11,153,27,45,18,36,17,0,0,0,0,0,0,2,15,0,0,17,143,3,1,0,2.22,100,0,0,76,224,1,0,10,1,0,0,0,18,0.797297
41,214,0,0,0,86,14,34,18,7,9,0,0,0,0,0,0,7,18,0,0,25,82,3,1,0,0,100,0,0,0,349,1,1,0,0,0,0,0,18,0.797297
42,3153,0,0,0,1133,122,382,237,226,119,0,0,0,0,17,17,14,117,0,33,198,1086,3,1,0,0,100,0,0,0,292,0,0,7,0,0,0,0,18,0.797297
43,852,0,0,0,322,32,134,64,49,30,0,0,0,0,4,11,63,221,0,0,299,309,3,1,0,0,100,0,0,0,0,0,3,52,0,0,0,0,18,0.797297
44,492,79,0,0,163,26,82,11,13,27,0,8,0,0,2,32,2,102,1,9,156,159,3,1,0,0,100,0,0,391,0,1,1,0,0,0,0,3,18,0.797297
45,2387,0,0,0,902,133,326,217,118,84,0,0,0,0,0,12,13,39,6,0,70,878,3,1,0,0,100,0,0,0,0,0,0,13,0,0,0,0,18,0.797297
46,981,0,0,0,427,109,146,78,45,32,0,0,0,0,0,17,156,147,0,138,458,410,3,1,0,0,100,0,0,0,626,1,2,1,0,0,0,0,5,0.874251
47,1718,0,0,0,909,384,277,86,91,31,0,140,0,0,2,2,69,1091,91,39,1434,869,3,1,0,0,100,0,0,0,392,0,0,65,0,0,0,0,5,0.874251
48,1256,0,0,0,470,99,120,100,74,52,0,0,0,0,0,2,52,67,0,12,133,445,3,1,0,0.61,100,0,0,142,0,0,2,2,0,0,0,0,5,0.874251
49,1798,0,0,0,683,146,199,143,106,62,0,0,0,0,32,57,202,352,120,29,792,656,3,1,0,0.830073,100,0,0,103,0,1,0,103,0,0,0,0,5,0.874251
50,570,5,0,0,216,39,59,52,27,28,0,170,0,0,0,8,8,276,28,61,551,205,3,1,0,0.957361,100,0,0,184,85,1,2,22,0,0,0,3,5,0.874251
51,198,0,0,0,91,21,24,11,15,6,0,45,0,13,59,189,221,1570,408,28,2533,77,3,1,3,1.04699,100,0,0,170,0,1,38,315,0,0,0,0,5,0.874251
52,675,7,0,0,298,98,78,51,29,26,0,31,0,5,17,9,141,486,261,30,980,282,3,1,3.93105,1.0855,100,0,0,400,18,1,1,238,0,0,0,3,5,0.874251
53,1031,17,0,0,384,89,98,56,71,46,0,17,0,2,7,12,61,1000,119,15,1233,360,3,1,8.21435,1.07888,100,0,0,689,0,1,62,219,0,0,0,3,5,0.874251
54,459,38,0,0,202,60,64,23,16,20,0,42,0,0,2,2,79,577,161,58,921,183,3,1,8.14705,1.0873,100,626,0,0,0,1,148,79,0,0,0,1,5,0.874251
55,667,0,0,0,303,87,94,36,32,29,0,25,0,0,48,35,117,336,169,50,780,278,3,1,4.20394,1.09325,100,0,0,0,374,1,7,97,0,0,0,0,5,0.874251
56,1794,0,0,0,691,143,211,136,86,79,0,21,0,0,0,8,18,121,14,47,229,655,3,1,3,1.00388,100,0,0,699,235,2,6,30,0,0,0,0,5,0.874251
57,1061,5,0,0,350,55,97,76,50,63,0,0,0,0,0,3,9,31,3,9,55,341,3,1,0,0,100,0,0,0,0,0,14,3,0,0,0,3,5,0.874251
58,2074,16,0,0,735,139,200,141,88,136,0,2,0,0,7,29,24,159,49,39,309,704,3,1,0,0,100,0,0,0,0,0,4,23,0,0,0,1,5,0.874251
59,4110,105,0,0,1578,315,540,265,212,166,0,0,0,18,7,31,179,810,38,71,1154,1498,3,1,0,0,100,0,0,1958,0,0,61,44,0,0,0,3,5,0.874251
60,2675,96,0,0,957,199,258,217,109,129,0,0,0,0,13,10,66,311,40,116,556,912,3,1,0,0,100,0,0,0,0,0,26,14,0,0,0,3,5,0.874251
61,624,0,0,0,233,46,47,73,40,21,0,0,0,0,0,6,16,44,0,41,107,227,3,1,0,0,100,0,0,0,227,0,27,6,0,0,0,0,5,0.874251
62,1748,0,0,0,571,80,138,89,89,146,0,119,0,37,0,18,5,105,9,92,385,542,3,1,0,0,100,0,0,93,251,2,12,38,0,0,0,3,5,0.874251
63,2052,4,0,0,621,96,167,110,64,163,0,177,0,7,0,11,14,77,43,59,388,600,3,1,0,0,100,0,0,0,152,1,1,22,0,0,0,3,5,0.874251
64,3676,0,0,0,1482,332,513,263,179,146,0,25,0,0,21,18,128,663,57,74,986,1433,3,1,2.39286,0,100,0,0,0,687,0,0,136,0,0,0,0,5,0.874251
65,3878,2639,0,0,599,171,199,87,46,45,0,286,0,0,24,65,95,512,232,161,1375,548,3,1,2.49752,1.35409,100,0,0,0,239,1,395,49,0,0,0,1,25,0.30814
66,1178,810,0,0,144,42,30,21,25,19,0,2639,0,0,12,6,60,7297,627,209,10850,137,3,1,2.67954,1.12,100,0,15497,1122,0,2,823,125,0,0,0,1,25,0.30814
67,2479,83,0,0,914,186,265,178,159,91,0,176,0,0,74,58,234,928,480,58,2008,879,3,1,2.39286,0,100,0,0,0,306,1,75,352,0,0,0,1,24,0.797872
68,3691,0,0,0,1407,256,483,271,172,179,0,0,0,0,2,8,26,175,2,17,230,1361,3,1,0,0,100,0,0,0,1167,0,0,2,0,0,0,0,24,0.797872
69,3326,25,0,0,1201,212,376,215,184,177,0,59,0,47,11,25,77,192,86,41,538,1164,3,1,0,0,100,0,0,0,391,1,8,45,0,0,0,1,24,0.797872
70,1040,0,0,0,402,89,113,69,66,44,0,39,0,0,1,1,22,314,28,14,419,381,3,1,2.39286,0,100,0,0,0,0,0,1,169,1,0,0,1,24,0.797872
71,1075,22,1,0,387,50,136,74,65,48,0,11,0,0,0,1,11,193,0,9,225,373,3,1,0,0,100,0,0,243,0,0,2,278,1,0,0,3,24,0.797872
72,1188,0,0,0,468,86,143,98,71,46,0,0,0,0,4,11,56,181,0,21,273,444,3,1,0,0,100,0,0,0,0,0,8,20,1,0,0,0,24,0.797872
73,1124,36,0,0,421,92,114,77,45,70,0,23,0,0,3,10,35,270,0,25,366,398,3,1,2.67954,1.12,100,0,0,0,0,0,14,90,1,0,0,1,24,0.797872
74,1106,157,0,0,400,110,122,67,46,39,0,8,0,0,8,12,9,150,41,22,250,384,3,1,8,1.36934,100,0,0,0,0,0,57,43,1,0,0,1,24,0.797872
75,622,22,0,0,248,62,81,27,34,29,0,21,0,0,8,1,1,1530,27,28,1616,233,3,1,4.76992,1.69151,100,0,0,2895,0,1,49,34,1,0,0,1,24,0.797872
76,2648,0,0,0,1337,476,446,181,96,64,0,8,0,0,1,11,7,332,1,27,387,1263,3,1,4.43,1.66722,100,0,0,590,0,1,4,64,1,0,0,0,24,0.797872
77,212,0,0,0,86,19,32,9,8,14,0,0,0,0,0,0,0,12,0,7,19,82,3,1,5.63146,1.43302,100,0,0,0,0,0,0,0,1,0,0,0,3,0.64684
78,315,0,0,0,112,33,18,15,21,19,0,178,0,0,252,0,0,105,5,131,671,106,3,1,5.81724,1.32324,100,0,0,0,287,0,30,1,1,0,0,0,25,0.30814
79,156,11,0,0,49,6,12,9,9,9,0,14,0,0,2,0,5,120,28,35,204,45,3,1,4.25746,1.19,100,0,0,280,345,1,27,19,1,0,0,1,25,0.30814
80,929,7,0,0,348,70,104,69,44,51,0,0,0,0,1,3,33,303,27,21,388,338,3,1,7.7858,1.04964,100,0,0,0,0,0,0,22,0,0,0,3,5,0.874251
81,842,8,0,0,300,51,93,58,41,48,0,0,0,0,0,2,4,38,0,11,55,291,3,1,4.42572,1.08716,100,0,0,0,0,0,3,0,0,0,0,3,5,0.874251
82,515,5,0,0,192,51,52,31,29,26,0,0,0,0,0,4,4,32,0,14,54,189,3,1,3,1.06979,100,0,0,112,387,1,7,2,0,0,0,3,5,0.874251
83,1410,3,0,0,517,102,157,91,69,68,0,2,0,0,10,70,62,135,115,17,411,487,3,1,11.25,1,100,0,0,0,0,0,1,137,0,0,0,1,5,0.874251
84,2191,0,0,0,815,204,193,158,101,126,0,0,0,0,8,12,18,206,31,16,291,782,3,1,0,0.5,100,0,0,0,0,0,4,36,0,0,0,3,5,0.874251
85,510,0,0,0,188,38,42,45,31,24,0,0,0,0,1,1,2,6,0,9,19,180,3,1,0,0.5,100,0,0,0,0,0,7,2,0,0,0,0,5,0.874251
86,1200,0,0,0,427,79,120,81,74,62,0,0,0,0,7,2,14,254,0,40,317,416,3,1,3,1.08383,100,0,0,0,243,1,5,2,0,0,0,0,5,0.874251
87,438,0,0,0,146,18,37,38,23,25,0,0,0,0,0,3,9,40,0,26,78,141,3,1,0,1.23769,100,0,0,0,0,0,0,0,0,0,0,0,5,0.874251
88,433,0,0,0,167,28,58,37,24,16,0,41,0,0,0,9,2,22,4,22,100,163,3,1,0,1.68948,100,0,911,0,0,0,0,32,0,0,0,0,5,0.874251
89,469,174,0,0,105,22,36,9,10,25,0,833,0,0,0,2,23,256,39,46,1199,102,3,1,0,1.87763,100,0,0,0,0,0,79,25,0,0,0,4,5,0.874251
90,1229,0,0,0,459,97,140,75,55,72,0,68,0,0,3,6,25,168,0,25,295,439,3,1,0,1.13467,100,0,0,0,0,0,48,14,0,0,0,0,5,0.874251
91,157,0,0,0,63,19,17,8,12,6,0,62,0,0,0,0,10,12,0,15,99,62,3,1,0,0.947292,100,0,0,0,0,0,0,11,0,0,0,0,5,0.874251
92,437,0,0,0,154,24,51,24,24,25,0,0,0,0,0,0,0,36,0,4,40,148,3,1,0,0.912111,100,0,0,0,261,0,0,1,0,0,0,0,5,0.874251
93,918,0,0,0,349,76,103,70,41,45,0,9,0,0,1,10,1,24,0,10,55,335,3,1,0,1.35438,100,0,4099,0,349,0,0,13,0,0,0,0,5,0.874251
94,787,0,0,0,273,38,82,50,43,44,0,152,0,0,10,13,30,185,0,79,469,257,3,1,0,0,100,0,0,0,695,2,0,0,0,0,0,0,5,0.874251
95,1692,47,0,0,565,86,136,126,103,89,0,58,0,6,12,12,76,205,6,82,457,540,3,1,0,1.53927,100,0,0,143,189,2,21,83,0,0,0,3,5,0.874251
96,620,0,190,30,233,58,66,38,31,34,0,92,0,7,3,31,75,168,147,72,595,227,3,1,0,0,100,0,0,0,0,1,0,47,0,0,0,0,5,0.874251
97,244,0,0,0,124,38,32,17,10,8,0,10,0,2,67,16,614,1457,1216,19,3401,105,3,1,0,0,100,0,0,0,0,0,0,1153,0,0,0,0,5,0.874251
98,362,0,0,0,126,13,52,13,21,21,0,0,0,0,0,3,3,70,0,24,100,120,3,1,0,0,100,0,0,0,0,0,2,24,0,0,0,0,5,0.874251
99,626,15,0,0,250,39,92,34,28,32,0,0,0,3,3,27,21,472,17,62,605,225,3,1,0,0,100,0,0,7,295,1,2,95,0,0,0,3,5,0.874251
100,1045,0,0,0,412,54,127,76,74,39,0,0,0,0,19,7,45,82,0,19,172,370,3,1,0,0,100,0,0,0,0,0,0,0,0,0,0,0,5,0.874251
101,953,0,0,0,391,54,111,78,52,47,0,0,0,0,20,5,81,157,13,51,327,342,3,1,0,0,100,0,0,0,0,0,0,87,0,0,0,0,5,0.874251
102,1328,0,0,0,566,105,174,100,74,50,0,724,0,0,7,6,114,677,25,43,1596,503,3,1,0,0,100,0,0,44,909,2,3,162,1,0,0,0,5,0.874251
103,0,0,0,0,0,0,0,0,0,0,0,851,0,0,0,7,0,0,122,200,1180,0,3,1,0,1.99339,100,0,5689,0,0,0,0,22,1,0,0,0,5,0.874251
104,6,0,0,0,5,2,2,0,0,0,144,11,0,0,0,0,4,10,3,40,212,4,3,1,0,1.5,100,0,0,0,0,0,0,81,1,0,1,0,5,0.874251
105,1205,0,29,21,932,294,280,59,20,18,0,326,90,0,6,3,96,489,3,61,1074,671,3,1,0,0,100,0,0,547,0,0,4,136,1,0,0,0,4,0.44186
106,54,54,67,0,1,0,0,0,0,0,0,16,26,2,2,0,7,142,52,7,254,0,3,1,0,1.20192,100,0,0,0,258,0,241,32,1,0,0,3,4,0.44186
107,1502,65,0,0,775,260,295,86,46,28,0,160,0,8,2,11,15,475,213,43,927,715,3,1,0,1,100,0,0,180,295,2,0,133,1,0,0,3,5,0.874251
108,1780,8,0,0,624,105,179,119,102,96,0,0,0,0,24,11,35,116,75,29,290,601,3,1,0,0.5,100,0,0,0,0,0,1,48,0,0,0,3,5,0.874251
109,1903,20,0,0,804,187,257,135,70,90,0,0,0,0,41,7,115,646,206,37,1052,739,3,1,0,0.839267,100,0,0,9,815,1,167,149,0,0,0,3,5,0.874251
110,19,0,0,0,8,3,1,3,0,1,0,53,0,3,0,0,0,180,28,40,304,8,3,1,0,1.19052,100,0,0,0,0,0,6,73,0,0,0,0,4,0.44186
111,362,0,0,0,228,67,75,27,11,3,0,0,0,0,0,0,0,23,141,149,313,183,3,1,0,1.48798,100,0,0,0,261,1,0,0,1,0,0,0,4,0.44186
112,530,0,509,48,343,98,115,32,11,12,0,19,364,0,1,0,0,153,0,0,537,268,3,1,0,1.67992,100,0,0,0,651,0,255,0,1,0,0,0,4,0.44186
113,161,0,1449,0,157,72,20,9,4,1,0,51,870,1,1,2,1,793,57,0,1776,106,2,3,2.87545,1.64725,100,0,0,0,0,0,0,6,0,0,0,0,4,0.44186
114,1204,31,0,586,1030,346,242,54,22,15,0,27,333,0,3,10,47,343,1,4,768,679,3,1,2.5,1.73937,100,0,0,0,0,0,1,2,0,0,0,3,4,0.44186
115,2588,0,413,5,1698,715,509,126,62,40,0,7,258,0,4,4,19,212,0,0,504,1452,2,3,3.0341,1.84656,100,0,0,78,373,1,0,15,1,0,0,0,4,0.44186
116,933,0,55,72,727,200,212,52,23,12,0,14,95,0,5,13,2,49,117,15,310,499,2,3,3.03389,1.91329,100,0,0,125,1713,3,2,4,1,0,0,0,4,0.44186
117,815,35,873,99,689,284,132,35,17,10,0,38,682,0,4,3,158,832,172,0,1889,478,2,3,3.02265,1.88982,100,0,0,0,0,0,7,0,0,1,0,3,4,0.44186
118,307,155,887,145,217,68,25,5,1,3,0,38,820,0,13,6,3,949,1224,0,3053,102,2,3,3.02371,1.79457,100,0,0,121,306,1,4,13,0,0,0,1,4,0.44186
119,0,0,1801,0,0,0,0,0,0,0,0,25,988,2,10,28,5,1515,594,0,3167,0,2,3,3.07829,1.39356,100,0,0,0,0,0,2,78,0,1,0,0,4,0.44186
120,1426,0,481,143,1024,398,265,70,50,15,0,2,393,0,18,3,13,277,20,0,726,798,2,3,3.0805,1.61841,100,0,0,0,0,0,672,21,0,0,0,0,4,0.44186
121,2212,427,205,307,1620,513,374,97,35,17,0,9,329,0,27,12,97,537,37,0,1048,1036,2,3,3.53151,1.48164,100,0,0,0,0,0,5,0,1,0,0,1,4,0.44186
122,159,0,0,71,232,81,28,3,2,1,0,116,47,15,32,120,480,2001,1767,204,4782,115,2,3,3.47055,1.35283,100,0,0,0,0,0,0,12,1,1,0,0,4,0.44186
123,75,0,445,0,73,14,9,6,5,1,0,129,314,11,43,29,89,907,457,15,1994,35,2,3,3.57126,1.44831,100,0,0,0,0,0,0,9,0,0,0,0,4,0.44186
124,1738,0,77,0,1299,400,350,93,40,34,0,0,93,0,0,2,4,169,0,6,274,917,2,3,3.78043,1.57601,100,0,0,0,0,0,2,323,1,0,0,0,4,0.44186
125,111,0,0,79,75,15,18,6,3,6,0,0,57,2,1,3,0,194,555,165,977,48,2,3,3.72747,1.55095,100,0,0,0,0,0,6,10,1,0,0,0,4,0.44186
126,692,0,265,397,487,145,116,48,21,16,0,22,454,0,1,0,5,80,0,9,571,346,2,3,3.91746,1.49925,100,0,0,0,0,0,0,16,1,0,0,0,4,0.44186
127,1140,13,0,147,753,295,207,66,30,20,0,0,174,2,8,0,13,233,49,23,502,618,2,3,4.17094,2.25868,100,0,0,0,0,0,7,48,1,0,0,3,4,0.44186
128,912,0,0,161,731,299,153,58,25,6,0,0,146,0,0,6,45,181,56,12,446,541,2,3,3.05109,2.73119,100,0,0,0,0,0,0,24,1,0,0,0,4,0.44186
129,264,0,0,0,196,49,57,15,9,4,0,0,0,1,0,7,49,137,93,17,304,134,2,3,2.41159,2.44579,100,0,0,0,347,0,0,10,1,0,0,0,4,0.44186
130,2809,0,209,56,2006,773,579,142,69,31,0,235,324,0,123,57,123,1417,649,35,2963,1594,2,3,2.04524,3.10967,100,0,0,0,0,0,0,34,1,0,0,0,4,0.44186
131,3862,0,310,0,3166,1151,880,170,67,32,0,0,382,0,26,20,278,728,12,0,1446,2300,2,3,1.84509,4.39767,100,0,0,0,0,0,6,51,1,0,0,0,4,0.44186
132,519,0,597,100,1056,134,101,29,11,10,0,33,854,4,18,4,14,1212,76,0,2215,285,2,3,1.71377,5.9832,100,0,0,0,0,0,27,129,0,0,0,3,4,0.44186
133,379,46,1697,178,712,104,51,19,9,6,0,61,1019,9,17,2,125,2164,2094,132,5623,189,2,3,2.58132,5.79101,100,0,0,0,0,0,0,34,0,0,0,3,4,0.44186
134,24,17,706,0,6,1,3,0,0,0,0,23,786,0,0,5,105,53,135,0,1107,4,2,3,4.18163,2.26694,100,0,0,0,0,0,13,1,0,0,0,3,4,0.44186
135,279,0,1041,179,638,92,42,13,9,5,0,114,744,13,48,15,226,1425,226,11,2822,161,2,3,3.59486,1.39249,100,0,0,0,0,0,5,0,0,0,0,0,4,0.44186
136,55,0,3782,84,116,16,10,5,1,0,0,19,1828,2,33,38,36,3605,732,0,6293,32,2,3,3.19243,1.14197,100,0,0,0,272,0,5,217,0,0,0,0,4,0.44186
137,0,0,0,0,0,0,0,0,0,0,0,33,0,3,4,4,58,160,1200,34,1496,0,2,3,3.48642,1.33813,100,497,0,0,540,1,90,50,0,0,0,0,4,0.44186
138,9,9,0,0,0,0,0,0,0,0,0,141,0,0,3,4,271,67,150,39,675,0,3,1,0,2.43275,100,0,0,0,0,0,1,116,0,0,0,3,5,0.874251
139,3528,236,0,0,1609,490,537,232,165,67,0,65,0,0,24,29,51,369,212,77,827,1491,3,1,0,1,100,0,0,0,734,1,48,105,0,0,0,1,5,0.874251
140,440,0,0,0,240,107,54,29,22,10,0,39,0,0,1,9,61,336,162,34,642,222,3,1,5.72778,1.29687,100,0,0,0,0,0,4,130,0,0,0,0,5,0.874251
141,838,0,0,0,464,162,145,58,25,22,0,57,0,0,0,26,70,68,39,26,286,412,3,1,2.44377,1.50619,100,0,0,0,0,0,0,27,0,0,0,0,3,0.64684
142,596,129,0,0,319,193,68,16,4,14,0,11,0,0,10,2,74,425,114,23,659,295,3,1,2.8851,1.39087,100,0,0,0,383,1,0,266,0,0,0,1,25,0.30814
143,2427,4,0,0,1253,447,414,181,78,55,0,44,0,0,7,108,12,225,27,46,469,1175,3,1,2.82389,1.549,100,0,0,0,470,1,1,16,0,0,0,1,3,0.64684
144,2149,37,0,0,986,322,307,151,74,76,0,0,0,0,25,6,38,60,0,60,189,930,2,3,3.4,1.66332,100,0,0,0,0,0,0,116,0,0,0,1,3,0.64684
145,1562,0,0,0,839,320,242,108,58,38,0,42,0,0,0,4,7,630,6,27,716,766,2,3,3.73151,2.00773,100,0,0,1385,335,1,0,30,0,0,0,0,3,0.64684
146,2223,71,0,0,1128,347,361,173,95,36,0,89,0,0,0,6,13,310,8,55,481,1012,2,3,5.10235,1.82365,100,70,0,0,384,1,17,322,0,0,0,1,3,0.64684
147,1289,0,222,164,739,285,278,82,18,24,0,0,0,0,5,2,5,194,0,32,238,687,2,3,4.34468,1.90539,100,0,0,0,240,0,0,342,0,0,0,0,3,0.64684
148,260,0,0,0,121,27,46,24,10,5,0,55,0,0,0,24,0,0,0,63,142,112,2,3,3.82625,1.66586,100,0,0,0,0,0,0,495,0,0,0,0,3,0.64684
149,257,0,0,0,112,30,34,17,12,12,0,0,0,0,0,0,1,5,0,12,18,105,2,3,3.89929,1.57205,100,0,0,0,438,0,0,27,0,0,0,0,3,0.64684
150,1237,0,0,0,556,185,154,96,46,48,0,20,0,0,1,8,171,129,89,20,438,529,2,3,3.22097,1.57745,100,0,0,79,1643,1,0,236,0,0,0,0,3,0.64684
151,674,0,0,0,350,147,96,29,37,18,0,75,0,0,0,0,8,311,82,23,499,327,2,3,3.52272,1.41965,100,0,0,0,261,0,0,95,0,0,0,0,3,0.64684
152,154,7,0,0,48,6,19,5,6,11,0,14,0,0,1,10,22,282,18,30,377,47,3,1,3.47765,1.25033,100,0,0,0,485,0,0,15,0,0,0,1,25,0.30814
153,195,2,0,0,88,27,15,18,15,4,0,28,0,0,0,2,28,422,121,48,649,79,2,3,3.53606,1.31577,100,0,0,0,529,0,12,87,0,0,0,1,25,0.30814
154,875,6,0,0,467,231,100,58,32,25,0,3,0,0,2,21,91,109,19,39,284,446,2,3,3.98446,1.33445,100,0,0,0,5,0,2,258,0,0,0,3,3,0.64684
155,952,0,0,0,439,144,129,67,30,39,0,0,0,0,1,1,0,49,3,18,72,409,2,3,4.02315,1.38477,100,0,0,0,0,0,2,6,0,0,0,0,3,0.64684
156,911,0,0,0,432,129,164,54,34,26,0,0,0,0,0,0,8,38,0,38,84,407,2,3,3.76281,1.10282,100,0,0,0,261,0,1,0,0,0,0,0,3,0.64684
157,1267,0,0,0,631,230,184,103,41,36,0,0,0,0,0,4,20,16,4,27,71,594,2,3,3.43271,0.852894,100,0,0,0,364,0,0,18,0,0,0,0,3,0.64684
158,1658,7,0,0,835,318,259,113,55,47,0,3,0,3,14,13,193,295,47,27,595,792,2,3,4.41057,1.29679,100,0,0,0,243,0,0,43,0,0,0,3,3,0.64684
159,856,13,0,0,462,169,180,49,21,16,0,0,0,0,5,20,22,116,7,9,179,435,2,3,4.23572,1.22358,100,0,0,0,243,0,0,13,0,0,0,3,3,0.64684
160,400,0,0,0,280,160,55,28,4,5,0,18,0,0,12,63,63,442,225,48,871,252,2,3,4.68631,1.20514,100,0,0,0,0,0,0,181,0,0,0,0,3,0.64684
161,205,0,0,0,98,29,25,12,17,4,0,2,0,0,0,0,2,87,12,29,132,87,3,1,5.03077,1.36184,100,0,0,0,1049,1,0,7,0,0,0,0,3,0.64684
162,171,0,0,0,62,15,14,11,7,12,0,0,0,0,0,4,18,32,32,49,135,59,3,1,4.69935,1.44857,100,0,0,0,0,0,0,9,0,0,0,0,3,0.64684
163,259,0,0,0,125,42,44,17,11,6,0,19,0,0,33,23,95,419,97,47,733,120,2,3,4.51462,1.33484,100,0,0,0,328,0,0,129,0,0,0,0,3,0.64684
164,578,0,0,0,298,135,73,34,15,25,0,52,0,0,15,18,123,917,201,75,1401,282,3,1,3.47394,1.31074,100,0,0,0,1294,0,0,151,0,0,0,0,3,0.64684
165,536,119,0,0,219,94,62,30,18,7,0,0,0,0,2,15,40,365,31,29,482,211,3,1,3.79522,1.5869,100,0,0,0,0,0,55,414,0,0,0,4,3,0.64684
166,658,29,0,0,281,69,85,56,38,14,0,33,0,0,4,0,2,2526,0,37,2602,262,3,1,3.35365,1.56685,100,0,0,0,0,1,0,609,0,0,0,1,3,0.64684
167,856,42,0,0,445,188,129,52,27,19,0,20,0,0,57,22,73,211,60,46,489,415,2,3,4.63419,1.26212,100,0,0,0,320,0,13,74,0,0,0,1,3,0.64684
168,585,0,0,0,267,81,90,25,41,16,0,3,0,0,4,4,4,497,17,8,537,253,2,3,2.9848,1.19936,100,0,0,0,563,1,0,69,0,0,0,0,3,0.64684
169,661,5,0,0,373,163,91,45,21,16,0,32,0,1,38,51,19,335,137,40,653,336,2,3,3.23545,1.18851,100,0,0,0,328,0,0,111,0,0,0,3,3,0.64684
170,428,0,0,0,227,70,71,42,13,7,0,0,0,0,0,4,44,4,0,71,123,203,2,3,2.79603,1.17561,100,0,0,0,758,1,0,0,0,0,0,0,3,0.64684
171,1120,7,0,0,705,388,167,54,36,17,0,18,0,0,3,10,28,62,69,111,301,662,2,3,2.38708,1.10929,100,0,0,0,0,0,0,184,0,0,0,3,3,0.64684
172,496,0,0,0,265,110,59,29,24,16,0,9,0,0,8,0,28,199,80,28,352,238,2,3,2.3148,1.07726,100,0,0,0,218,0,0,70,0,0,0,0,3,0.64684
173,285,0,0,0,155,49,50,26,9,4,0,0,0,0,0,0,1,221,8,7,237,138,2,3,2.24894,1.10701,100,0,0,90,367,1,0,19,0,0,0,3,3,0.64684
174,535,0,0,0,342,179,79,25,22,7,0,0,0,0,16,16,204,320,39,28,623,312,2,3,1.94008,1.06595,100,0,0,0,0,0,9,25,0,0,0,0,3,0.64684
175,31,31,17,0,0,0,0,0,0,0,0,0,17,0,0,0,0,45,16,20,98,0,2,3,1.86369,1.83902,100,0,0,0,329,0,0,107,0,0,0,3,3,0.64684
176,0,0,0,22,0,0,0,0,0,0,0,96,12,0,4,29,56,716,2,28,943,0,2,3,1.63396,2.07673,100,0,0,0,0,0,0,155,1,0,0,0,3,0.64684
177,1566,72,0,0,1003,393,357,78,21,13,0,3,0,0,3,7,14,180,1,5,213,862,2,3,1.57975,2.42099,100,0,0,0,0,0,53,174,1,0,0,4,3,0.64684
178,361,0,779,0,207,60,64,28,11,5,0,79,744,12,6,5,121,562,104,17,1650,168,2,3,1.44913,1.99318,100,0,0,0,0,0,0,358,1,0,0,0,3,0.64684
179,855,0,0,0,541,267,197,32,9,11,0,85,0,24,147,35,374,1003,150,15,1833,516,2,3,1.79277,1.4211,100,0,0,0,0,0,0,204,0,0,0,0,3,0.64684
180,158,0,0,0,59,3,21,16,15,1,0,36,0,2,12,5,41,293,229,60,678,56,2,3,3.98868,1.1326,100,0,0,0,0,0,0,137,0,0,0,0,3,0.64684
181,1825,0,0,0,1125,615,274,98,47,36,0,28,0,3,5,54,17,144,25,28,304,1070,2,3,5.04894,1.06581,100,0,0,0,0,0,0,427,1,0,0,0,3,0.64684
182,1129,0,133,0,734,394,177,50,43,11,0,71,99,24,51,219,89,917,184,28,1682,675,2,3,6.74887,1.0268,100,0,0,0,0,0,0,185,1,0,0,0,3,0.64684
183,1728,0,0,3,1035,503,301,106,36,29,0,33,2,9,135,9,254,1073,361,19,1895,975,2,3,5.5245,1.14705,100,0,0,0,0,0,8,426,0,0,0,0,3,0.64684
184,54,0,0,1,32,12,13,4,1,0,0,43,0,7,1,3,350,274,21,39,738,30,2,3,3.94581,1.35976,100,0,0,0,0,0,0,20,0,0,0,0,3,0.64684
185,120,0,1280,941,75,38,18,11,2,1,0,93,0,11,19,36,621,2555,220,12,3567,70,2,3,3.89439,1.40947,100,27,0,0,0,1,0,243,0,0,0,0,3,0.64684
186,2,0,38,916,1,0,1,0,0,0,0,112,1187,10,6,52,34,855,4733,62,7051,1,2,3,2.35976,2.82385,100,0,0,0,2038,1,3,1399,0,0,0,0,26,0.941176
187,96,0,0,0,90,14,19,8,1,3,0,45,0,5,23,24,669,677,173,16,1632,45,2,3,5.79681,1.33517,100,0,0,0,0,0,0,206,0,0,0,0,3,0.64684
188,1153,0,0,107,629,235,230,78,26,23,0,67,54,5,58,30,759,2193,559,363,4088,592,2,3,6.3439,1.39876,100,0,0,0,0,0,6,837,0,0,0,0,3,0.64684
189,917,9,38,33,503,229,120,70,25,22,0,43,0,4,13,179,2419,316,136,26,3136,466,2,3,7.1703,1.16013,100,0,0,0,0,0,20,217,1,0,0,3,3,0.64684
190,1627,38,0,0,962,510,232,101,47,22,0,54,0,1,13,55,157,778,196,47,1301,912,2,3,5.47893,1.08008,100,0,0,0,0,0,15,173,1,0,0,1,3,0.64684
191,1145,9,0,0,616,227,193,75,60,8,0,91,0,0,4,6,10,591,111,60,873,563,2,3,4.89635,1.32306,100,0,0,157,0,1,5,438,1,0,0,1,3,0.64684
192,1184,0,0,0,645,294,153,71,43,38,0,23,0,2,4,23,123,201,134,32,542,599,2,3,5.8188,1.39478,100,0,0,0,0,0,20,181,1,0,0,0,3,0.64684
193,445,0,0,0,249,101,60,22,12,13,0,159,0,5,27,131,494,1881,195,33,2925,208,2,3,6.1659,1.37979,100,23,0,0,0,1,3,243,1,0,0,0,3,0.64684
194,243,0,0,129,167,111,23,12,5,5,0,28,89,1,3,2,129,884,183,26,1345,156,2,3,4.1262,1.91613,100,0,0,0,0,0,0,205,1,0,0,0,3,0.64684
195,697,0,0,0,424,222,109,29,18,17,0,14,0,0,0,2,19,76,0,95,206,395,2,3,4.00493,1.91976,100,0,0,0,397,1,0,251,1,0,0,0,3,0.64684
196,1441,34,0,0,814,333,252,77,50,24,0,37,0,0,8,20,6,414,10,32,527,736,2,3,3.07796,2.30096,100,0,0,0,0,0,4,11,1,0,0,3,3,0.64684
197,144,11,0,0,47,10,10,11,5,8,0,190,0,4,12,27,123,1291,134,34,1815,44,2,3,2.79096,2.29704,100,0,0,0,0,0,0,109,1,0,0,3,3,0.64684
198,0,0,0,0,0,0,0,0,0,0,0,59,0,1,0,0,0,0,494,38,592,0,2,3,2.52189,2.26464,100,0,0,0,689,0,0,405,0,0,0,0,2,0.568966
199,4,0,0,0,1,0,0,0,1,0,0,0,0,0,3,0,0,520,0,0,523,1,2,3,3.53682,2.31636,100,0,0,0,1163,1,15,0,0,0,0,3,2,0.568966
200,658,4,0,1,297,93,84,53,26,25,0,12,0,0,0,18,1,129,49,44,253,281,2,3,4.45569,1.94384,100,0,0,56,584,1,53,50,0,0,0,3,2,0.568966
201,2525,0,0,0,1297,390,433,160,131,49,0,0,0,0,0,40,54,502,14,159,769,1163,2,3,4.95016,1.94467,100,0,0,0,0,0,4,5,0,0,0,0,2,0.568966
202,116,0,0,0,50,8,18,8,12,0,0,63,0,13,67,40,177,639,150,26,1175,46,2,3,5.23021,2.31127,100,0,0,0,405,0,28,186,0,0,0,0,2,0.568966
203,186,0,0,0,107,44,38,6,9,2,0,13,0,4,75,16,275,81,113,26,603,99,2,3,3.39951,2.48653,100,0,0,0,0,0,0,173,0,0,0,0,2,0.568966
204,1062,0,0,0,611,262,202,47,23,28,0,5,0,2,18,33,6,1251,79,10,1404,562,2,3,2.81593,2.27229,100,0,0,0,0,0,4,457,0,0,0,0,2,0.568966
205,542,11,0,0,256,86,82,41,23,13,0,33,0,12,177,156,192,886,977,272,2705,245,2,3,3.89328,1.70974,100,0,0,0,0,0,1,1132,0,0,0,3,2,0.568966
206,3569,0,0,0,2208,631,757,239,105,52,0,33,0,10,108,125,115,923,474,173,1961,1784,2,3,4.63726,2.95798,100,0,0,0,0,0,0,504,0,0,0,0,2,0.568966
207,98,98,0,0,0,0,0,0,0,0,0,12,0,0,1,0,0,114,12,21,160,0,2,3,3.56289,0,100,0,0,0,0,0,8,11,0,0,0,3,3,0.64684
208,65,0,0,0,29,10,11,1,3,3,55,12,0,0,0,0,0,4,1,34,106,28,2,3,4.60266,0.75,100,0,0,0,0,0,2,3,0,0,0,0,2,0.568966
209,23,0,0,0,14,5,6,2,0,0,0,407,0,14,59,62,13,270,175,40,1040,13,2,3,4.8029,0.688566,100,0,0,0,0,0,0,117,0,0,0,3,2,0.568966
210,590,223,0,0,195,61,89,19,6,7,0,238,0,6,53,139,489,989,338,339,2591,182,2,3,5.21195,0.96944,100,0,0,0,0,0,17,403,0,0,0,3,2,0.568966
211,1543,0,0,0,913,316,377,79,37,15,307,489,0,28,166,134,3,555,192,381,2255,824,2,3,4.64589,1.09626,100,0,0,0,0,0,0,137,0,0,0,0,2,0.568966
212,736,0,0,0,418,152,175,41,13,10,0,243,0,7,1,74,37,853,109,111,1435,391,2,3,4.1443,1.08409,100,0,0,0,0,0,103,110,0,0,0,0,2,0.568966
213,746,0,39,2,348,105,140,50,35,14,0,396,0,18,6,465,129,984,166,38,2202,344,2,3,3.67181,1.57281,100,0,0,0,0,0,2,205,0,0,0,0,2,0.568966
214,911,0,0,0,768,620,123,3,5,2,0,185,0,6,67,31,6,504,84,113,996,753,2,3,4.11556,1.22261,100,0,0,0,0,0,6,468,0,0,0,0,2,0.568966
215,681,6,0,0,361,123,154,42,24,4,0,229,0,4,36,33,646,845,19,12,1824,347,2,3,3.8621,1.57494,100,0,0,0,0,0,0,152,0,0,0,3,2,0.568966
216,992,10,0,0,524,180,207,61,30,14,0,368,0,22,17,143,51,804,153,85,1643,492,2,3,2.90547,1.90356,100,0,0,0,769,1,2,488,0,0,0,3,2,0.568966
217,1041,0,0,0,639,283,206,62,31,6,0,416,0,8,726,11,20,550,257,63,2051,588,2,3,3.05391,2.1095,100,0,0,0,0,0,319,226,0,0,0,0,2,0.568966
218,757,0,0,0,446,200,136,55,14,12,0,241,0,2,502,2,9,100,79,57,992,417,2,3,3.79296,1.67308,100,0,0,0,0,0,0,77,0,0,0,0,2,0.568966
219,83,0,0,0,50,23,16,5,2,1,0,68,0,1,4,1,179,384,31,22,690,47,2,3,3.65846,1.85467,100,0,0,0,0,0,0,50,0,0,0,0,2,0.568966
220,229,10,0,53,138,70,38,17,3,2,0,2079,37,2,46,15,1042,2734,53,32,6040,130,2,3,3.3742,2.14536,100,0,0,0,0,0,25,188,0,0,0,3,1,0.365672
221,2021,0,0,0,1162,596,295,97,66,53,0,669,0,1,18,44,43,820,58,51,1704,1107,2,3,3.88151,2.24679,100,0,0,0,0,0,0,69,0,0,0,0,1,0.365672
222,297,0,0,0,150,57,35,23,8,13,0,32,0,0,0,0,1,185,1,15,234,136,2,3,5.95126,2.2344,100,0,0,0,0,1,12,5,0,0,0,0,6,0.84
223,255,19,0,0,105,32,31,22,8,8,0,289,0,1,8,0,71,1337,32,19,1757,101,1,5,6.24266,2.1668,100,0,3970,485,1322,4,171,59,0,0,0,3,1,0.365672
224,61,61,0,0,0,0,0,0,0,0,0,1081,0,1,332,11,35,5037,8,25,6530,0,2,3,4.82787,2.21579,100,0,0,0,0,0,19,11,0,0,0,4,1,0.365672
225,0,0,0,0,0,0,0,0,0,0,0,2121,0,8,263,3,15,212,29,46,2697,0,1,5,4.38652,1.99134,100,0,0,0,628,0,0,23,0,0,0,0,1,0.365672
226,0,0,0,0,0,0,0,0,0,0,0,716,0,4,4,5,7,89,14,19,858,0,1,5,6.35647,2.03007,100,0,0,0,1106,0,0,30,0,0,0,0,1,0.365672
227,0,0,0,0,0,0,0,0,0,0,0,597,0,4,2,2,12,503,13,22,1155,0,1,5,6.40191,1.90744,100,0,0,0,472,0,0,15,0,0,0,0,1,0.365672
228,0,0,0,0,0,0,0,0,0,0,0,1151,0,5,32,37,112,773,63,20,2193,0,1,5,6.55029,1.79027,100,0,0,0,0,0,0,221,0,0,0,0,1,0.365672
229,0,0,0,0,0,0,0,0,0,0,0,417,0,4,9,3,7,345,9,9,803,0,1,5,4.74498,1.81271,100,0,0,0,0,0,0,39,0,0,0,0,1,0.365672
230,319,253,0,0,55,42,7,2,1,0,0,139,0,1,1,0,97,160,17,23,438,52,1,5,4.88717,1.77172,100,0,0,0,0,1,11,25,0,0,0,3,1,0.365672
231,443,132,0,0,261,202,41,5,3,0,0,325,0,1,15,4,271,124,105,27,872,251,2,3,5.28578,1.72691,100,0,0,0,691,0,20,119,0,0,0,3,1,0.365672
232,43,0,0,0,36,27,6,0,1,0,0,552,0,3,3,27,6,78,11,26,706,34,2,3,5.37068,1.46191,100,0,0,0,167,0,0,252,0,0,0,0,1,0.365672
233,8,0,0,0,8,6,1,0,0,0,0,1321,0,6,123,9,670,687,28,19,2863,7,2,3,5.44274,1.3503,100,0,0,0,21,0,1,44,0,0,0,0,1,0.365672
234,1,0,0,0,1,1,0,0,0,0,0,583,0,13,459,54,92,351,75,22,1649,1,2,3,5.98429,1.25456,100,0,0,0,0,0,573,78,0,0,0,0,2,0.568966
235,100,0,0,0,88,65,16,1,0,0,0,383,0,8,1,5,0,7,102,17,523,82,1,5,8.32174,1.98858,100,0,0,0,703,0,17,171,0,0,0,0,1,0.365672
236,0,0,0,0,0,0,0,0,0,0,0,32,0,1,62,9,46,90,4,4,248,0,1,5,8.41316,2.00217,100,0,0,0,0,0,0,25,0,0,0,0,1,0.365672
237,0,0,0,0,0,0,0,0,0,0,0,1249,0,9,9,3,65,195,38,22,1590,0,1,5,6.58308,1.76227,100,0,0,0,214,0,0,35,0,0,0,0,1,0.365672
238,586,0,0,0,352,117,158,23,14,5,0,26,0,1,0,0,291,240,2,12,572,317,1,5,7.76658,2.00953,100,0,0,0,436,1,6,19,0,0,0,0,1,0.365672
239,0,0,0,0,0,0,0,0,0,0,0,292,0,5,137,10,303,1030,26,3,1806,0,1,5,8.2605,2.05089,100,0,0,0,0,0,0,134,0,0,0,0,1,0.365672
240,0,0,0,0,0,0,0,0,0,0,0,432,0,7,36,0,1505,1712,40,0,3732,0,1,5,8.21417,2.11209,100,0,0,0,0,0,0,56,0,0,0,0,1,0.365672
241,16,0,0,0,8,3,2,3,0,0,0,320,0,6,231,10,676,672,55,15,1985,8,1,5,7.74096,2.11532,100,0,0,0,0,0,0,66,0,0,0,0,1,0.365672
242,27,27,0,0,0,0,0,0,0,0,0,818,0,20,48,19,1299,1143,86,16,3449,0,1,5,7.63642,2.23089,100,0,0,517,556,2,0,77,0,0,0,3,1,0.365672
243,0,0,0,0,0,0,0,0,0,0,0,698,0,11,530,22,741,3408,64,0,5474,0,1,5,8.12903,2.26936,100,0,0,0,0,0,0,79,0,0,0,0,1,0.365672
244,90,0,0,0,48,7,22,4,4,2,0,437,0,9,513,6,266,730,86,25,2072,39,1,5,7.58108,2.47287,100,0,0,0,0,0,4,129,0,0,0,0,1,0.365672
245,0,0,0,47,0,0,0,0,0,0,0,909,69,25,18,11,21,337,83,53,1526,0,1,5,7.09653,2.37773,100,0,0,0,0,0,0,897,0,0,0,0,1,0.365672
246,0,0,0,21,0,0,0,0,0,0,0,0,107,0,0,0,0,0,0,0,107,0,1,5,6.43132,2.22378,100,0,0,0,240,1,0,291,0,0,0,0,1,0.365672
247,34,0,0,0,34,34,0,0,0,0,0,27,0,0,0,0,0,209,0,19,255,34,2,3,5.73062,2.33783,100,0,0,0,211,0,29,21,0,0,0,0,6,0.84
248,1048,7,0,0,605,276,209,54,17,22,0,13,0,0,6,2,0,40,0,18,79,578,2,3,5.9262,2.37709,100,0,0,0,0,0,3,82,0,0,0,3,6,0.84
249,381,0,0,9,266,143,96,7,0,5,0,43,7,0,0,14,68,139,202,72,545,251,2,3,7.42086,2.27097,100,0,0,0,0,0,9,197,0,0,0,0,1,0.365672
250,824,0,0,0,393,94,177,51,37,11,0,58,0,0,0,2,7,197,17,24,305,370,1,5,7.16553,2.29236,100,0,0,0,0,1,0,21,0,0,0,0,1,0.365672
251,1609,0,0,0,909,399,290,104,53,18,0,17,0,0,21,0,60,351,1,26,476,864,1,5,7.74564,2.29231,100,0,0,0,289,0,17,9,0,0,0,0,1,0.365672
252,105,27,0,0,37,12,15,3,3,2,0,503,0,8,118,56,1354,3233,212,2,5486,35,1,5,8.19579,2.32065,100,3421,0,0,0,4,5,302,0,0,0,3,1,0.365672
253,200,28,0,0,117,61,38,9,2,0,0,49,0,4,0,1,0,170,44,29,297,110,1,5,8.36762,2.21379,100,0,0,0,0,0,5,53,0,0,0,3,1,0.365672
254,337,0,0,0,210,105,71,23,4,1,0,45,0,1,0,0,339,30,22,19,456,204,1,5,8.50168,2.15419,100,0,0,0,401,0,8,25,1,0,0,0,1,0.365672
255,323,0,0,77,232,107,61,12,7,5,0,872,80,20,161,179,375,1628,319,21,3655,192,1,5,8.42757,2.22022,100,25,0,0,0,1,6,281,1,0,0,0,1,0.365672
256,321,29,0,0,156,43,70,19,13,0,0,560,0,11,108,50,1550,3112,70,1,5462,145,1,5,8.39787,2.11566,100,0,0,0,0,0,4,96,0,0,0,3,1,0.365672
257,0,0,0,0,0,0,0,0,0,0,0,33,0,0,417,63,290,343,186,11,1343,0,1,5,8.40706,2.00718,100,0,0,0,0,0,0,464,0,0,0,0,1,0.365672
258,26,26,0,0,0,0,0,0,0,0,0,167,0,2,5,27,122,700,25,21,1069,0,1,5,8.51177,2.08975,100,0,0,0,0,0,0,25,0,0,0,3,1,0.365672
259,0,0,0,0,0,0,0,0,0,0,0,56,0,60,5,15,0,68,94,31,329,0,1,5,8.73388,2.13985,100,0,0,0,0,0,3,46,0,0,0,0,7,0.794953
260,155,0,0,0,81,39,16,16,4,4,0,56,0,11,15,10,65,265,28,29,479,79,1,5,8.61974,2.11549,100,0,0,0,359,0,0,40,0,0,0,0,1,0.365672
261,907,0,0,0,475,222,102,69,25,34,0,23,0,5,2,48,181,79,59,45,442,452,1,5,8.61305,2.18608,100,235,0,0,0,1,0,81,0,0,0,0,1,0.365672
262,421,0,0,0,281,150,81,9,9,8,0,17,0,2,0,109,40,67,114,47,396,257,1,5,8.6198,2.19575,100,0,0,0,0,0,4,75,0,0,0,0,1,0.365672
263,97,0,0,0,67,41,15,2,5,0,0,37,0,6,8,68,140,302,77,43,681,63,1,5,8.40241,2.14413,100,0,0,149,0,0,0,58,0,0,0,0,1,0.365672
264,821,31,0,0,402,151,125,66,30,13,0,12,0,1,0,7,42,177,84,42,365,385,1,5,8.4137,2.19584,100,0,0,0,0,0,332,170,0,0,0,3,1,0.365672
265,1714,269,0,278,727,262,177,111,56,49,0,10,121,1,0,4,31,74,49,12,302,655,2,3,8.61223,2.21157,100,0,0,0,1044,1,34,138,0,0,0,3,1,0.365672
266,58,0,0,0,28,10,9,3,1,3,0,25,0,2,3,6,39,310,134,25,544,26,2,3,8.12161,2.20647,100,0,0,0,804,1,9,161,0,0,0,0,1,0.365672
267,3011,0,0,0,1589,656,514,205,111,52,0,0,0,0,1,0,112,59,0,0,172,1538,1,5,8.19828,2.18765,100,0,0,0,0,0,0,2,0,0,0,0,1,0.365672
268,329,0,0,30,180,80,55,18,8,9,0,33,39,2,16,0,2,103,12,90,297,170,2,3,7.74085,2.2567,100,0,0,0,0,0,5,67,0,0,0,0,1,0.365672
269,86,0,0,0,44,15,16,5,6,0,0,16,0,0,0,0,12,113,9,26,176,42,2,3,7.53539,2.26157,100,0,0,0,0,0,0,8,0,0,0,0,1,0.365672
270,0,0,0,0,0,0,0,0,0,0,0,0,0,0,0,0,0,35,0,69,104,0,2,3,5.96938,2.34028,100,0,0,0,363,0,0,0,0,0,0,0,6,0.84
271,1186,0,0,0,596,251,126,78,46,50,0,154,0,0,0,13,33,397,143,59,799,551,3,1,3.13299,2.19506,100,0,0,209,600,1,0,77,0,0,0,0,6,0.84
272,2151,21,0,0,859,208,252,130,71,130,0,55,0,0,4,6,16,152,125,35,393,791,3,1,3.13077,2.3751,100,0,0,0,0,0,85,105,0,0,0,3,6,0.84
273,2656,2,0,0,1199,392,388,154,125,70,0,74,0,0,0,19,19,239,6,84,441,1129,3,1,0,0,100,0,0,0,678,1,0,11,0,0,0,3,24,0.797872
274,1693,0,0,0,936,376,307,112,46,34,0,15,0,0,4,5,8,148,0,16,196,875,3,1,4.15354,2.29478,100,0,0,0,0,1,15,95,0,0,0,0,24,0.797872
275,2970,0,0,0,1660,665,577,161,88,58,0,18,0,0,2,4,59,163,2,33,281,1549,3,1,2.02396,2.41357,100,0,0,0,517,0,0,87,0,0,0,0,24,0.797872
276,2695,0,0,0,1466,571,489,185,62,66,0,94,0,0,3,6,7,250,9,58,427,1373,3,1,2.23921,2.24412,100,0,0,145,0,1,0,125,0,0,0,0,24,0.797872
277,2275,0,0,0,1221,521,360,135,70,59,0,0,0,0,2,9,13,284,4,45,357,1145,3,1,1.9957,2.05366,100,0,0,58,0,1,45,2,0,0,0,0,24,0.797872
278,3692,0,0,0,1848,667,553,225,150,108,0,0,0,0,4,8,36,158,48,29,283,1703,2,3,4.72428,1.02814,100,0,0,0,218,0,0,289,0,0,0,0,24,0.797872
279,950,80,0,0,572,282,144,40,30,12,0,24,0,0,3,0,6,391,7,21,452,508,2,3,2.95921,1.54192,100,0,0,455,218,1,2,36,0,0,0,3,24,0.797872
280,3309,0,0,0,1997,893,608,222,79,42,0,0,0,0,4,4,17,160,21,68,274,1844,3,1,2.29446,1.82,100,0,0,0,0,0,35,38,0,0,0,0,24,0.797872
281,4714,285,0,0,2461,1041,769,258,164,74,0,37,0,0,0,12,18,923,0,35,1025,2306,2,3,1.5,0,100,0,0,108,218,1,133,88,0,0,0,3,24,0.797872
282,1175,5,0,0,416,52,134,79,66,63,0,0,0,0,10,5,84,257,0,106,462,394,3,1,1.5,0,100,0,3153,137,945,1,10,271,0,0,0,3,24,0.797872
283,913,9,0,0,350,74,110,61,42,34,0,44,0,0,2,15,14,216,36,29,356,321,3,1,0,0,100,0,0,0,0,0,0,40,0,0,0,1,24,0.797872
284,1606,0,0,0,391,25,73,70,37,168,0,0,0,0,22,5,4,41,0,29,101,373,3,1,0,0,100,0,0,0,329,0,0,219,0,0,0,0,24,0.797872
285,3681,5,0,0,1339,261,390,254,172,189,0,0,0,12,12,15,52,127,40,46,304,1266,3,1,0,0,100,0,0,0,209,1,90,31,0,0,0,3,6,0.84
286,2950,12,2,1,1090,187,344,210,156,141,0,57,0,6,12,17,20,754,51,66,983,1038,3,1,0,0,100,0,0,880,257,2,10,41,0,0,0,3,6,0.84
287,976,33,0,0,400,82,131,69,56,31,0,0,0,0,1,1,3,107,6,8,126,369,3,1,0,0,100,0,0,162,1913,3,39,25,0,0,0,4,6,0.84
288,1562,15,0,0,909,424,297,83,32,19,0,31,0,0,3,54,3,230,14,30,365,855,3,1,3.125,0,100,0,0,0,315,0,11,132,0,0,0,3,6,0.84
289,632,6,0,0,226,40,79,42,26,33,0,55,0,0,0,3,11,232,5,37,343,220,3,1,4.25,5,100,0,0,0,470,0,3,2,0,0,0,3,6,0.84
290,1970,0,0,0,679,129,157,115,118,127,0,33,0,0,0,13,53,112,7,53,271,646,3,1,0,0,100,0,0,0,0,0,0,2,0,0,0,0,6,0.84
291,256,83,0,0,67,9,28,8,17,3,0,13,0,0,1,0,25,70,34,15,158,65,3,1,0,0,100,0,0,0,0,0,41,49,0,0,0,3,6,0.84
292,313,45,0,0,101,17,35,19,18,9,0,0,0,0,0,0,4,209,0,7,220,98,3,1,0,0,100,0,0,0,0,0,22,33,0,0,0,3,6,0.84
293,622,0,0,0,210,32,75,26,39,33,0,27,0,0,0,3,66,32,0,36,164,205,3,1,0,0,100,0,0,0,326,0,2,0,0,0,0,0,6,0.84
294,0,0,0,0,0,0,0,0,0,0,0,0,0,0,0,0,0,0,0,0,0,0,3,1,0,0,100,0,0,304,0,0,1,10,0,0,0,0,6,0.84
295,2236,0,0,0,805,152,216,180,118,109,0,0,0,0,9,12,32,239,0,60,352,775,3,1,4.25,5,100,0,0,72,0,1,2,34,0,0,0,0,6,0.84
296,1528,28,0,0,569,121,183,108,50,93,0,19,0,0,15,9,28,1809,46,48,1974,555,3,1,4.25,5,100,0,0,117,0,1,109,137,0,0,0,4,6,0.84
297,726,3,0,0,298,69,93,51,35,35,0,0,0,0,4,11,11,395,4,43,468,283,3,1,3.56197,5,100,0,0,169,437,1,18,55,0,0,0,3,6,0.84
298,1038,0,0,0,520,229,150,64,23,35,0,29,0,0,1,1,19,669,2,22,743,501,3,1,3.1291,2.49,100,0,0,0,0,0,66,10,0,0,0,0,6,0.84
299,973,0,0,0,417,120,108,90,37,38,0,18,0,1,0,0,2,167,6,22,216,393,3,1,3.13493,2.35102,100,0,0,153,0,1,1,10,0,0,0,0,6,0.84
300,1329,183,0,0,441,96,104,76,80,48,0,161,0,1,28,27,80,2400,128,38,2863,404,3,1,3.32184,2.24673,100,0,0,0,0,0,92,131,0,0,0,4,6,0.84
301,901,172,0,0,327,117,87,41,34,30,0,22,0,0,2,1,8,485,14,21,553,309,3,1,3.20902,2.53162,100,0,0,0,0,0,81,15,0,0,0,4,6,0.84
302,2077,120,0,0,624,121,162,74,103,131,0,29,0,0,5,8,10,425,11,31,519,591,3,1,3.56444,2.34879,100,0,0,0,0,0,49,11,0,0,0,3,6,0.84
303,1106,12,0,0,401,106,90,69,61,53,0,27,0,0,259,172,25,330,14,11,838,379,3,1,3.87396,1.80476,100,0,0,470,0,1,6,37,0,0,0,3,6,0.84
304,242,0,0,0,68,15,14,6,6,25,0,51,0,3,3,0,6,48,13,58,182,66,2,3,4.34568,1.58224,100,0,0,0,688,0,17,4,0,0,0,0,6,0.84
305,1857,19,0,0,719,282,199,72,36,118,0,39,0,0,0,95,0,84,33,111,362,707,3,1,6,0.82696,100,0,0,0,0,1,0,7,0,0,0,3,6,0.84
306,1528,8,0,0,423,77,97,55,53,120,0,10,0,0,0,15,1,46,60,21,153,402,3,1,0,0,100,0,0,0,494,0,0,57,0,0,0,3,6,0.84
307,506,0,0,0,101,1,13,13,17,52,0,20,0,0,0,2,0,242,6,26,296,96,3,1,0,0,100,0,0,399,0,1,5,7,0,0,0,0,6,0.84
308,582,0,0,0,154,22,46,17,14,50,0,25,0,0,1,0,6,554,5,25,616,149,3,1,0,0,100,0,0,0,1404,1,0,21,0,0,0,0,6,0.84
309,1949,0,0,0,600,85,155,86,91,146,0,28,0,0,11,7,95,262,277,22,702,563,3,1,0,0,100,0,0,0,214,0,0,289,0,0,0,0,6,0.84
310,3690,154,0,0,1009,174,214,150,126,280,0,105,0,0,10,23,123,346,81,39,727,944,3,1,0,1,100,0,0,0,214,1,19,59,0,0,0,3,6,0.84
311,1111,520,0,0,166,22,34,35,25,44,0,179,0,0,3,1,7,904,31,19,1144,160,3,1,0,0,100,0,0,2465,0,1,0,58,0,0,0,3,6,0.84
312,4406,91,0,0,1049,120,176,138,170,397,0,0,0,0,21,29,161,351,29,99,690,1001,3,1,0,0,100,0,0,0,166,1,44,8,0,0,0,3,6,0.84
313,1686,15,0,0,465,64,84,64,73,147,0,3,0,0,9,12,3,59,47,56,189,432,3,1,0,0,100,0,0,0,214,0,26,18,0,0,0,3,6,0.84
314,1828,24,0,0,410,33,63,63,58,185,0,0,0,0,1,2,13,85,2,18,121,402,3,1,0,0,100,0,0,0,0,0,15,540,0,0,0,3,6,0.84
315,2121,31,0,0,434,43,68,44,76,187,0,0,0,0,0,4,4,152,13,17,190,418,3,1,0,0,100,0,0,76,359,1,45,34,0,0,0,3,6,0.84
316,2653,0,0,0,673,81,86,105,101,269,0,9,0,0,0,0,0,282,0,13,304,642,2,3,0,0,100,0,0,0,156,1,59,0,0,0,0,4,6,0.84
317,4109,68,0,0,1117,190,236,145,133,362,0,0,0,0,282,23,44,142,4,2,497,1066,2,3,10.1875,0,100,0,0,222,327,1,80,42,0,0,0,3,6,0.84
318,1351,0,0,0,305,22,65,43,45,122,0,120,0,11,0,0,4,27,0,36,198,297,3,1,0,0,100,0,0,0,0,0,69,52,0,0,0,3,6,0.84
319,1058,73,0,0,254,34,59,35,28,91,0,74,0,3,3,0,0,61,0,71,212,247,3,1,0,0,100,0,0,0,533,1,2,219,0,0,0,3,6,0.84
320,288,27,0,0,71,6,21,5,21,15,0,361,0,15,0,2,0,37,0,35,450,68,3,1,0,0,100,0,0,0,235,1,9,340,0,0,0,3,6,0.84
321,895,0,0,0,271,38,75,35,23,96,0,0,0,0,0,3,0,78,0,8,89,267,3,1,0,0,100,0,0,0,1493,0,0,0,0,0,0,0,6,0.84
322,2622,105,0,0,595,69,87,69,63,263,0,99,0,9,2,0,2,196,9,20,337,551,3,1,0,0,100,0,0,11,656,1,48,217,0,0,0,4,6,0.84
323,4212,27,0,0,1120,130,275,159,115,389,0,40,0,0,2,9,9,150,0,25,235,1068,3,1,0,0,100,0,0,0,0,0,29,0,0,0,0,3,6,0.84
324,0,0,0,0,0,0,0,0,0,0,0,49,0,0,0,0,0,0,0,55,104,0,3,1,0,0,100,0,0,0,0,0,0,0,0,0,0,0,6,0.84
325,1328,0,0,0,540,199,130,75,49,64,0,0,0,0,2,4,84,397,145,46,678,517,2,3,3.55263,2.13478,100,0,0,0,234,1,86,133,1,0,0,0,7,0.794953
326,3211,0,17,0,1297,285,342,269,173,126,0,10,19,2,9,2,765,206,22,20,1055,1195,2,3,3.78231,2.2102,100,0,0,373,0,0,0,14,1,0,0,0,7,0.794953
327,40,40,0,0,0,0,0,0,0,0,0,0,0,0,0,0,0,0,0,35,35,0,2,3,8.00493,2.22642,100,0,0,0,0,0,0,0,1,0,0,3,7,0.794953
328,167,159,0,0,6,4,0,0,1,0,179,122,0,6,315,163,85,626,266,123,1885,5,2,3,4.30391,2.07271,100,0,0,0,0,0,50,296,0,0,0,3,7,0.794953
329,526,0,0,0,269,103,86,46,18,6,120,23,0,1,33,13,1,40,60,118,409,259,2,3,4.7137,2.17582,100,0,0,0,0,0,0,302,0,0,0,0,7,0.794953
330,15,15,0,0,0,0,0,0,0,0,0,243,0,29,16,7,0,11,319,52,677,0,2,3,4.20714,2.77452,100,0,0,0,298,0,0,167,0,0,0,0,7,0.794953
331,16,16,0,0,0,0,0,0,0,0,0,219,0,23,1398,479,27,333,312,48,2839,0,3,1,4.20714,3,100,0,0,0,0,0,9,175,0,0,0,3,7,0.794953
332,28,24,0,0,2,1,0,1,0,0,0,135,0,44,1032,393,22,584,98,29,2337,2,3,1,0,0,100,0,0,0,0,0,80,78,0,0,0,3,7,0.794953
333,593,209,0,0,140,40,32,15,23,23,236,346,0,40,879,1008,362,3961,797,374,8003,133,3,1,4.20714,1.91678,100,0,0,0,0,0,55,970,0,0,0,3,7,0.794953
334,1184,0,0,0,621,305,127,61,40,41,278,142,0,8,70,706,18,475,206,184,2087,574,3,1,4.40846,0.919614,100,0,3666,0,0,1,20,144,0,0,0,0,7,0.794953
335,1525,0,0,0,422,65,62,52,59,167,0,57,0,0,2,0,0,38,15,44,156,405,3,1,4.31955,1.72978,100,0,0,0,0,0,0,9,0,0,0,0,7,0.794953
336,519,0,0,0,167,21,16,31,25,51,0,49,0,1,5,1,65,342,67,29,559,144,3,1,4.49778,1.58467,100,0,0,0,0,0,13,65,0,0,0,0,7,0.794953
337,1207,0,0,0,420,112,81,68,55,83,0,12,0,0,0,0,34,78,6,17,147,399,3,1,4.46739,1.32521,100,0,0,0,0,0,0,107,0,0,0,0,7,0.794953
338,1777,0,0,0,396,45,69,76,59,136,0,18,0,0,0,4,3,43,39,42,149,385,3,1,4.77262,0.741881,100,0,0,0,0,0,0,30,0,0,0,0,7,0.794953
339,836,0,0,0,181,27,28,19,25,74,0,21,0,0,38,0,148,203,105,28,543,173,3,1,0,0.18,100,0,0,0,0,0,0,103,0,0,0,0,7,0.794953
340,0,0,0,0,0,0,0,0,0,0,0,0,0,0,0,0,0,297,0,141,438,0,3,1,0,0,100,0,0,0,1701,1,0,0,0,0,0,0,7,0.794953
341,1361,0,0,0,459,85,145,75,81,66,0,141,0,0,14,13,14,192,67,80,521,452,3,1,2.49353,0,100,0,0,0,0,1,12,43,0,0,0,0,7,0.794953
342,1818,0,0,0,588,94,131,117,97,130,0,33,0,0,0,3,0,247,28,47,358,569,3,1,2.51801,0,100,0,0,0,533,1,1,50,0,0,0,0,7,0.794953
343,92,0,0,0,38,5,15,12,4,1,179,123,0,13,14,846,70,724,313,111,2393,37,3,1,0,0.18,100,0,0,0,628,0,7,349,0,0,0,0,7,0.794953
344,0,0,0,0,0,0,0,0,0,0,0,16,0,1,5,91,29,969,40,9,1160,0,3,1,2.69402,0,100,0,0,0,175,1,1,129,0,0,0,0,7,0.794953
345,22,0,0,0,9,1,4,3,1,0,55,54,0,0,2,45,191,263,40,31,681,9,2,3,2.55002,1.5,100,0,0,0,1333,0,97,145,0,0,0,0,7,0.794953
346,36,0,0,0,14,2,6,1,2,2,341,545,0,0,60,500,0,202,207,213,2068,13,2,3,2.68289,1.5,100,0,0,0,0,0,0,128,0,0,0,0,7,0.794953
347,0,0,0,0,0,0,0,0,0,0,0,181,0,11,637,307,16,287,103,28,1570,0,3,1,2.93,1.5,100,0,0,0,0,0,0,93,0,0,0,0,7,0.794953
348,976,0,0,0,348,95,58,47,37,77,0,142,0,8,35,856,62,356,168,20,1647,314,3,1,2.47896,1.5,100,0,0,0,0,0,0,213,0,0,0,0,7,0.794953
349,238,0,0,0,80,22,6,11,9,23,119,228,0,14,164,586,43,865,191,67,2277,71,3,1,2,1.5,100,0,0,0,618,0,0,320,0,0,0,0,7,0.794953
350,21,0,0,0,20,19,1,0,0,0,0,422,0,24,155,1097,51,2069,261,24,4103,20,3,1,2,1.5,100,0,0,0,302,0,698,222,0,0,0,0,7,0.794953
351,1452,1452,0,0,0,0,0,0,0,0,0,82,0,4,3,60,82,792,113,14,1150,0,3,1,4.50873,1.5,100,0,0,0,0,0,4,199,0,0,0,4,7,0.794953
352,219,0,0,0,86,25,10,11,16,14,136,33,0,1,28,230,27,270,48,78,851,76,3,1,4.06717,1.5,100,0,0,0,153,1,0,69,0,0,0,0,7,0.794953
353,425,0,0,0,158,34,44,29,17,25,219,123,0,7,12,416,113,228,160,129,1407,149,3,1,2.25814,1.5,100,0,0,0,0,0,0,158,0,0,0,0,7,0.794953
354,2028,7,0,0,464,36,86,68,75,186,0,1,0,0,2,1,135,105,23,22,289,451,3,1,4.99481,0,100,0,0,0,0,0,32,143,0,0,0,3,7,0.794953
355,3164,11,0,0,837,91,161,162,124,257,205,17,0,9,29,715,243,560,259,132,2169,795,3,1,6.86365,0,100,0,0,581,1211,2,349,251,0,0,0,3,7,0.794953
356,463,0,0,0,141,27,32,25,13,37,0,16,0,3,1613,391,68,257,94,17,2459,134,3,1,8.14988,0,100,0,0,0,1450,1,0,182,0,0,0,0,7,0.794953
357,513,0,0,0,196,52,46,27,30,29,0,0,0,0,15,2,27,55,6,13,118,184,3,1,8.65261,0,100,0,0,0,0,0,2,9,0,0,0,0,7,0.794953
358,1953,0,0,0,416,51,36,79,57,180,0,13,0,0,31,38,65,422,9,18,596,403,2,3,8.18604,0,100,0,0,0,342,0,14,750,0,0,0,0,7,0.794953
359,0,0,0,0,0,0,0,0,0,0,668,1111,0,0,1,1,14,68,82,129,2074,0,3,1,0,0,100,0,0,0,0,0,0,181,0,0,0,0,9,0.90681
360,404,201,0,0,113,12,29,17,13,6,871,0,0,0,0,0,5,18,0,80,974,77,3,1,0,0,100,0,0,0,184,1,117,5,0,0,1,2,9,0.90681
361,3317,9,0,0,1139,174,353,246,165,178,0,58,0,0,44,22,61,324,8,64,581,1116,3,1,0,0,100,0,0,0,1001,1,10,16,0,0,0,3,9,0.90681
362,1840,33,0,0,604,71,208,123,63,123,0,2476,0,0,12,12,61,630,278,160,3629,588,3,1,1.5625,1.81,100,0,0,179,0,1,31,223,0,0,0,3,9,0.90681
363,705,206,0,0,214,30,64,48,30,14,2545,0,0,0,41,0,28,513,0,305,3432,186,3,1,0,0,100,0,0,0,214,0,136,187,0,0,1,2,9,0.90681
364,1449,5,0,0,591,122,206,132,65,46,0,0,0,0,1,3,14,163,1,16,198,571,3,1,5,3,100,0,0,0,1899,0,5,1,0,0,0,3,9,0.90681
365,4579,43,0,0,2068,615,703,338,198,127,0,12,0,0,14,14,68,314,113,50,585,1981,3,1,0,0,100,0,0,0,635,1,47,74,0,0,0,3,9,0.90681
366,9502,0,0,0,4102,1134,1196,718,512,320,0,172,0,0,7,7,40,517,49,54,846,3880,3,1,0,0,100,0,0,0,0,1,349,59,0,0,0,3,9,0.90681
367,1670,14,0,0,568,84,194,118,77,85,0,0,0,0,3,1,121,258,140,28,551,558,3,1,0,0,100,0,0,0,0,1,15,305,0,0,0,3,9,0.90681
368,6253,117,0,0,1560,175,269,274,236,549,0,0,0,0,2,2,28,307,34,15,388,1503,3,1,0,0,100,0,0,0,0,0,64,90,0,0,0,3,9,0.90681
369,2895,0,0,0,775,10,108,187,206,222,86,0,0,0,3,0,7,333,0,38,467,733,3,1,0,0,100,0,0,0,0,0,0,109,0,0,1,3,9,0.90681
370,2390,0,0,0,967,244,308,172,115,102,0,124,0,0,0,3,2,116,0,32,277,941,3,1,0,0,100,0,0,0,244,1,0,65,0,0,0,0,9,0.90681
371,924,924,0,0,0,0,0,0,0,0,170,1084,0,15,11,1012,148,265,160,96,2961,0,3,1,0,0,100,0,0,0,0,0,545,214,0,0,0,0,9,0.90681
372,1021,0,0,0,348,16,77,73,49,72,0,0,0,0,0,10,0,141,0,0,151,287,3,1,0,0,100,0,0,0,0,0,0,30,0,0,0,0,9,0.90681
373,4211,98,0,0,1224,162,316,218,197,301,0,394,0,0,8,5,107,280,109,20,923,1194,3,1,0,0,100,0,0,0,0,1,49,790,0,0,0,3,9,0.90681
374,1035,0,0,0,547,210,172,87,39,12,0,106,0,0,0,1,1,4,0,12,124,520,3,1,0,0.63,100,0,0,0,0,0,0,80,0,0,0,0,10,0.88755
375,5198,41,0,0,1669,251,493,338,232,311,0,108,0,5,149,603,186,1282,139,40,2512,1625,3,1,2.83333,0,100,0,0,0,657,1,15,269,0,0,0,2,10,0.88755
376,150,134,0,0,11,1,1,0,0,2,0,0,0,0,0,0,0,748,0,0,748,4,3,1,0,0,100,0,0,0,0,0,84,65,0,0,0,2,10,0.88755
377,2,2,0,0,0,0,0,0,0,0,0,208,0,7,307,905,290,1224,275,18,3234,0,3,1,5,3,100,0,0,0,0,0,0,414,0,0,0,3,9,0.90681
378,10,0,0,0,3,1,0,0,1,1,0,238,0,4,687,933,387,966,549,23,3787,3,3,1,5,3,100,0,0,0,0,0,9,723,0,0,0,0,9,0.90681
379,3684,0,0,0,991,23,107,197,392,250,0,62,0,0,7,10,17,261,46,50,453,969,3,1,0,0,100,0,0,0,0,0,0,769,0,0,0,0,9,0.90681
380,80,67,75,4,4,0,2,0,1,1,0,364,72,3,137,185,90,965,269,35,2120,4,3,1,0,0,100,0,0,0,561,0,3,219,0,0,0,3,8,0.850394
381,42,0,172,24,16,3,5,5,1,2,155,709,107,7,560,1129,1290,1556,904,99,6516,16,3,1,0,0,100,0,0,0,1394,0,0,1185,0,0,0,0,8,0.850394
382,0,0,472,0,0,0,0,0,0,0,0,670,307,5,486,218,421,2636,286,20,5049,0,3,1,0,1.16,100,0,0,0,469,0,3,323,0,0,0,0,8,0.850394
383,4,0,0,0,1,0,0,0,1,0,0,15,0,0,44,52,8,90,17,11,237,1,3,1,0,0,100,0,0,0,472,1,0,35,0,0,1,4,8,0.850394
384,1178,337,0,0,229,12,40,43,58,75,0,110,0,0,37,2,180,90,60,21,500,228,3,1,0,0,100,0,0,0,379,0,169,121,0,0,1,2,8,0.850394
385,1880,104,0,0,516,20,55,139,145,119,0,37,0,0,42,2,11,447,2,33,574,478,3,1,0,0,100,0,0,651,516,2,15,27,0,0,0,3,8,0.850394
386,2235,0,0,0,720,33,201,188,175,97,0,415,0,0,0,19,146,254,108,55,997,694,3,1,0,1.16,100,0,0,0,1105,1,1,59,0,0,0,0,9,0.90681
387,887,0,0,0,375,24,182,141,16,2,858,0,0,0,11,0,3,936,75,390,2273,365,3,1,0,0,100,0,0,0,861,1,0,126,0,0,0,0,9,0.90681
388,897,0,0,0,267,8,75,49,70,54,0,193,0,0,1,1,2,47,13,27,284,256,3,1,0,0,100,0,0,0,0,0,42,12,0,0,0,0,8,0.850394
389,4199,0,0,0,1619,156,381,283,323,197,3532,2157,0,4,16,3,81,594,328,173,6888,1340,3,1,0,0,100,0,11165,891,433,2,502,701,0,0,1,0,8,0.850394
390,22,0,0,0,9,1,1,2,1,1,0,0,0,0,0,0,0,5,0,88,93,6,3,1,0,0,100,0,0,0,0,1,4,340,0,0,1,0,8,0.850394
391,584,0,0,0,250,27,127,66,22,3,0,0,0,0,0,0,15,102,0,0,117,245,3,1,0,0,100,0,0,0,0,0,5,8,0,0,1,0,8,0.850394
392,1224,1120,0,0,36,3,11,11,7,2,3959,0,0,0,6,3,17,1000,0,238,5223,34,3,1,0,0,100,0,0,0,0,0,522,2,0,0,1,2,8,0.850394
393,376,0,0,0,129,6,24,15,31,25,0,0,0,0,0,434,13,126,0,0,573,101,3,1,0,0,100,0,0,0,0,0,0,112,0,0,0,0,8,0.850394
394,131,11,0,0,27,2,1,5,4,14,0,2983,0,0,161,292,79,286,717,26,4544,26,3,1,0,0,100,0,0,0,1114,0,0,857,0,0,0,3,9,0.90681
395,3174,0,0,0,889,178,172,131,114,263,0,114,0,7,1,3,30,56,121,25,357,858,3,1,0,0.63,100,0,0,0,0,0,0,451,0,0,0,0,10,0.88755
396,0,0,0,0,0,0,0,0,0,0,0,20,0,0,0,0,0,317,6,55,398,0,3,1,0,1.09687,100,0,0,0,206,0,0,46,0,0,0,0,10,0.88755
397,32,0,0,0,8,1,1,1,3,2,0,0,0,0,0,0,0,0,0,0,0,8,3,1,0,0.63,100,0,0,109,892,1,6,0,0,0,0,0,8,0.850394
398,1682,49,0,0,440,23,44,96,182,84,0,0,0,0,148,0,4,141,0,0,293,429,3,1,0,0,100,0,0,2299,0,0,148,22,0,0,1,3,8,0.850394
399,665,0,0,0,193,9,44,41,51,43,0,0,0,0,0,4,8,33,17,38,100,188,3,1,4.125,2,100,0,0,0,0,0,0,4,0,0,0,0,10,0.88755
400,359,2,0,0,103,16,21,15,11,35,0,56,0,0,6,0,6,118,81,59,326,98,3,1,4.125,2,100,0,0,0,0,0,23,31,0,0,0,3,10,0.88755
401,1226,4,0,0,348,46,77,58,57,98,0,32,0,1,38,3,57,382,76,17,606,336,3,1,0,3.23717,100,0,0,86,32,1,83,132,0,0,0,3,10,0.88755
402,449,5,16,1,114,6,26,11,16,52,0,126,0,3,3,44,62,699,235,36,1208,111,3,1,0,2.84581,100,0,0,213,0,1,36,187,0,0,0,3,10,0.88755
403,1414,0,0,0,452,65,112,110,66,83,0,108,0,30,0,6,48,180,101,20,493,436,3,1,0,2.93083,100,0,0,0,0,0,12,103,0,0,0,0,10,0.88755
404,286,8,0,0,86,4,27,24,1,26,0,0,0,0,0,0,19,56,0,151,226,82,3,1,4.125,2,100,0,0,0,293,1,10,116,0,0,0,3,10,0.88755
405,4657,0,0,0,1623,245,500,349,231,256,0,179,0,0,13,66,83,498,91,88,1018,1581,3,1,0,0,100,0,0,0,721,1,10,124,0,0,0,0,10,0.88755
406,3925,6,0,0,1567,306,560,339,158,149,0,25,0,1,2,2,7,281,29,15,362,1512,3,1,0,0,100,0,0,0,1748,1,10,42,1,0,0,3,10,0.88755
407,4430,0,0,0,2274,850,776,261,144,126,0,13,0,0,27,65,48,279,4,10,446,2157,3,1,4.125,2,100,0,0,187,0,1,0,314,1,0,0,0,10,0.88755
408,1118,0,0,0,642,286,196,62,43,16,0,42,0,0,0,0,0,101,66,28,237,603,3,1,4.125,2,100,0,0,0,400,1,0,643,1,0,0,0,10,0.88755
409,1835,0,0,0,652,131,173,107,93,104,0,19,0,1,9,11,135,219,74,29,497,608,3,1,4.125,2,100,0,0,0,0,0,0,283,1,0,0,0,10,0.88755
410,975,9,0,0,268,44,62,32,35,89,0,14,0,0,0,6,18,134,142,32,346,262,3,1,0,0,100,0,0,0,0,0,6,177,1,0,0,3,10,0.88755
411,412,25,0,0,173,54,42,23,26,14,145,43,0,4,11,74,70,877,321,135,1680,159,3,1,0,0,100,0,0,468,0,0,0,451,1,0,0,3,10,0.88755
412,0,0,0,27,0,0,0,0,0,0,0,26,17,3,10,0,83,196,200,20,555,0,3,1,4.125,2,100,0,0,0,13,0,0,271,1,0,0,0,10,0.88755
413,97,0,0,0,25,1,5,5,5,8,0,133,0,2,76,9,478,2717,1113,15,4543,24,3,1,4.125,2,100,0,0,0,0,0,1,1443,0,0,0,0,10,0.88755
414,3214,0,0,0,1070,119,369,222,176,165,0,0,0,0,1,10,19,74,0,7,111,1051,3,1,0,0,100,0,0,0,0,0,0,95,0,0,0,0,10,0.88755
415,1158,0,0,0,404,32,155,103,59,51,0,0,0,0,0,1,1,26,0,4,32,400,3,1,0,0,100,0,0,125,0,0,3,58,0,0,0,0,10,0.88755
416,2371,0,0,0,864,131,320,177,125,96,0,78,0,0,10,15,8,77,18,18,224,849,3,1,0,0,100,0,0,0,0,0,0,25,0,0,0,0,10,0.88755
417,9,9,0,0,0,0,0,0,0,0,0,454,0,0,0,0,0,121,0,57,632,0,3,1,0,0,100,0,0,0,1251,0,0,10,0,0,0,4,10,0.88755
418,2207,6,0,0,786,98,295,148,135,97,0,0,0,0,75,22,16,91,0,0,204,773,3,1,0,0,100,0,0,0,0,0,8,55,0,0,0,3,10,0.88755
419,269,0,0,0,105,14,49,21,15,6,0,1,0,0,0,0,0,90,17,22,130,105,3,1,0,0,100,0,0,0,0,0,0,53,0,0,0,0,10,0.88755
420,920,0,0,0,289,40,85,48,41,70,0,0,0,0,6,6,12,40,0,28,92,284,3,1,0,0,100,0,0,362,0,1,5,7,0,0,0,0,10,0.88755
421,5177,23,0,0,1742,283,482,365,265,284,0,0,0,0,4,9,17,147,0,23,200,1679,3,1,0,0,100,0,0,0,1069,1,13,45,0,0,0,3,10,0.88755
422,1547,0,0,0,517,84,151,117,69,88,0,0,0,0,0,4,7,98,0,0,109,509,3,1,0,0,100,0,0,0,0,0,6,70,0,0,0,0,10,0.88755
423,1228,7,0,0,372,63,93,61,61,83,0,0,0,0,2,4,7,32,0,3,48,361,3,1,0,1.5,100,0,0,0,0,0,1,21,0,0,0,2,10,0.88755
424,901,179,0,0,275,77,69,38,43,40,0,8,0,0,14,12,211,608,281,26,1160,267,3,1,0,1.5,100,0,0,0,0,0,13,309,0,0,0,2,10,0.88755
425,511,0,0,0,144,26,33,15,21,43,0,2,0,0,139,1,43,498,169,22,874,138,3,1,0,0,100,0,0,0,0,0,0,195,0,0,0,0,10,0.88755
426,22,0,80,45,3,0,0,1,0,2,222,16,0,0,3,244,156,300,168,133,1242,3,3,1,0,0,100,0,0,0,357,0,0,177,0,0,0,0,10,0.88755
427,188,0,0,0,58,15,10,11,4,16,0,11,0,0,73,4,54,679,146,25,992,56,3,1,0,0,100,0,0,0,0,1,7,139,0,0,0,0,10,0.88755
428,0,0,0,0,0,0,0,0,0,0,0,0,0,0,0,0,0,0,0,0,0,0,3,1,0,0,100,0,0,0,0,0,0,71,0,0,0,0,10,0.88755
429,469,28,0,0,127,18,27,20,15,45,0,110,0,0,176,1,10,21,47,18,383,125,3,1,0,0,100,0,0,0,0,0,7,292,0,0,0,3,10,0.88755
430,952,119,0,0,453,273,70,17,36,41,0,132,0,0,12,4,107,441,175,27,898,437,3,1,0,1.5,100,0,0,0,0,0,51,218,0,0,0,4,10,0.88755
431,703,0,0,6,256,69,54,29,37,52,178,84,0,0,1,4,10,73,110,194,654,241,3,1,0,0,100,18,0,0,0,0,2,207,0,0,0,0,10,0.88755
432,5284,3241,0,0,638,29,148,147,202,90,0,45,0,0,17,38,14,277,0,52,443,616,3,1,0,0,100,0,0,0,283,1,1147,14,0,0,1,2,10,0.88755
433,3632,10,0,0,1478,487,366,204,148,193,0,355,0,3,180,10,55,985,1143,613,3344,1398,3,1,0,0,100,22,0,0,392,1,0,665,0,0,0,3,10,0.88755
434,1046,6,0,0,349,52,92,69,50,69,0,0,0,0,0,0,0,0,0,0,0,332,3,1,0,0,100,0,0,0,0,0,0,127,0,0,0,4,10,0.88755
435,2743,9,0,0,853,111,236,185,132,174,0,63,0,0,5,27,17,280,11,31,434,838,3,1,0,0,100,0,0,223,932,2,5,37,0,0,0,3,10,0.88755
436,2536,5,0,0,807,70,309,142,92,188,0,86,0,0,2,4,27,59,0,19,197,801,3,1,0,0,100,0,0,0,0,1,0,28,0,0,0,4,10,0.88755
437,4754,45,0,0,1490,174,463,352,191,287,0,0,0,10,5,10,26,233,14,23,321,1467,3,1,0,0,100,0,0,0,590,1,29,16,0,0,0,3,10,0.88755
438,34,0,0,0,12,1,6,2,0,3,604,224,0,5,65,342,63,438,65,180,1986,12,3,1,0,0,100,0,0,0,0,0,9,88,0,0,0,0,10,0.88755
439,6834,7,0,0,2082,243,643,409,294,452,0,41,0,9,7,8,26,139,26,20,276,2041,3,1,0,0,100,0,0,0,457,1,20,27,0,0,0,3,10,0.88755
440,850,9,0,0,347,73,104,75,31,42,0,0,0,0,0,11,0,429,0,440,880,325,3,1,0,0,100,0,5511,0,0,4,0,178,0,0,0,2,14,0.928058
441,5484,142,0,0,1209,100,237,168,149,524,0,228,0,0,19,22,45,150,45,135,644,1178,3,1,0,0,100,0,0,0,0,0,82,42,0,0,0,3,14,0.928058
442,2239,22,0,0,501,63,95,61,46,217,0,55,0,0,7,204,15,58,11,47,397,482,3,1,0,0,100,0,0,317,1651,0,19,8,0,0,0,3,14,0.928058
443,73,0,0,0,16,0,2,3,2,9,0,92,0,1,2,1,0,12,1,5,114,16,3,1,0,0,100,0,0,0,0,0,9,8,0,0,1,0,14,0.928058
444,734,0,0,0,144,11,12,20,19,76,0,36,0,2,5,0,2,209,15,32,301,138,3,1,1,0,100,0,0,383,0,1,2,28,0,0,0,0,14,0.928058
445,390,9,0,0,75,9,9,2,6,47,0,39,0,2,0,0,79,182,84,40,426,73,3,1,1,0,100,0,0,0,0,0,3,110,0,0,0,3,14,0.928058
446,1475,15,0,0,362,55,59,35,73,124,0,41,0,8,6,21,6,483,63,18,646,346,3,1,1,0,100,0,0,0,0,0,11,115,0,0,0,3,14,0.928058
447,1864,11,0,0,837,292,175,96,50,115,0,209,0,16,18,16,169,996,274,39,1737,728,3,1,1,0,100,0,0,0,333,0,0,199,0,0,0,3,14,0.928058
448,1106,47,0,0,264,21,39,45,42,107,0,5,0,0,4,11,6,30,7,17,80,254,3,1,1,0,100,0,0,0,905,0,58,52,0,0,0,3,14,0.928058
449,2298,120,0,0,508,71,64,92,68,203,0,28,0,0,2,8,15,225,59,47,384,498,3,1,0,0,100,0,0,96,283,1,62,75,0,0,0,3,14,0.928058
450,3333,78,0,0,705,81,113,82,101,313,0,0,0,0,3,3,23,141,0,43,213,690,3,1,0,0,100,0,0,0,0,0,97,123,0,0,0,3,14,0.928058
451,3055,155,0,0,714,86,106,117,144,246,24,34,0,0,6,180,72,410,13,91,830,699,3,1,0,0,100,0,0,0,0,0,116,204,0,0,0,3,14,0.928058
452,1294,19,0,0,307,24,76,54,24,123,0,3,0,0,2,3,14,57,2,28,109,301,3,1,0,0,100,0,0,0,0,0,14,132,0,0,0,3,14,0.928058
453,1287,17,0,0,334,38,49,61,70,99,0,0,0,0,0,0,12,96,0,145,253,317,3,1,0,0,100,0,0,0,671,1,11,14,0,0,0,3,14,0.928058
454,2810,49,0,0,783,75,144,116,118,277,0,48,0,19,5,312,140,358,245,24,1151,730,3,1,0,0,100,0,0,0,1165,1,28,324,0,0,0,3,14,0.928058
455,141,0,89,12,32,1,2,10,9,10,0,65,0,24,13,823,143,440,281,14,1803,32,3,1,0,0,100,0,0,0,0,0,0,842,0,0,0,0,14,0.928058
456,2157,0,5,1,562,67,85,103,129,157,0,53,0,0,12,0,209,860,456,40,1630,541,3,1,0,0,100,0,0,0,0,2,2,503,0,0,0,0,14,0.928058
457,2750,156,0,0,775,92,145,117,120,235,0,42,0,3,1,3,145,388,159,40,781,709,3,1,0,0,100,0,0,0,1028,0,15,129,0,0,0,3,14,0.928058
458,2348,70,0,0,496,36,90,69,65,223,0,0,0,0,0,3,10,71,20,36,140,483,3,1,0,0,100,0,0,0,0,0,20,14,0,0,0,3,14,0.928058
459,1741,0,0,0,361,25,68,47,52,164,0,0,0,0,0,6,45,116,0,161,328,356,3,1,0,0,100,0,0,0,645,1,35,47,0,0,0,0,14,0.928058
460,2251,0,0,0,886,183,262,165,141,89,0,0,0,0,2,30,21,132,0,19,204,840,3,1,0,0,100,0,0,0,0,0,7,73,0,0,0,3,14,0.928058
461,1671,0,0,0,660,107,233,124,114,49,0,22,0,0,4,10,8,327,420,274,1065,627,3,1,0,0,100,0,0,0,0,0,39,381,0,0,0,0,14,0.928058
462,1658,0,0,0,634,123,183,113,118,70,0,48,0,0,0,8,41,270,629,70,1066,607,3,1,0,0,100,0,0,0,965,1,0,881,0,0,0,0,14,0.928058
463,1837,0,0,0,769,175,260,158,104,48,0,2,0,0,2,5,10,65,22,17,123,745,3,1,0,0,100,0,0,0,408,0,0,54,0,0,0,0,14,0.928058
464,2699,45,0,0,612,40,105,84,106,262,0,0,0,0,7,0,49,73,0,34,163,597,3,1,0,0,100,0,0,0,0,1,29,614,0,0,0,3,15,0.826087
465,1509,8,0,0,560,102,181,106,100,56,0,3,0,0,1,1,5,42,0,11,63,545,3,1,0,0,100,0,0,462,0,0,214,156,0,0,0,3,15,0.826087
466,2093,0,214,55,808,148,251,195,113,81,0,1,0,0,3,3,7,58,0,15,87,788,3,1,2.5,0,100,0,0,0,0,0,2,199,0,0,0,0,15,0.826087
467,3872,0,0,0,1599,434,435,291,238,136,0,3,0,0,19,4,98,542,54,26,746,1534,3,1,0,0,100,0,0,0,542,1,0,58,0,0,0,0,15,0.826087
468,62,0,0,0,25,2,12,6,3,1,0,129,0,6,50,422,326,1028,141,42,2144,24,3,1,2.5,0,100,0,0,0,223,0,141,108,0,0,0,0,15,0.826087
469,1441,0,1068,324,551,91,166,131,96,48,0,102,0,0,163,729,25,814,142,13,1988,532,3,1,2.5,0,100,0,0,0,0,0,0,149,0,0,0,0,15,0.826087
470,0,0,366,0,0,0,0,0,0,0,0,0,0,0,0,0,0,0,0,0,0,0,3,1,2.5,0,100,0,0,0,0,0,8,0,0,0,0,0,15,0.826087
471,0,0,1962,127,0,0,0,0,0,0,0,0,0,0,0,0,0,0,0,0,0,0,3,1,0,0,100,0,0,0,0,0,0,0,0,0,0,0,15,0.826087
472,1798,0,371,196,688,117,230,131,114,74,0,191,0,0,0,0,0,0,0,0,191,666,3,1,0,0,100,0,0,0,0,0,3,0,0,0,0,0,15,0.826087
473,138,0,0,0,61,18,15,11,8,5,0,10,0,0,0,0,0,82,0,0,92,57,3,1,0,0,100,0,0,0,0,0,0,2,0,0,0,0,15,0.826087
474,684,232,0,0,192,44,58,30,34,12,0,0,0,0,0,0,0,0,0,0,0,178,3,1,0,0,100,0,0,0,0,0,0,9,0,0,0,3,15,0.826087
475,2764,0,40,3,1097,195,311,226,176,112,74,29,0,0,0,0,0,0,24,577,704,1020,3,1,0,0,100,0,0,0,0,0,0,11,0,0,0,3,15,0.826087
476,37,6,0,0,16,5,7,1,1,1,0,36,0,0,0,0,0,216,108,72,432,15,3,1,0,0,100,0,0,0,0,0,0,853,0,0,0,3,15,0.826087
477,664,8,384,20,265,52,73,54,43,24,0,0,0,0,0,0,0,0,188,258,446,246,3,1,0,0,100,0,0,0,0,0,0,136,0,0,0,3,15,0.826087
478,616,6,0,0,240,35,82,42,40,25,58,0,0,0,0,0,0,0,0,105,163,224,3,1,0,0,100,0,0,0,0,0,32,6,0,0,0,3,15,0.826087
479,1331,19,0,0,521,96,158,92,79,60,99,0,0,0,0,0,0,0,11,307,417,485,3,1,0,0,100,0,0,0,0,0,0,131,0,0,0,3,15,0.826087
480,356,6,57,25,147,29,49,28,16,15,36,0,0,0,0,0,0,0,12,40,88,137,3,1,0,0,100,0,0,0,0,0,0,9,0,0,0,3,15,0.826087
481,0,0,24,59,0,0,0,0,0,0,0,0,0,0,0,0,0,0,0,0,0,0,3,1,0,0,100,0,0,0,0,0,0,0,0,0,0,0,16,0.966667
482,1086,0,0,0,357,24,120,82,60,61,0,20,0,12,6,3,3,42,12,35,133,347,3,1,0,0,100,0,0,0,0,0,0,9,0,0,0,0,16,0.966667
483,2052,0,259,170,685,76,207,170,107,110,0,0,0,0,1,0,2,11,0,0,14,670,3,1,0,0,100,0,0,0,0,0,3,0,0,0,0,0,16,0.966667
484,2660,0,0,0,870,79,296,168,157,159,0,9,0,7,4,24,30,225,266,35,600,859,3,1,0,0,100,0,0,1100,597,1,0,171,0,0,0,0,16,0.966667
485,2584,0,0,0,945,162,303,177,163,111,0,10,0,0,7,6,25,82,37,40,207,916,3,1,0,0,100,0,0,0,0,0,0,29,0,0,0,0,16,0.966667
486,1079,0,0,0,351,33,107,73,64,67,0,0,0,0,13,7,47,111,0,70,248,344,3,1,0,0,100,56,0,0,435,1,11,4,0,0,0,0,16,0.966667
487,1722,0,808,126,557,55,152,139,99,101,0,0,0,0,6,1,3,288,10,33,341,546,3,1,0,0,100,0,0,470,0,1,0,9,0,0,0,0,16,0.966667
488,2110,0,481,93,742,124,194,168,119,107,0,0,0,0,3,3,13,90,0,26,135,712,3,1,0,0,100,0,0,0,0,0,0,0,0,0,0,0,16,0.966667
489,1511,0,454,84,502,39,158,124,100,73,0,0,0,0,3,17,7,28,0,0,55,494,3,1,0,0,100,0,0,0,0,0,4,0,0,0,0,0,16,0.966667
490,789,0,20,17,256,32,66,49,61,45,0,31,0,0,77,13,141,1056,466,30,1814,253,3,1,0,0,100,0,0,0,0,0,0,557,0,0,0,0,16,0.966667
491,904,0,22,19,308,38,88,83,54,41,0,7,0,0,0,13,26,329,0,112,487,304,3,1,0,0,100,0,0,0,0,0,0,0,0,0,0,0,16,0.966667
492,2734,0,216,37,999,162,323,203,150,135,0,0,0,0,8,6,10,113,0,14,151,973,3,1,0,0,100,0,0,0,0,0,0,0,0,0,0,0,16,0.966667
493,10033,0,512,172,3633,623,981,734,804,392,0,3,0,0,4,33,54,382,8,88,572,3534,3,1,0,0,100,0,0,0,554,1,1,11,0,0,0,0,16,0.966667
494,9742,0,0,0,3052,337,787,631,746,476,0,1,0,0,14,32,8,247,11,298,611,2977,3,1,0,0,100,0,0,0,1831,0,0,11,0,0,0,0,16,0.966667
495,1672,0,228,120,757,151,300,142,89,27,41,38,0,0,910,131,116,427,64,272,1999,709,3,1,0,0,100,0,0,0,0,0,0,78,0,0,0,0,16,0.966667
496,2559,0,0,0,1113,322,330,186,103,92,0,0,0,0,0,1,0,138,0,13,152,1033,3,1,0,0,100,0,0,0,0,0,3,0,0,0,0,0,16,0.966667
497,1159,0,0,0,358,48,92,58,50,97,0,0,0,0,0,1,4,15,0,5,25,345,3,1,0,0,100,0,0,0,0,0,7,0,0,0,0,0,16,0.966667
498,817,0,0,0,258,26,66,62,56,46,0,0,0,0,1,0,3,21,0,0,25,256,3,1,0,0,100,0,0,62,0,0,0,53,0,0,0,0,16,0.966667
499,645,0,0,0,220,44,46,43,27,49,0,2,0,0,0,0,0,10,21,29,62,209,3,1,0,0,100,0,0,0,0,0,0,15,0,0,0,0,16,0.966667
500,1523,0,0,0,465,46,103,109,86,106,0,11,0,0,0,18,61,101,0,50,241,450,3,1,0,0,100,0,0,0,453,1,0,0,0,0,0,0,16,0.966667
501,759,0,0,0,267,45,78,44,49,44,0,39,0,0,5,1,287,746,382,9,1469,260,3,1,0,0,100,0,0,13,0,1,1,349,0,0,0,0,16,0.966667
502,652,0,0,0,219,24,75,57,30,31,0,0,0,0,5,3,11,25,0,7,51,217,3,1,0,0,100,0,0,0,0,1,0,9,0,0,0,0,16,0.966667
503,1138,0,0,0,388,61,118,67,54,78,0,0,0,0,0,179,9,156,0,123,467,378,3,1,0,0,100,0,0,0,1997,1,1,11,0,0,0,0,16,0.966667
504,1406,0,0,0,527,99,175,93,70,70,0,0,0,0,0,8,3,10,0,5,26,507,3,1,0,0,100,0,0,0,0,0,0,60,0,0,0,0,16,0.966667
505,1342,0,0,0,421,33,127,81,83,88,0,0,0,1,2,1,5,243,3,16,271,412,3,1,0,0,100,0,0,222,0,1,1,15,0,0,0,0,16,0.966667
506,1022,0,0,0,453,116,164,73,42,33,0,0,0,4,2,1,2,90,33,10,142,428,3,1,0,0,100,0,0,0,0,0,0,122,0,0,0,0,16,0.966667
507,831,0,0,0,269,14,78,94,30,43,0,0,0,0,35,0,69,815,0,0,919,259,3,1,0,0,100,0,0,0,0,0,0,115,0,0,0,0,16,0.966667
508,152,0,0,0,73,10,30,18,7,0,0,0,0,0,0,0,0,0,0,0,0,65,3,1,0,0,100,0,0,0,378,0,0,28,0,0,0,0,16,0.966667
509,266,30,0,0,85,7,30,19,17,8,623,0,0,0,0,0,0,4,0,15,642,81,3,1,0,0,100,0,0,0,546,1,159,2,0,0,1,2,16,0.966667
510,487,0,291,164,167,11,68,37,21,24,0,0,0,0,1,0,0,8,0,0,9,161,3,1,0,0,100,0,0,0,0,0,0,0,0,0,0,0,16,0.966667
511,0,0,0,0,0,0,0,0,0,0,1416,0,0,0,0,20,0,0,0,6,1442,0,3,1,0,0,100,0,0,0,0,0,0,13,0,0,1,0,16,0.966667
512,0,0,122,31,0,0,0,0,0,0,0,480,0,0,0,0,0,0,15,11,506,0,3,1,0,0,100,0,0,0,0,0,0,39,0,0,1,3,16,0.966667
513,2962,3,0,0,954,168,232,159,150,194,0,43,0,0,3,15,38,217,45,55,416,903,3,1,0,0,100,0,0,151,270,1,7,52,0,0,0,3,17,0.985401
514,2933,15,0,0,899,131,224,132,146,229,0,0,0,0,18,12,45,199,0,48,322,862,3,1,0,0,100,0,0,0,0,0,8,17,0,0,0,3,17,0.985401
515,427,0,0,0,149,29,41,24,11,40,0,96,0,0,0,5,0,37,144,128,410,145,3,1,0,0,100,0,0,0,700,1,0,31,0,0,0,3,17,0.985401
516,1495,0,52,45,579,131,169,90,76,88,0,144,0,0,4,9,29,191,13,69,459,554,3,1,0,0,100,0,0,157,1799,3,6,6,0,0,0,0,17,0.985401
517,1576,1,0,0,565,167,127,62,69,115,0,91,0,2,5,2,63,400,130,37,730,540,3,1,0,0,100,0,0,0,0,0,35,126,0,0,0,3,17,0.985401
518,671,13,0,0,295,122,69,24,18,47,0,71,0,2,9,9,22,233,65,30,441,280,3,1,0,0,100,0,0,0,0,0,5,78,0,0,0,3,17,0.985401
519,1499,109,694,116,494,105,117,78,62,97,0,326,0,9,59,79,121,1227,199,118,2138,459,3,1,0,0,100,0,0,0,0,0,41,211,0,0,0,3,17,0.985401
520,931,5,165,145,307,55,82,48,38,66,0,221,0,9,11,5,2,51,77,49,425,289,3,1,0,0,100,0,0,100,0,1,3,73,0,0,0,3,17,0.985401
521,1076,15,0,0,359,71,103,50,35,83,0,141,0,4,4,4,51,395,92,46,737,342,3,1,0,0,100,0,0,0,311,0,10,82,1,0,0,3,17,0.985401
522,1366,0,251,43,508,122,114,55,70,98,0,25,0,1,0,2,4,118,46,31,227,459,3,1,0,0,100,0,0,0,0,0,1,56,1,0,0,0,17,0.985401
523,1296,8,316,118,499,127,104,57,47,91,0,36,0,1,0,2,1,23,12,35,110,426,3,1,0,0,100,0,0,0,0,0,10,15,1,0,0,4,17,0.985401
524,983,0,45,24,345,60,132,53,23,71,0,44,0,2,0,6,9,59,20,44,184,339,3,1,0,0,100,0,0,0,286,1,1,15,1,0,0,3,17,0.985401
525,546,0,0,0,303,131,90,47,11,7,0,9,0,0,2,0,12,47,21,33,124,286,3,1,0,0,100,0,0,0,331,0,0,26,1,0,0,0,17,0.985401
526,3889,251,0,0,946,99,187,135,146,316,0,27,0,183,8,17,36,204,14,29,518,883,3,1,0,0,100,0,0,0,395,0,57,23,0,0,0,2,17,0.985401
527,0,0,0,0,0,0,0,0,0,0,0,0,0,43,0,0,0,0,0,7,50,0,3,1,0,0,100,0,2641,0,317,1,12,90,0,0,0,0,17,0.985401
528,1061,0,0,0,259,9,39,55,46,106,0,0,0,19,0,2,6,14,0,9,50,255,3,1,0,0,100,0,0,0,0,0,3,37,0,0,0,0,17,0.985401
529,0,0,0,0,0,0,0,0,0,0,0,0,0,0,0,0,0,0,0,0,0,0,3,1,0,0,100,0,0,0,289,0,0,5,0,0,0,0,17,0.985401
530,237,0,0,0,65,5,10,17,11,20,0,0,0,0,0,0,0,0,0,0,0,63,3,1,0,0,100,0,0,0,0,0,8,41,0,0,0,0,17,0.985401
531,0,0,0,0,0,0,0,0,0,0,0,0,0,0,0,0,0,0,0,0,0,0,3,1,0,0,100,0,0,57,0,0,0,0,0,0,0,0,17,0.985401
532,0,0,0,0,0,0,0,0,0,0,0,0,0,8,0,0,0,0,0,20,28,0,3,1,0,0,100,0,0,0,0,0,0,2,0,0,0,0,17,0.985401
533,2855,921,0,0,828,82,244,115,73,127,0,0,0,0,0,1,12,39,0,28,80,641,3,1,0,0,100,0,0,0,638,1,419,32,0,0,1,2,17,0.985401
534,1240,0,0,0,411,28,107,78,86,80,0,931,0,1,21,0,0,76,161,3,1193,379,3,1,0,0,100,0,0,0,0,0,4,529,0,0,1,2,17,0.985401
535,3379,2522,0,0,239,7,27,60,88,48,3304,0,0,0,79,2,5,5,45,77,3517,230,3,1,0,0,100,0,0,0,0,0,1103,33,1,0,1,2,17,0.985401
536,4331,0,0,0,1233,64,180,251,359,289,349,0,0,0,1,2,3,9,8,12,384,1143,3,1,0,0,100,0,0,0,684,0,1,29,0,0,1,2,17,0.985401
537,0,0,128,0,0,0,0,0,0,0,89,11,27,0,0,0,0,0,0,11,138,0,3,1,0,0,100,0,0,0,0,0,0,0,0,0,1,0,17,0.985401
538,4943,123,0,0,1318,58,152,319,427,304,751,4,0,0,5,1,161,111,4,11,1048,1260,3,1,0,0,100,0,0,0,0,1,272,73,0,0,1,2,17,0.985401
539,493,0,0,0,135,17,27,14,23,43,41,47,0,218,0,1,2,3,87,0,399,124,3,1,0,0,100,0,0,93,0,0,70,117,0,0,0,0,17,0.985401
540,0,0,0,0,0,0,0,0,0,0,0,0,0,0,0,0,4,28,10,10,52,0,3,1,0,0,100,0,0,0,0,0,30,19,0,0,0,0,16,0.966667
541,4883,0,0,0,1408,73,369,271,348,274,115,13,0,0,22,53,27,191,160,539,1120,1335,3,1,0,0,100,0,0,373,257,1,3,77,0,0,0,0,14,0.928058
542,3525,0,0,0,1149,170,321,211,183,206,0,0,0,0,9,28,27,397,291,77,829,1091,3,1,0,0,100,0,0,0,726,1,1,358,0,0,0,0,14,0.928058
543,3989,0,0,0,1048,67,225,189,202,341,0,0,0,0,3,3,5,81,1,9,102,1024,3,1,0,0,100,0,0,0,37,0,10,5,0,0,0,0,14,0.928058
544,3438,0,0,0,932,81,195,156,161,314,0,1,0,0,24,14,9,240,73,67,428,907,3,1,0,0,100,0,0,0,621,1,19,74,0,0,0,0,14,0.928058
545,823,0,0,0,270,63,46,34,38,64,0,0,0,0,0,0,0,0,0,0,0,245,3,1,0,0,100,0,0,115,0,0,0,7,0,0,0,0,11,0.978261
546,1448,0,0,0,457,93,83,56,75,107,0,7,0,0,2,2,0,23,7,177,218,414,3,1,0,0,100,0,0,0,0,0,0,1,0,0,0,0,11,0.978261
547,550,83,0,0,159,39,28,15,34,30,0,4,0,0,3,0,0,612,0,20,639,146,3,1,0,0,100,0,0,0,0,0,74,9,0,0,0,4,11,0.978261
548,2104,5,0,0,595,34,147,126,99,183,0,22,0,0,24,6,9,81,7,33,182,589,3,1,0,0,100,0,0,0,0,0,3,46,0,0,0,3,11,0.978261
549,2776,0,0,0,874,52,190,164,163,224,0,83,0,0,0,4,4,99,4,142,336,793,3,1,0,0,100,0,0,46,0,0,0,2,0,0,0,0,11,0.978261
550,3198,0,0,0,893,82,211,171,170,230,0,2,0,0,4,51,11,44,0,16,128,864,3,1,0,0,100,0,0,0,663,0,2,0,0,0,0,0,11,0.978261
551,4663,0,14,1,1477,209,315,241,228,390,0,24,0,0,3,26,26,186,0,159,424,1383,3,1,0,0,100,0,0,0,990,0,0,128,0,0,0,0,11,0.978261
552,6451,0,0,0,2528,518,720,464,345,311,0,0,0,0,18,16,34,550,0,32,650,2358,3,1,0,0,100,0,0,0,0,0,0,0,0,0,0,0,11,0.978261
553,1160,0,0,0,345,28,73,59,104,73,0,40,0,13,13,16,10,52,27,78,249,337,3,1,0,0,100,0,0,0,0,0,0,44,0,0,0,0,11,0.978261
554,3769,0,0,0,1303,209,358,247,210,217,0,0,0,0,1,2,6,63,6,6,84,1241,3,1,0,0,100,186,0,0,0,0,0,61,0,0,0,0,11,0.978261
555,6086,0,0,0,1667,79,334,325,368,476,0,20,0,3,8,6,15,80,18,206,356,1582,3,1,0,0,100,0,0,0,0,0,30,195,0,0,0,0,11,0.978261
556,2666,44,8,1,619,43,117,97,88,256,0,48,0,4,11,7,29,239,9,39,386,601,3,1,0,0,100,0,0,0,0,1,20,121,0,0,0,3,11,0.978261
557,3190,27,0,0,695,29,126,77,93,349,0,197,0,0,7,14,25,201,4,108,556,674,3,1,0,0,100,0,0,0,0,0,17,12,0,0,0,3,11,0.978261
558,2690,0,0,0,622,46,103,77,82,276,0,522,0,0,5,19,29,469,135,121,1300,584,3,1,0,0,100,0,0,203,3233,3,3,41,0,0,0,0,11,0.978261
559,469,7,0,0,117,14,16,10,24,50,0,13,0,0,1,0,0,69,18,9,110,114,3,1,0,0,100,0,0,0,0,0,0,46,0,0,0,3,11,0.978261
560,439,0,51,51,128,6,26,19,25,44,0,0,0,0,6,54,8,101,0,0,169,120,3,1,0,0,100,0,0,0,0,0,31,136,0,0,0,0,11,0.978261
561,4053,0,0,0,1319,180,294,255,271,253,0,0,0,0,3,17,50,227,0,70,367,1253,3,1,0,0,100,0,0,0,514,1,0,61,0,0,0,0,11,0.978261
562,1499,0,0,0,488,43,109,87,73,124,0,2,0,0,6,6,16,49,6,33,118,436,3,1,0,0,100,0,0,0,0,0,12,76,1,0,0,0,11,0.978261
563,3667,29,0,0,1013,105,223,170,119,330,0,57,0,0,5,11,67,477,213,20,850,947,3,1,0,0,100,0,0,0,336,1,17,205,1,0,0,3,11,0.978261
564,7910,0,0,0,2660,359,766,521,459,411,0,0,0,0,2,17,20,114,1,190,344,2516,3,1,0,0,100,0,0,0,566,0,15,52,0,0,0,0,11,0.978261
565,2049,8,17,676,631,55,119,95,127,153,0,14,295,1,2,3,19,186,8,91,619,549,3,1,0,0,100,0,0,0,0,0,0,63,0,0,0,3,11,0.978261
566,785,0,0,0,236,20,48,44,67,43,0,0,0,0,0,0,34,115,0,134,283,222,3,1,0,0,100,0,0,0,517,0,0,0,0,0,0,0,11,0.978261
567,612,0,0,0,239,25,92,48,26,28,0,0,0,0,0,0,18,68,0,57,143,219,3,1,0,0,100,0,0,0,313,0,0,56,0,0,0,0,11,0.978261
568,2839,6,0,0,750,122,119,123,105,261,0,9,0,2,7,0,15,129,9,132,303,730,3,1,0,0,100,0,0,0,0,1,2,7,0,0,0,3,11,0.978261
569,3361,4,0,0,800,44,107,139,149,343,0,60,0,5,14,10,45,255,7,112,508,782,3,1,0,0,100,0,0,113,708,1,0,6,0,0,0,4,11,0.978261
570,198,0,0,0,49,9,9,0,13,16,0,0,0,0,0,0,0,13,0,26,39,47,3,1,0,0,100,0,0,0,0,0,11,3,0,0,0,0,11,0.978261
571,2370,0,0,0,774,94,207,123,139,152,220,0,0,0,79,17,208,124,0,0,648,715,3,1,0,0,100,0,0,166,508,1,0,48,0,0,1,0,12,0.853503
572,0,0,0,0,1,0,0,0,0,0,205,0,0,0,21,0,16,84,0,0,326,0,3,1,0,0,100,0,0,0,0,0,25,3,0,0,1,0,12,0.853503
573,29,0,0,0,21,0,5,3,1,1,346,0,0,0,44,4,68,57,0,0,519,10,3,1,0,0,100,0,0,134,478,1,11,2,0,0,1,0,12,0.853503
574,2364,645,0,0,736,183,229,119,60,83,676,0,0,0,43,52,129,427,0,0,1327,674,3,1,0,0,100,0,0,0,371,1,0,11,0,0,1,3,12,0.853503
575,0,0,0,0,0,0,0,0,0,0,0,128,0,1,279,763,82,302,132,14,1701,0,3,1,0,0,100,0,0,0,32,0,0,187,0,0,0,0,12,0.853503
576,0,0,0,0,0,0,0,0,0,0,0,129,0,2,211,708,108,259,125,12,1554,0,3,1,0,0,100,0,0,0,0,0,0,155,0,0,0,0,12,0.853503
577,4,0,0,0,2,0,2,0,0,0,0,66,0,3,159,512,60,227,52,32,1111,2,3,1,0,0,100,0,0,0,0,0,0,84,0,0,0,0,12,0.853503
578,222,0,0,0,86,18,29,15,5,12,0,51,0,5,122,652,7,225,48,469,1579,79,3,1,0,0,100,0,0,0,0,0,0,42,0,0,0,0,12,0.853503
579,41,0,0,0,19,3,9,2,2,1,0,55,0,0,5,12,0,156,77,197,502,17,3,1,0,0,100,0,0,0,0,0,0,61,0,0,0,0,12,0.853503
580,44,0,0,0,26,12,6,5,0,1,0,62,0,0,16,241,7,124,15,224,689,24,3,1,0,0,100,0,0,0,0,0,0,57,0,0,0,0,12,0.853503
581,1126,0,0,0,511,93,165,75,48,47,0,3,0,0,5,3,2,49,1,10,73,428,3,1,0,0,100,0,0,0,0,0,0,48,0,0,0,0,12,0.853503
582,645,0,925,599,363,28,57,34,22,49,0,1,598,0,18,2,3,737,55,114,1528,190,3,1,0,0,100,0,0,0,0,0,0,102,1,0,0,0,12,0.853503
583,1486,0,0,0,795,109,267,98,75,43,0,0,0,0,19,3,5,509,204,140,880,592,3,1,0,0,100,0,0,0,0,0,0,248,0,0,0,0,12,0.853503
584,536,0,0,0,215,39,77,40,25,22,0,10,0,0,0,0,0,29,0,0,39,203,3,1,0,0,100,0,0,0,0,0,2,52,0,0,0,0,12,0.853503
585,1087,14,0,0,298,18,53,66,31,114,0,0,0,0,10,0,0,242,10,203,465,282,3,1,0,0,100,0,0,0,0,0,10,26,0,0,0,3,12,0.853503
586,332,0,0,0,99,8,21,17,7,37,0,0,0,0,0,0,0,79,0,230,309,90,3,1,1.25635,0,100,2717,0,0,0,3,3,187,0,0,0,0,12,0.853503
587,211,0,16,24,56,4,10,6,12,19,0,0,0,0,0,0,0,478,0,0,478,51,3,1,1.22582,0,100,19,0,0,0,1,0,144,0,0,0,0,12,0.853503
588,887,0,0,0,232,19,53,33,21,95,0,0,0,0,1,0,3,9,0,0,13,221,3,1,0,0,100,0,0,0,0,0,0,35,0,0,0,0,12,0.853503
589,49,0,0,0,15,1,3,5,1,4,0,117,0,0,39,1,66,115,229,326,893,14,3,1,1.35611,0,100,0,0,0,0,0,0,377,0,0,0,0,12,0.853503
590,20,0,0,0,6,0,2,2,0,2,0,23,0,0,6,5,33,159,321,262,809,6,3,1,0,0,100,0,0,0,0,0,0,812,0,0,0,0,12,0.853503
591,7,0,0,0,3,1,1,0,1,0,0,0,0,0,0,0,0,24,0,150,174,3,3,1,0,0,100,0,0,0,0,0,0,38,0,0,0,0,12,0.853503
592,53,0,0,0,16,2,3,4,3,3,0,51,0,0,3,0,3,9,50,171,287,15,3,1,0,0,100,0,0,0,0,0,0,115,0,0,0,3,12,0.853503
593,45,0,0,0,23,5,9,6,1,0,0,1615,0,2,11,58,240,307,47,884,3164,21,3,1,1.4477,0,100,0,0,0,0,0,0,69,0,0,0,3,12,0.853503
594,163,12,0,0,68,17,24,7,11,3,0,0,0,0,0,0,0,0,0,269,269,62,3,1,1.40625,0,100,0,0,0,0,0,0,6,0,0,0,3,12,0.853503
595,935,80,0,0,378,94,130,43,58,19,0,0,0,0,383,8,219,1023,1,30,1664,344,3,1,0,0,100,0,0,0,0,0,0,6,0,0,0,3,12,0.853503
596,645,20,0,0,269,68,83,31,44,19,0,9,0,0,0,0,0,3,6,149,167,245,3,1,1.475,0,100,0,0,0,0,0,0,1,0,0,0,3,12,0.853503
597,2039,0,0,0,537,33,75,90,135,191,0,0,0,0,1,3,12,29,0,719,764,524,3,1,0,0,100,0,0,0,3154,0,56,82,0,0,0,0,12,0.853503
598,47,0,0,0,11,0,1,2,3,4,0,0,0,0,0,331,993,0,0,0,1324,10,3,1,0,0,100,0,0,122,0,0,0,6,0,0,0,0,12,0.853503
599,312,0,0,0,90,5,19,19,13,26,0,0,0,0,0,0,0,11,0,271,282,82,3,1,0,0,100,0,0,0,0,0,0,15,0,0,0,0,12,0.853503
600,3337,0,0,0,928,53,136,168,195,291,0,374,0,0,0,0,0,436,93,904,1807,843,3,1,0,0,100,0,0,386,0,0,104,38,0,0,0,0,11,0.978261
601,5175,0,0,0,1591,144,356,311,326,370,0,0,0,0,4,6,10,152,0,181,353,1507,3,1,0,0,100,0,0,0,0,0,0,15,0,0,0,0,12,0.853503
602,3890,0,0,0,1154,109,238,236,246,290,0,0,0,0,10,6,23,168,0,59,266,1119,3,1,0,0,100,0,0,0,488,0,0,0,0,0,0,0,12,0.853503
603,1129,0,0,0,327,19,58,67,52,101,0,51,0,0,0,9,0,74,37,37,208,297,3,1,0,0,100,0,0,0,0,0,15,35,0,0,0,0,11,0.978261
604,3347,0,0,0,986,54,154,197,185,281,0,11,0,0,0,4,11,45,6,1041,1118,871,3,1,0,0,100,0,0,0,0,0,0,33,0,0,0,0,12,0.853503
605,37,0,0,0,11,0,3,2,3,2,0,0,0,39,0,0,3,0,10,678,730,10,3,1,0,0,100,0,0,0,0,0,0,20,0,0,0,0,12,0.853503
606,2867,0,0,0,808,60,161,169,184,206,0,0,0,1,1,2,11,112,21,49,197,780,3,1,0,0,100,0,0,0,0,0,0,304,0,0,0,0,12,0.853503
607,3220,0,0,0,969,65,244,194,186,229,0,4,0,5,4,2,11,70,89,9,194,918,3,1,0,0,100,0,0,0,0,0,0,85,0,0,0,0,13,0.923077
608,1107,0,0,0,380,41,107,73,62,70,0,0,0,0,0,3,0,6,0,51,60,353,3,1,0,0,100,0,0,0,257,0,0,2,0,0,0,0,13,0.923077
609,3895,0,0,0,1410,225,410,277,209,210,0,7,0,3,20,1,10,162,15,62,280,1331,3,1,0,0,100,0,0,0,380,1,0,79,0,0,0,0,13,0.923077
610,5356,16,0,0,1463,108,380,229,226,470,0,4,0,28,18,63,47,428,23,42,653,1413,3,1,0,0,100,0,0,0,348,1,15,148,0,0,0,3,13,0.923077
611,354,0,0,0,88,11,14,10,13,36,0,1,0,0,1,1,1,29,0,0,33,84,3,1,0,0,100,0,0,0,0,0,0,8,0,0,0,0,13,0.923077
612,244,0,0,0,77,6,15,36,7,9,0,0,0,0,0,0,0,0,0,455,455,73,3,1,0,0,100,0,0,0,0,0,0,51,0,0,0,0,12,0.853503
613,456,0,0,0,170,15,62,51,23,9,0,0,0,0,4,8,0,34,0,0,46,160,3,1,0,0,100,0,0,0,0,0,0,16,0,0,0,0,13,0.923077
614,6079,5,0,0,2071,228,613,380,347,365,0,1,0,1,5,7,24,129,1,111,279,1933,3,1,0,0,100,0,0,0,0,0,0,31,0,0,0,3,13,0.923077
615,942,0,0,0,308,26,94,60,47,65,0,0,0,0,0,0,0,0,0,0,0,292,3,1,0,0,100,0,0,0,0,0,50,11,0,0,0,0,13,0.923077
616,572,0,0,0,179,23,24,63,20,40,0,0,0,0,0,0,0,0,0,0,0,170,3,1,0,0,100,0,0,0,226,0,29,6,0,0,0,0,13,0.923077
617,43,0,0,0,16,0,2,5,2,2,0,117,0,220,159,53,80,250,61,19,959,11,3,1,0,0,100,0,0,0,0,0,0,23,0,0,0,0,13,0.923077
618,19,0,0,0,11,5,3,0,2,0,0,8,0,41,0,0,0,1,9,0,59,10,3,1,0,0,100,0,0,0,492,0,1,13,0,0,0,0,13,0.923077
619,2259,20,0,0,484,36,78,52,62,251,0,5,0,0,1,3,7,9,1,9,35,479,3,1,0,0,100,0,0,0,263,0,6,1,0,0,0,3,23,0.966102
620,28,0,0,0,22,0,0,2,1,3,202,0,0,0,0,0,0,0,0,0,202,6,3,1,0,0,100,0,0,0,0,0,12,115,0,0,1,0,23,0.966102
621,2257,0,0,0,482,45,77,75,41,238,0,0,0,0,8,8,53,351,0,0,420,476,3,1,0,0,100,0,0,0,325,1,0,0,0,0,0,0,23,0.966102
622,1508,0,0,0,300,22,37,37,38,163,0,129,0,0,18,2,38,270,2,0,459,297,3,1,0,0,100,0,0,0,1575,1,1,2,0,0,0,0,23,0.966102
623,2711,0,0,0,633,79,99,59,71,271,0,130,0,0,2,3,26,210,139,0,510,579,3,1,0,0,100,0,0,169,262,1,2,178,0,0,0,0,23,0.966102
624,1777,10,0,0,446,54,54,64,52,188,0,7,0,6,1,13,11,65,28,1,132,412,3,1,0,0,100,0,0,0,0,0,53,23,0,0,0,3,23,0.966102
625,289,0,0,0,72,6,10,7,8,38,0,9,0,84,0,0,1,5,16,0,115,69,3,1,0,0,100,0,0,0,530,0,6,21,0,0,0,0,23,0.966102
626,2287,0,0,0,564,44,80,78,78,241,0,16,0,4,4,12,12,65,6,10,129,521,3,1,0,0,100,0,0,0,0,0,0,3,0,0,0,0,23,0.966102
627,558,78,0,0,164,34,35,31,12,37,0,5,0,2,13,0,0,8,0,8,36,149,3,1,0,0,100,0,0,0,303,0,1,7,0,0,0,3,23,0.966102
628,456,0,0,0,146,16,36,22,20,39,0,0,0,4,11,7,1,26,2,0,51,133,3,1,0,0,100,0,0,0,0,0,5,3,0,0,0,0,23,0.966102
629,14,0,0,0,7,3,1,1,0,1,0,0,0,0,0,0,0,0,0,0,0,6,3,1,0,0,100,0,0,0,0,0,12,2,0,0,1,0,23,0.966102
630,13,0,0,0,11,0,2,1,0,1,0,0,0,0,0,0,0,47,0,0,47,4,3,1,0,0,100,0,0,0,0,0,0,16,0,0,1,0,23,0.966102
631,2824,0,0,0,866,86,177,123,134,259,0,0,0,18,0,2,3,60,3,83,169,779,3,1,0,0,100,0,0,0,0,0,0,11,1,0,0,0,23,0.966102
632,1380,0,0,0,409,29,106,66,61,123,0,0,0,30,0,7,7,41,11,0,96,385,3,1,0,0,100,0,0,0,0,0,0,35,1,0,0,0,23,0.966102
633,1817,0,0,0,490,38,120,54,61,175,0,0,0,0,2,5,1,44,1,1,54,448,3,1,0,0,100,0,0,0,0,0,7,18,1,0,0,3,23,0.966102
634,4705,542,0,27,1185,132,230,127,191,396,0,0,21,19,5,9,23,144,24,1,246,1076,3,1,0,0,100,0,0,70,543,1,87,125,1,0,0,3,23,0.966102
635,3206,194,0,0,811,78,167,115,100,299,0,31,0,124,8,3,26,288,25,0,505,759,3,1,0,0,100,0,0,0,596,1,45,122,1,0,0,3,23,0.966102
636,3063,17,0,0,905,94,173,136,108,291,0,101,0,175,31,19,206,918,719,4,2173,802,3,1,0,0,100,0,0,0,657,0,7,222,1,0,0,3,23,0.966102
637,1706,29,0,0,585,143,108,81,49,150,0,276,0,57,0,7,70,300,304,1,1015,531,3,1,0,0,100,0,0,0,416,1,0,245,1,0,0,3,23,0.966102
638,2994,4,0,0,730,60,127,93,122,297,0,3,0,10,8,5,23,211,5,42,307,699,3,1,0,0,100,0,0,0,0,0,0,1,1,0,0,3,23,0.966102
639,1851,334,0,0,363,28,56,53,52,150,0,229,0,10,32,7,17,106,2,0,403,339,3,1,0,0,100,0,0,0,537,1,0,1,1,0,0,3,23,0.966102
640,3156,131,0,0,1057,214,218,136,117,247,0,294,0,99,4,26,13,428,17,4,885,932,3,1,0,0,100,0,0,0,1895,1,5,4,1,0,0,3,23,0.966102
641,6497,160,0,0,1903,224,362,270,249,589,0,0,0,18,24,21,26,708,77,0,874,1694,3,1,0,0,100,0,0,0,390,1,53,65,1,0,0,3,23,0.966102
642,312,0,5,0,121,18,52,20,11,16,0,1,3,0,0,0,9,3,9,85,110,117,3,1,0,0,100,0,0,0,0,0,0,10,1,0,0,0,23,0.966102
643,2261,0,0,0,1223,314,350,128,105,76,0,0,0,0,5,0,2,85,0,0,92,973,3,1,0,0,100,0,0,0,0,0,0,1,1,0,0,0,23,0.966102
644,438,0,0,3,203,41,55,12,15,33,0,0,3,0,0,0,4,19,0,7,33,156,3,1,0,0,100,0,0,80,0,0,2,45,1,0,0,0,23,0.966102
645,568,292,0,0,116,35,39,9,16,12,0,0,0,0,1,1,3,15,49,0,69,111,3,1,0,0,100,0,0,0,345,0,0,50,1,0,0,3,23,0.966102
646,640,334,0,3,161,29,55,19,13,9,1,14,3,64,0,1,4,121,24,1,233,125,3,1,0,0,100,0,0,0,0,0,69,14,0,0,0,2,22,1
647,454,0,0,0,158,31,43,27,25,23,0,0,0,2,0,4,20,145,22,0,193,149,3,1,0,0,100,0,0,0,375,0,0,16,0,0,0,0,22,1
648,1775,2,0,1,838,198,250,132,88,56,0,0,1,6,2,5,4,110,2,0,130,724,3,1,0,0,100,0,0,0,0,0,2,57,0,0,0,2,22,1
649,750,0,1,1,225,26,63,47,20,60,0,0,0,0,3,6,9,54,14,3,89,216,3,1,0,0,100,0,0,0,0,1,2,38,0,0,0,0,22,1
650,1008,2,0,0,332,43,82,53,55,73,0,17,0,73,4,37,23,160,21,11,346,306,3,1,0,0,100,0,0,99,0,1,1,24,0,0,0,3,22,1
651,1544,0,1,1,533,87,151,81,69,99,0,5,0,5,13,6,11,44,4,0,88,487,3,1,0,0,100,0,0,0,153,0,9,12,0,0,0,0,22,1
652,1122,0,0,0,331,33,76,61,49,93,0,3,0,11,0,3,5,82,40,0,144,312,3,1,0,0,100,0,0,0,0,0,0,20,0,0,0,0,22,1
653,1208,0,0,0,329,41,56,56,65,98,0,9,0,1,0,55,18,32,27,4,146,316,3,1,0,0,100,0,0,0,0,0,1,27,0,0,0,0,22,1
654,170,0,0,0,53,7,15,14,5,8,0,3,0,23,20,0,292,124,4,0,466,49,3,1,0,0,100,0,0,0,0,0,20,3,0,0,0,0,22,1
655,0,0,0,0,0,0,0,0,0,0,0,0,0,0,0,0,0,0,0,0,0,0,3,1,0,0,100,0,0,177,197,1,0,30,0,0,0,0,22,1
656,2497,150,0,0,898,62,323,265,118,62,157,14,0,32,3,9,10,90,24,25,364,830,3,1,0,0,100,0,0,0,0,0,74,42,0,0,0,2,22,1
657,30,0,0,0,12,1,7,1,3,0,0,9,0,7,7,97,0,26,83,0,229,12,3,1,0,0,100,0,0,0,279,0,0,55,0,0,0,0,22,1
658,153,0,0,0,52,13,8,4,15,9,0,33,0,159,12,42,38,382,233,9,908,49,3,1,0,0,100,0,0,0,370,0,0,183,0,0,0,0,22,1
659,903,57,0,0,293,46,77,28,47,68,0,36,0,16,5,23,64,283,264,0,691,266,3,1,0,0,100,0,0,0,0,0,0,191,0,0,0,3,22,1
660,341,0,0,0,137,54,37,16,1,19,0,12,0,4,4,0,0,102,29,0,151,127,3,1,0,0,100,0,0,0,0,0,0,28,0,0,0,0,22,1
661,488,0,0,0,195,23,58,20,23,32,0,28,0,0,6,13,6,213,28,11,305,156,3,1,0,0,100,0,0,0,113,1,2,11,0,0,0,0,22,1
662,4,0,0,0,2,0,2,0,0,0,0,27,0,5,0,0,0,0,71,0,103,2,3,1,0,0,100,0,0,0,0,0,0,15,0,0,0,0,22,1
663,725,0,0,1,324,64,89,46,37,33,0,27,1,0,13,3,15,96,1,35,191,269,3,1,0,0,100,0,0,0,0,0,1,1,1,0,0,0,22,1
664,2310,3,0,0,917,175,276,140,119,119,0,5,0,12,4,10,79,117,116,1,344,829,3,1,0,0,100,0,0,0,0,0,4,111,1,0,0,3,22,1
665,2472,0,0,7,1044,152,269,177,159,113,0,4,4,2,14,19,20,264,11,153,491,870,3,1,0,0,100,0,0,95,283,1,1,40,1,0,0,0,22,1
666,834,16,0,0,288,59,91,34,21,57,0,41,0,16,2,4,6,43,30,91,233,262,3,1,0,0,100,0,0,0,231,0,3,17,1,0,0,4,22,1
667,3558,14,323,29,1326,170,200,121,148,309,0,158,339,276,31,26,100,1460,301,5,2696,948,3,1,0,0,100,0,0,0,1351,1,61,235,1,0,0,4,21,0.865385
668,7770,1867,32,0,1675,168,272,193,225,557,0,69,22,72,41,32,148,3473,330,1,4188,1415,3,1,0,0,100,1546,0,0,422,1,253,368,1,0,0,1,21,0.865385
669,4557,340,1,3,1585,228,333,185,188,329,0,141,5,73,5,8,53,434,79,0,798,1263,3,1,0,0,100,0,0,0,196,1,33,57,1,0,0,3,21,0.865385
670,1428,11,0,0,589,94,160,97,63,81,0,4,0,4,2,1,7,20,9,183,230,495,3,1,0,0,100,0,0,0,726,1,92,17,1,0,0,3,21,0.865385
671,1034,0,0,0,331,42,98,53,37,75,0,4,0,10,17,6,37,259,3,0,336,305,3,1,0,0,100,0,0,0,35,1,0,62,0,0,0,0,19,0.903226
672,221,0,0,0,78,8,24,22,5,13,0,0,0,0,0,0,0,1,0,3,4,72,3,1,0,0,100,0,0,0,0,0,0,49,0,0,0,0,19,0.903226
673,1474,0,0,0,470,47,133,76,79,115,0,57,0,139,171,19,26,152,65,0,629,450,3,1,0,0,100,0,0,0,0,0,8,53,0,0,0,3,19,0.903226
674,1835,0,0,0,576,77,137,105,92,140,0,6,0,69,5,3,48,82,9,0,222,551,3,1,0,0,100,0,0,0,165,1,4,21,0,0,0,0,19,0.903226
675,257,0,0,0,92,23,27,3,19,16,0,0,0,0,0,0,18,8,0,24,50,88,3,1,0,0,100,0,0,0,0,0,0,12,0,0,0,0,19,0.903226
676,1749,14,10,6,606,77,194,101,75,118,0,0,9,7,1,5,11,37,17,67,154,565,3,1,0,0,100,0,0,0,0,0,0,23,1,0,0,3,19,0.903226
677,985,0,0,0,290,36,56,58,58,69,0,0,0,0,0,0,1,5,0,6,12,277,3,1,0,0,100,0,0,0,0,0,0,0,1,0,0,0,19,0.903226
678,353,0,0,0,120,28,23,15,12,34,0,0,0,0,0,4,0,5,0,25,34,112,3,1,0,0,100,0,0,0,0,0,0,0,1,0,0,0,19,0.903226
679,41,0,0,0,13,4,4,0,2,3,0,0,0,0,0,0,0,44,22,0,66,13,3,1,0,0,100,0,0,0,0,0,0,1,1,0,0,0,19,0.903226
680,1856,0,0,0,671,102,209,140,112,86,0,2,0,0,62,15,5,218,99,0,401,649,3,1,0,0,100,0,0,88,0,0,2,69,1,0,0,0,19,0.903226
681,1984,42,0,0,581,55,160,135,108,110,0,0,0,0,1,15,4,19,0,7,46,568,3,1,0,0,100,0,0,0,0,0,15,0,1,0,0,3,19,0.903226
682,1783,0,0,0,634,77,219,132,115,78,0,0,0,0,5,5,13,158,0,16,197,621,3,1,0,0,100,0,0,0,275,1,2,89,1,0,0,0,19,0.903226
683,1279,0,0,0,383,22,135,66,78,76,0,0,0,0,1,10,4,20,1,72,108,377,3,1,0,0,100,0,0,0,0,0,0,1,1,0,0,0,19,0.903226
684,0,0,0,0,0,0,0,0,0,0,0,0,0,0,0,0,0,0,0,0,0,0,3,1,0,0,100,0,0,0,0,0,0,0,1,0,0,0,19,0.903226
685,837,0,0,0,306,40,124,61,26,41,0,0,0,0,1,1,1,163,0,8,174,292,3,1,0,0,100,0,0,0,0,0,0,0,1,0,0,0,19,0.903226
686,632,0,0,0,194,9,53,44,50,33,0,0,0,0,0,3,4,8,0,3,18,189,3,1,0,0,100,0,0,0,0,0,3,0,1,0,0,0,19,0.903226
687,986,0,0,0,335,40,117,51,65,50,0,27,0,3,0,8,40,75,19,37,209,323,3,1,0,0,100,0,0,0,333,0,0,7,1,0,0,0,19,0.903226
688,6,0,0,0,2,0,1,0,1,0,0,0,0,0,0,0,0,0,0,3,3,2,3,1,0,0,100,0,0,0,0,0,0,0,0,0,0,0,19,0.903226
689,791,0,0,0,292,39,106,62,40,37,0,0,0,0,7,3,62,62,0,3,137,284,3,1,0,1,100,0,0,0,109,1,0,0,0,0,0,0,19,0.903226
690,682,0,0,0,195,19,50,36,35,50,0,10,0,0,2,6,2,119,0,4,143,190,3,1,0,1,100,0,0,0,0,0,0,0,0,0,0,0,19,0.903226
691,1002,7,0,0,308,34,94,48,48,76,0,5,0,0,1,2,9,19,2,4,42,300,3,1,0,1,100,0,0,0,0,1,3,1,0,0,0,3,19,0.903226
692,2135,0,0,0,668,64,195,108,143,149,0,0,0,0,1,3,4,57,3,8,76,659,3,1,0,0,100,0,0,0,0,0,0,9,1,0,0,0,19,0.903226
693,3145,0,0,0,1239,246,355,228,170,155,0,47,0,3,10,71,37,381,332,0,881,1154,3,1,0,1,100,0,0,0,313,1,0,243,0,0,0,0,19,0.903226
694,10,2,0,0,3,0,1,0,0,1,0,75,0,3,3,63,195,684,669,0,1692,2,3,1,0,1,100,0,0,305,255,1,1,455,0,0,0,3,19,0.903226
695,1813,0,0,0,829,211,319,138,59,51,0,108,0,3,11,14,3,412,256,6,813,778,3,1,0,1,100,0,0,0,350,1,7,105,0,0,0,0,19,0.903226
696,832,0,0,0,325,59,113,47,35,48,0,1,0,0,1,1,1,26,0,14,44,302,3,1,0,0,100,0,0,0,251,2,1,2,0,0,0,0,19,0.903226
697,1642,103,0,0,486,65,168,69,71,93,0,27,0,0,0,6,6,50,2,6,97,466,3,1,0,0,100,0,0,0,0,0,49,3,0,0,0,3,19,0.903226
698,1415,14,0,0,388,40,70,97,55,112,0,276,0,0,14,7,28,505,20,0,850,374,3,1,0,0,100,0,0,0,177,1,44,22,0,0,0,3,19,0.903226
699,1919,3,153,0,606,80,168,98,98,144,0,120,0,0,4,3,109,139,38,0,413,588,3,1,0,1,100,0,0,0,0,0,2,33,0,0,0,3,19,0.903226
700,1477,0,0,0,477,68,113,102,68,105,0,16,0,0,1,38,15,169,102,100,441,456,3,1,0,0,100,68,0,0,0,0,7,149,0,0,0,0,19,0.903226
701,219,0,0,0,78,11,16,29,14,5,0,2,0,0,0,0,3,5,0,43,53,75,3,1,0,0,100,0,0,0,379,0,0,4,0,0,0,0,19,0.903226
702,333,218,0,0,37,6,14,6,5,6,0,917,0,8,58,0,8,187,187,4,1369,37,3,1,0,0,100,0,1265,0,93,1,0,50,0,0,0,3,19,0.903226
703,0,0,0,0,0,0,0,0,0,0,0,0,0,2,0,0,0,0,4,0,6,0,3,1,0,0,100,0,0,0,0,0,0,3,0,0,0,0,19,0.903226
704,586,8,0,0,182,13,53,46,36,30,0,26,0,0,6,4,2,281,0,0,319,178,3,1,0,0,100,0,0,0,0,0,2,0,0,0,0,3,19,0.903226
705,980,21,0,0,334,46,125,48,52,54,0,0,0,0,15,0,36,146,22,0,219,325,3,1,0,0,100,0,0,141,837,1,4,3,0,0,0,3,19,0.903226
706,1710,5,0,0,535,55,167,122,82,104,0,0,0,0,38,8,15,55,0,40,156,530,3,1,0,0,100,0,0,311,0,0,5,0,0,0,0,4,19,0.903226
707,8,0,0,0,2,0,0,1,0,1,0,5,0,0,2,2,0,349,2,0,360,2,3,1,0,0,100,0,0,0,0,0,13,1,0,0,0,0,19,0.903226
708,117,0,0,0,41,3,22,6,5,4,0,10,0,16,4,2,1,8,37,1,79,40,3,1,0,0,100,0,0,0,0,0,0,67,0,0,0,0,19,0.903226
709,1758,27,0,0,569,63,189,114,81,112,0,6,0,0,2,19,11,99,4,30,171,559,3,1,0,0,100,0,0,90,589,2,6,55,0,0,0,3,19,0.903226
710,1389,0,0,0,443,45,133,98,73,85,0,10,0,0,4,42,18,166,84,16,340,434,3,1,0,0,100,0,0,0,0,0,0,723,0,0,0,0,19,0.903226
711,1340,124,0,0,389,64,111,72,52,83,0,0,0,0,1,1,7,300,0,1,310,382,3,1,0,0,100,0,0,0,411,1,68,13,0,0,0,3,19,0.903226
712,490,0,0,0,190,40,59,29,29,24,0,19,0,0,74,5,10,71,83,0,262,181,3,1,0,0,100,0,0,0,0,0,0,41,0,0,0,0,19,0.903226
713,0,0,0,0,0,0,0,0,0,0,0,6,0,0,0,1,0,34,113,1,155,0,3,1,0,0,100,0,0,0,308,1,0,93,0,0,0,0,19,0.903226
714,278,0,0,0,75,7,17,16,7,26,0,13,0,0,0,27,27,281,0,94,442,73,3,1,0,0,100,0,0,0,896,1,0,41,0,0,0,0,19,0.903226
715,783,0,0,0,268,46,85,34,41,52,0,0,0,0,91,8,8,284,8,0,399,258,3,1,0,0,100,0,0,0,0,0,11,4,0,0,0,0,19,0.903226
716,2630,26,0,0,857,214,167,146,112,196,0,3,0,0,29,6,123,507,197,368,1233,835,3,1,0,0,100,0,0,164,157,1,0,182,0,0,0,3,19,0.903226
717,464,0,0,0,171,26,51,36,21,25,0,17,0,0,1,0,1,115,24,0,158,159,3,1,0,0,100,0,0,0,0,0,13,21,0,0,0,0,19,0.903226
718,1367,0,0,0,497,67,169,90,79,71,0,0,0,0,0,5,9,65,10,30,119,476,3,1,0,0,100,0,0,0,331,0,0,33,0,0,0,0,19,0.903226
719,1860,0,0,0,776,147,306,133,96,61,0,10,0,0,42,6,28,176,31,35,328,743,3,1,0,0,100,0,0,0,0,0,0,26,0,0,0,0,19,0.903226
720,3683,92,0,0,1246,273,339,217,188,194,0,337,0,11,8,5,21,439,34,0,855,1211,3,1,0,0,100,0,0,117,227,1,19,61,0,0,0,3,19,0.903226
721,2979,1089,0,0,589,24,148,168,141,91,1579,0,0,0,24,0,5,136,3,0,1747,572,3,1,0,0,100,0,0,0,0,0,846,9,0,0,1,2,20,0.930818
722,6574,1894,0,0,1623,76,551,423,337,174,2117,696,0,2,1,0,20,13,114,0,2963,1561,3,1,0,0,100,0,0,295,547,1,1150,264,0,0,1,2,20,0.930818
723,523,0,1,0,184,20,72,30,26,29,0,24,1,19,16,10,65,650,85,0,870,177,3,1,0,0,100,0,0,82,0,0,0,98,1,0,0,0,20,0.930818
724,873,0,0,0,298,45,83,44,74,46,0,2,0,0,2,6,7,142,41,0,200,292,3,1,0,0,100,0,0,0,391,1,4,71,0,0,0,0,20,0.930818
725,2186,7,0,0,737,135,206,110,117,150,0,315,0,0,7,16,111,523,319,0,1291,718,3,1,0,0,100,0,0,146,551,1,1,213,0,0,0,4,20,0.930818
726,484,0,1,0,200,34,66,19,41,17,0,0,1,0,0,14,4,19,0,16,54,177,3,1,0,0,100,0,0,135,0,0,0,194,1,0,0,0,20,0.930818
727,725,0,0,0,305,65,89,49,33,38,0,0,0,0,0,2,3,46,0,4,55,274,3,1,0,0,100,0,0,0,0,0,4,0,1,0,0,0,20,0.930818
728,1113,11,0,1,396,50,131,74,52,55,0,28,2,2,2,73,11,266,3,29,416,362,3,1,0,0.81,100,0,0,67,0,2,12,2,1,0,0,3,20,0.930818
729,888,3,1,0,376,58,124,51,56,38,0,4,1,0,1,1,88,83,8,19,205,327,3,1,0,0,100,0,0,0,0,0,0,17,1,0,0,3,20,0.930818
730,1614,0,0,0,580,90,207,89,93,86,0,0,0,0,69,44,36,135,11,0,295,565,3,1,0,0,100,0,0,0,318,1,0,3,0,0,0,0,20,0.930818
731,1885,12,0,0,540,75,140,97,78,138,0,25,0,0,25,4,7,123,3,1,188,528,3,1,0,0.81,100,0,0,187,0,1,0,2,0,0,0,4,20,0.930818
732,2246,3,0,0,749,125,206,128,109,155,0,0,0,0,21,45,42,143,14,24,289,723,3,1,0,0,100,0,0,0,0,0,2,5,0,0,0,3,20,0.930818
733,1863,15,0,0,696,148,206,108,72,114,0,2,0,0,15,77,130,613,429,0,1266,648,3,1,0,0.67273,100,0,0,0,0,0,4,285,0,0,0,3,20,0.930818
734,2529,16,0,0,948,237,252,159,102,146,0,186,0,4,67,42,128,1412,142,0,1981,896,3,1,0,0.799334,100,0,0,112,227,0,6,161,0,0,0,3,20,0.930818
735,167,6,0,0,57,18,11,3,9,14,0,65,0,0,0,25,232,246,142,5,715,55,3,1,0,0.794243,100,0,0,0,882,1,0,83,1,0,0,3,20,0.930818
736,655,0,0,0,221,28,66,40,32,41,0,0,0,0,1,15,2,13,0,6,37,207,3,1,0,0,100,0,0,0,0,0,0,166,1,0,0,0,20,0.930818
737,463,0,0,0,143,18,44,26,24,29,0,0,0,0,0,0,1,10,0,0,11,141,3,1,0,0,100,0,0,0,0,0,0,0,1,0,0,0,20,0.930818
738,1280,4,0,0,462,50,174,80,78,53,0,6,0,0,10,12,12,93,152,0,285,435,3,1,0,0,100,0,0,0,241,0,2,91,1,0,0,3,20,0.930818
739,3289,10,0,0,1068,126,305,233,175,205,0,1,0,0,7,25,34,251,45,3,366,1044,3,1,0,0,100,0,0,0,0,0,517,55,1,0,0,3,20,0.930818
740,1543,0,0,0,486,30,162,122,86,78,0,1,0,0,1,2,4,87,0,72,167,478,3,1,0,0,100,0,0,0,0,0,0,16,1,0,0,0,20,0.930818
741,770,2,0,0,272,35,78,47,60,35,0,0,0,0,50,3,3,56,13,23,148,255,3,1,0,0,100,0,0,0,641,1,700,168,1,0,0,3,20,0.930818
742,1757,0,2,1,761,133,244,113,113,62,0,0,1,0,18,11,42,306,63,18,459,665,3,1,0,0,100,0,0,0,0,0,0,76,1,0,0,0,20,0.930818
743,2471,11,1,1,786,88,235,147,120,177,0,0,0,7,2,51,78,334,73,0,545,767,3,1,0,0,100,0,0,222,127,1,1,49,0,0,0,3,20,0.930818
744,1044,0,0,0,348,51,111,74,40,62,0,0,0,0,8,0,10,76,25,0,119,338,3,1,0,0,100,0,0,0,546,1,0,26,0,0,0,0,20,0.930818
745,193,0,1,1,66,12,19,12,17,5,0,0,0,0,0,0,0,2,0,19,21,65,3,1,0,0,100,0,0,0,0,1,0,0,0,0,0,0,20,0.930818
746,760,0,0,0,235,20,75,54,40,41,0,0,0,0,3,6,22,113,0,0,144,230,3,1,0,0,100,0,0,0,380,0,2,16,0,0,0,0,20,0.930818
747,403,0,1,0,124,21,26,20,27,23,0,0,1,0,0,0,5,5,0,7,18,117,3,1,0,0,100,0,0,149,0,0,0,1,0,0,0,0,20,0.930818
748,2235,7,1,1,1132,361,461,125,63,53,0,95,0,0,12,60,261,1397,619,2,2446,1063,3,1,0,0.75,100,0,0,54,1,2,7,491,0,0,0,3,20,0.930818
749,566,0,0,0,204,30,77,38,31,24,0,50,0,0,0,1,124,92,97,0,364,200,3,1,0,0.75,100,0,0,0,0,0,1,89,0,0,0,0,20,0.930818
750,1387,400,0,1,337,52,88,78,50,65,0,356,2,17,32,4,17,259,36,0,723,333,3,1,0,0,100,0,0,0,579,1,151,106,1,0,0,4,20,0.930818
751,1492,0,1,1,491,46,161,123,66,85,0,0,0,0,2,2,8,35,0,10,57,481,3,1,0,0,100,0,0,0,119,0,1,11,0,0,0,0,20,0.930818
752,538,0,0,1,182,13,74,27,29,35,0,0,0,0,0,1,0,4,0,14,19,178,3,1,0,0,100,0,0,0,0,0,0,0,0,0,0,0,20,0.930818
753,121,0,1,1,34,0,12,1,9,11,0,87,0,0,3,1,0,1,64,0,156,33,3,1,0,0,100,0,0,0,0,0,0,331,0,0,0,0,20,0.930818
754,445,2,1,0,149,18,39,40,12,34,0,3,0,1,14,1,2,1008,1,3,1033,143,3,1,0,0,100,0,0,321,0,1,0,1,0,0,0,3,20,0.930818
755,207,207,0,0,1,0,0,0,0,0,0,7,0,23,3,22,0,684,21,3,763,0,3,1,0,1.26,100,0,0,0,933,1,62,58,0,0,0,1,20,0.930818
756,2065,3,0,0,695,66,271,123,136,90,0,1,0,1,20,51,71,242,4,7,397,686,3,1,0,0,100,0,0,178,0,1,3,3,0,0,0,3,20,0.930818
757,1065,5,0,0,348,47,100,51,80,65,0,16,0,3,6,16,78,128,56,3,306,343,3,1,0,0,100,0,0,0,378,1,4,178,0,0,0,4,20,0.930818
758,3885,16,0,0,1012,82,213,169,160,352,0,123,0,38,33,89,37,306,92,0,718,976,3,1,0,0.25,100,0,0,131,434,1,2,133,0,0,0,3,20,0.930818
759,700,16,0,0,171,11,31,33,33,54,36,306,0,107,0,2,16,130,91,0,688,162,3,1,0,0,100,0,0,0,0,0,1,80,0,0,1,2,20,0.930818
760,943,0,0,0,264,41,47,54,37,74,0,90,0,181,3,25,3,285,46,0,633,253,3,1,0,0,100,0,0,0,0,0,98,42,0,0,0,0,20,0.930818
761,4583,116,0,0,1185,188,234,140,146,429,0,7,0,29,5,11,19,663,106,192,1032,1137,3,1,0,0,100,0,0,0,394,1,41,131,0,0,0,3,20,0.930818
762,700,700,11,0,0,0,0,0,0,0,0,769,9,8,6069,218,355,2332,512,29,10301,0,3,1,5.45833,6.07,100,0,0,0,0,2,3,557,1,0,0,4,8,0.850394
763,0,0,0,0,0,0,0,0,0,0,0,0,0,0,0,0,0,0,0,0,0,0,3,1,0,0,100,0,0,0,0,0,0,0,0,0,0,0,12,0.853503
764,548,0,0,0,153,7,22,37,30,43,0,0,0,0,0,0,0,0,0,0,0,139,3,1,0,0,100,0,0,0,621,1,0,0,0,0,0,0,11,0.978261
