TAZ,POP,GQ,HR,RC,HU,HH1,HH2,HH3,HH4,HH5,MILI,GOVT,HOTEL,AG,TCU,INDUS,FIRE,SERV,RETAIL,CSTR,TOTALEMP,TOTALHH,TERMTYPE,TERMTIME,WORK_DAILY,NONWRK_HRLY,PERCWLK,PRV_UNIV_ENROLL,PUB_UNIV_ENROLL,PRV_K12_ENROLL,PUB_K12_ENROLL,SCHOOLS,GQWRK,NONVISRET,VISPRCAUTO,VISPRCTOUR,MILI_BASE,GQTYPE,TD,SHRWRKPKGPROVIDED
1,0,0,0,0,0,0,0,0,0,0,0,0,0,0,0,0,0,0,0,0,0,0,3,1,0,0,100,0,0,0,0,0,0,0,0,0,0,0,18,0.797297297
2,1801,8,0,0,629,70,192,130,128,83,0,0,0,0,5,11,9,53,24,1,103,603,3,1,0,0,100,0,0,0,0,0,10,42,0,0,0,4,18,0.797297297
3,684,0,0,0,272,30,116,59,37,18,0,0,0,0,1,7,0,207,1,0,216,260,3,1,0,0,100,0,0,0,0,0,0,1,0,0,0,0,18,0.797297297
4,1207,0,0,0,409,30,138,82,87,52,0,0,0,0,3,4,7,20,15,37,86,389,3,1,0,0,100,0,0,0,0,0,0,30,0,0,0,0,18,0.797297297
5,883,7,0,0,278,19,76,62,65,46,0,3,0,0,0,6,5,60,0,26,100,268,3,1,0,0,100,0,0,0,0,0,3,0,0,0,0,3,18,0.797297297
6,1773,3,0,0,601,41,192,138,131,73,0,7,0,0,3,13,10,87,3,0,123,575,3,1,0,0,100,0,0,0,375,1,0,5,0,0,0,4,18,0.797297297
7,2353,0,0,0,755,84,242,135,127,141,0,8,0,0,1,3,20,50,0,34,116,729,3,1,0,0,100,0,0,0,0,0,0,0,0,0,0,0,18,0.797297297
8,458,6,0,0,177,31,56,37,29,14,0,2,0,0,1,4,2,9,1,24,43,167,3,1,0,0,100,0,0,0,0,0,0,0,0,0,0,3,18,0.797297297
9,939,31,0,0,310,30,100,65,45,52,0,2,0,4,1,30,1,74,20,0,132,292,3,1,0,0,100,0,0,0,3021,0,0,32,0,0,0,4,18,0.797297297
10,932,0,0,0,327,38,115,57,62,41,0,2,0,6,0,0,3,19,3,0,33,313,3,1,0,0,100,0,0,0,0,1,0,4,0,0,0,0,18,0.797297297
11,2316,0,0,0,1148,215,389,176,136,48,0,0,0,0,34,7,185,540,0,157,923,964,3,1,0,0,100,0,0,0,0,0,0,0,0,0,0,0,18,0.797297297
12,190,0,0,0,73,8,29,20,5,7,0,13,0,20,1,0,1,23,230,2,290,69,3,1,0,0,100,0,0,0,0,0,0,410,0,0,0,0,18,0.797297297
13,1109,0,0,0,358,43,110,68,62,60,0,5,0,0,17,6,8,51,0,0,87,343,3,1,0,0,100,0,0,0,0,0,0,0,0,0,0,0,18,0.797297297
14,935,0,0,0,383,48,148,56,47,37,0,1,0,0,15,4,28,34,1,1,84,336,3,1,0,0,100,0,0,0,0,0,3,1,0,0,0,0,18,0.797297297
15,718,0,0,0,242,27,76,34,49,47,0,0,0,0,7,10,3,35,0,0,55,233,3,1,0,0,100,0,0,0,314,1,0,0,0,0,0,0,18,0.797297297
16,1222,0,0,0,414,48,130,88,87,49,0,0,0,0,0,0,2,52,0,9,63,402,3,1,0,0,100,0,0,0,0,0,0,0,0,0,0,0,18,0.797297297
17,341,0,0,0,107,7,32,28,26,14,0,0,0,0,2,2,2,5,0,0,11,107,3,1,0,0,100,0,0,0,0,0,0,0,0,0,0,0,18,0.797297297
18,847,0,0,0,297,24,107,63,49,40,0,0,0,0,2,3,5,22,0,1,33,283,3,1,0,0,100,0,0,0,0,0,0,0,0,0,0,0,18,0.797297297
19,429,0,0,0,170,16,67,40,22,13,0,0,0,0,0,14,14,22,0,0,50,158,3,1,0,0,100,0,0,0,0,0,0,0,0,0,0,0,18,0.797297297
20,5016,0,0,0,2432,460,769,395,270,147,0,12,0,0,22,26,7,385,0,99,551,2041,3,1,0,0,100,0,0,0,0,0,3,0,0,0,0,0,18,0.797297297
21,1151,0,0,0,526,94,212,75,66,25,0,46,0,0,5,31,39,343,126,0,590,472,3,1,0,0,100,0,0,0,0,0,0,220,0,0,0,0,18,0.797297297
22,0,0,0,0,0,0,0,0,0,0,0,198,0,0,21,25,157,603,238,0,1242,0,3,1,0,0,100,0,0,0,0,0,0,432,0,0,0,0,18,0.797297297
23,1415,0,0,0,544,70,216,100,69,52,0,0,0,0,1,2,5,75,0,0,83,507,3,1,0,0,100,0,0,0,0,0,0,0,0,0,0,0,18,0.797297297
24,1018,0,0,0,358,36,101,65,60,67,0,34,0,8,13,4,15,226,17,1,318,329,3,1,0,0,100,0,0,0,483,2,0,30,0,0,0,0,18,0.797297297
25,1768,1,0,0,932,276,266,111,81,53,0,0,0,0,1,12,7,260,0,86,366,787,3,1,0,0,100,0,0,0,0,0,1,0,0,0,0,3,18,0.797297297
26,759,0,0,0,340,62,109,61,37,24,0,0,0,0,2,2,3,11,0,0,18,293,3,1,0,0,100,0,0,0,0,0,0,0,0,0,0,0,18,0.797297297
27,961,45,0,0,328,49,75,56,51,63,0,1,0,0,1,3,10,145,0,0,160,294,3,1,0,0,100,0,0,0,0,0,38,0,0,0,0,4,18,0.797297297
28,464,5,0,0,196,40,60,34,26,16,0,5,0,0,0,0,36,57,0,0,98,176,3,1,0,0,100,0,0,167,0,1,4,0,0,0,0,3,18,0.797297297
29,2267,4,0,0,810,119,234,153,139,114,0,3,0,0,5,10,13,117,0,3,151,759,3,1,0,0,100,0,0,0,0,0,7,0,0,0,0,3,18,0.797297297
30,706,0,0,0,234,25,74,45,48,33,0,0,0,0,2,0,6,12,0,0,20,225,3,1,0,0,100,0,0,0,0,1,0,0,0,0,0,0,18,0.797297297
31,1227,13,0,0,420,60,114,83,69,70,0,10,0,0,1,10,19,229,53,0,322,396,3,1,0,0,100,0,0,212,0,1,13,94,0,0,0,3,18,0.797297297
32,1923,0,0,0,699,70,255,148,113,78,0,1,0,0,1,9,19,160,0,16,206,664,3,1,0,0,100,0,0,0,0,0,0,0,0,0,0,0,18,0.797297297
33,155,15,0,0,59,10,15,10,8,7,0,7,0,0,0,2,2,8,0,0,19,50,3,1,0,0,100,0,0,0,0,0,0,0,0,0,0,3,18,0.797297297
34,538,0,0,0,191,29,56,32,34,31,0,0,0,0,2,63,1,56,0,0,122,182,3,1,0,0,100,0,0,0,0,0,0,0,0,0,0,0,18,0.797297297
35,1145,0,0,0,415,73,128,58,76,59,0,1,0,0,2,4,8,54,0,0,69,394,3,1,0,0,100,0,0,0,0,1,0,0,0,0,0,0,18,0.797297297
36,1263,0,0,0,454,77,132,94,73,62,0,0,0,0,1,3,6,63,0,2,75,438,3,1,0,0,100,0,0,0,0,0,0,0,0,0,0,0,18,0.797297297
37,807,14,0,0,299,58,84,49,44,46,0,72,0,1,4,3,29,295,77,0,481,281,3,1,0,0,100,0,0,170,659,3,14,135,0,0,0,3,18,0.797297297
38,461,0,0,0,174,28,53,37,28,18,0,18,0,0,0,1,16,13,0,0,48,164,3,1,0,0,100,129,0,0,0,1,0,0,1,0,0,0,18,0.797297297
39,568,4,370,1,268,47,106,31,19,21,0,0,155,0,28,4,7,672,17,5,888,224,3,1,0,2.22,100,0,0,0,0,0,0,29,1,0,0,3,18,0.797297297
40,439,0,0,0,152,18,55,19,26,24,0,0,0,0,0,0,2,17,0,0,19,142,3,1,0,2.22,100,0,0,0,0,0,0,0,1,0,0,0,18,0.797297297
41,213,0,0,0,86,14,29,15,8,12,0,0,0,0,0,0,5,14,0,0,19,78,3,1,0,0,100,0,0,0,0,1,0,0,0,0,0,0,18,0.797297297
42,3032,0,0,0,1074,110,377,214,216,119,0,0,0,0,23,23,19,158,0,45,268,1036,3,1,0,0,100,0,0,0,0,0,0,0,0,0,0,0,18,0.797297297
43,827,0,0,0,321,43,126,70,42,29,0,0,0,0,1,3,17,60,0,0,81,310,3,1,0,0,100,0,0,0,0,0,5,0,0,0,0,0,18,0.797297297
44,472,79,0,0,163,21,88,16,14,18,0,8,0,0,2,33,2,105,1,9,160,157,3,1,0,0,100,0,0,587,0,1,1,0,0,0,0,3,18,0.797297297
45,2420,0,0,0,910,119,339,196,130,91,0,0,0,0,0,21,22,67,11,0,121,875,3,1,0,0,100,0,0,0,0,0,0,19,0,0,0,0,18,0.797297297
46,1016,0,0,0,439,95,146,74,53,37,0,0,0,0,0,2,18,17,0,16,53,405,3,1,0,0,100,0,0,0,534,2,0,0,0,0,0,0,5,0.874251497
47,1713,0,0,0,904,366,297,95,78,30,0,89,0,0,1,1,44,695,58,25,913,866,3,1,0,0,100,0,0,0,0,0,0,97,0,0,0,0,5,0.874251497
48,1090,0,0,0,437,103,123,82,57,45,0,0,0,0,0,2,58,75,0,14,149,410,3,1,0,0.61,100,0,0,0,0,0,0,0,0,0,0,0,5,0.874251497
49,1852,0,0,0,676,137,196,143,102,75,0,0,0,0,23,41,146,254,87,21,572,653,3,1,0,0.830073,100,0,0,154,0,1,0,154,0,0,0,0,5,0.874251497
50,537,5,0,0,211,41,66,37,27,27,0,67,0,0,0,3,3,109,11,24,217,198,3,1,0,0.957361,100,0,0,276,127,2,3,18,0,0,0,3,5,0.874251497
51,226,0,0,0,100,25,26,13,15,8,0,31,0,9,40,129,151,1071,278,19,1728,87,3,1,3,1.046993,100,0,0,255,0,1,0,473,0,0,0,0,5,0.874251497
52,609,7,0,0,286,84,75,45,27,23,0,24,0,4,13,7,108,372,200,23,751,254,3,1,3.931047,1.085503,100,0,0,556,0,1,1,357,0,0,0,3,5,0.874251497
53,945,17,0,0,382,92,98,51,60,42,0,27,0,3,11,19,97,1579,188,24,1948,343,3,1,8.214355,1.078878,100,0,0,1033,0,1,10,329,0,0,0,3,5,0.874251497
54,484,38,0,0,199,48,66,32,20,18,0,18,0,0,1,1,34,247,69,25,395,184,3,1,8.147052,1.087298,100,939,0,0,0,2,222,119,0,0,0,1,5,0.874251497
55,672,0,0,0,301,97,91,42,28,27,0,12,0,0,23,17,56,161,81,24,374,285,3,1,4.203941,1.093249,100,0,0,0,245,1,11,145,0,0,0,0,5,0.874251497
56,1819,0,0,0,680,128,200,129,79,97,0,11,0,0,0,4,9,62,7,24,117,633,3,1,3,1.003876,100,0,0,0,0,0,0,11,0,0,0,0,5,0.874251497
57,986,5,0,0,347,66,93,66,44,59,0,0,0,0,0,3,9,30,3,9,54,328,3,1,0,0,100,0,0,0,0,0,1,5,0,0,0,3,5,0.874251497
58,2007,16,0,0,725,151,185,144,88,122,0,1,0,0,3,12,10,65,20,16,127,690,3,1,0,0,100,0,0,0,0,0,6,35,0,0,0,1,5,0.874251497
59,3964,105,0,0,1530,307,503,257,200,170,0,0,0,8,3,14,81,366,17,32,521,1437,3,1,0,0,100,0,0,0,0,0,91,29,0,0,0,3,5,0.874251497
60,2523,96,0,0,882,170,250,187,104,131,0,0,0,0,4,3,20,94,12,35,168,842,3,1,0,0,100,0,0,0,0,0,39,21,0,0,0,3,5,0.874251497
61,550,0,0,0,208,37,50,58,36,19,0,0,0,0,0,2,5,14,0,13,34,200,3,1,0,0,100,0,0,0,0,0,0,0,0,0,0,0,5,0.874251497
62,1676,0,0,0,578,91,128,94,83,135,0,26,0,8,0,4,1,23,2,20,84,531,3,1,0,0,100,0,0,0,376,3,2,3,0,0,0,3,5,0.874251497
63,1818,4,0,0,596,96,164,102,72,124,0,78,0,3,0,5,6,34,19,26,171,558,3,1,0,0,100,0,0,0,228,1,2,33,0,0,0,3,5,0.874251497
64,3644,0,0,0,1494,320,484,282,178,139,0,7,0,0,6,5,36,187,16,21,278,1403,3,1,2.392857,0,100,0,0,0,0,0,0,25,0,0,0,0,5,0.874251497
65,3883,2639,0,0,598,180,189,85,42,52,0,48,0,0,4,11,16,86,39,27,231,548,3,1,2.497523,1.354089,100,0,0,0,358,1,593,74,0,0,0,1,25,0.308139535
66,1159,810,0,0,141,33,32,18,22,20,0,442,0,0,2,1,10,1222,105,35,1817,125,3,1,2.679537,1.12,100,0,23246,1683,0,3,1235,187,0,0,0,1,25,0.308139535
67,2433,83,0,0,910,203,253,166,148,98,0,107,0,0,45,35,142,564,292,35,1220,868,3,1,2.392857,0,100,0,0,0,459,1,12,528,0,0,0,1,24,0.79787234
68,3696,0,0,0,1390,250,443,283,193,169,0,0,0,0,2,9,29,198,2,19,259,1338,3,1,0,0,100,0,0,0,0,0,0,3,0,0,0,0,24,0.79787234
69,3284,25,0,0,1221,209,400,220,184,158,0,26,0,21,5,11,34,85,38,18,238,1171,3,1,0,0,100,0,0,0,587,1,0,67,0,0,0,1,24,0.79787234
70,1077,0,0,0,400,75,116,75,64,50,0,65,0,0,2,1,37,522,46,23,696,380,3,1,2.392857,0,100,0,0,0,0,0,1,80,1,0,0,1,24,0.79787234
71,1018,22,2,0,380,71,118,72,67,39,0,27,1,0,0,3,27,465,1,21,545,367,3,1,0,0,100,0,0,0,0,0,3,1,1,0,0,3,24,0.79787234
72,1171,0,0,0,458,83,151,90,66,48,0,0,0,0,2,5,26,84,0,10,127,438,3,1,0,0,100,0,0,0,0,0,12,0,1,0,0,0,24,0.79787234
73,1073,36,0,0,412,99,116,71,51,57,0,16,0,0,2,7,24,186,0,17,252,394,3,1,2.679537,1.12,100,0,0,0,0,0,21,0,1,0,0,1,24,0.79787234
74,1045,157,0,0,396,109,114,64,45,32,0,6,0,0,6,9,7,114,31,17,190,364,3,1,8,1.369344,100,0,0,0,0,0,86,64,1,0,0,1,24,0.79787234
75,608,22,0,0,243,55,83,30,33,26,0,22,0,0,9,1,1,1638,29,30,1730,227,3,1,4.769919,1.691505,100,0,0,4342,0,1,74,51,1,0,0,1,24,0.79787234
76,2643,0,0,0,1416,474,422,178,103,70,0,7,0,0,1,10,6,300,1,24,349,1247,3,1,4.429998,1.66722,100,0,0,885,0,1,1,1,1,0,0,0,24,0.79787234
77,213,0,0,0,86,17,21,15,11,13,0,0,0,0,0,0,0,13,0,8,21,77,3,1,5.631464,1.433016,100,0,0,0,0,0,0,0,1,0,0,0,3,0.646840149
78,306,0,0,0,110,27,25,13,23,16,0,34,0,0,48,0,0,20,1,25,128,104,3,1,5.817235,1.323243,100,0,0,0,430,0,0,1,1,0,0,0,25,0.308139535
79,136,11,0,0,46,11,12,6,6,9,0,8,0,0,1,0,3,68,16,20,116,44,3,1,4.257465,1.190001,100,0,0,420,0,2,0,29,1,0,0,1,25,0.308139535
80,889,7,0,0,351,73,99,65,45,46,0,0,0,0,1,2,23,213,19,15,273,328,3,1,7.785802,1.049639,100,0,0,0,0,0,0,33,0,0,0,3,5,0.874251497
81,741,5,0,0,274,52,81,52,37,41,0,0,0,0,0,2,4,37,0,11,54,263,3,1,4.425717,1.087165,100,0,0,0,0,0,0,0,0,0,0,3,5,0.874251497
82,552,8,0,0,211,50,56,31,29,29,0,0,0,0,0,3,3,26,0,11,43,195,3,1,3,1.069786,100,0,0,0,0,0,10,0,0,0,0,3,5,0.874251497
83,1346,3,0,0,513,94,160,96,62,59,0,2,0,0,10,69,61,132,113,17,404,471,3,1,11.25,1,100,0,0,0,0,0,1,205,0,0,0,1,5,0.874251497
84,2113,0,0,0,811,191,211,155,99,114,0,0,0,0,8,12,18,207,31,16,292,770,3,1,0,0.5,100,0,0,0,0,0,6,54,0,0,0,3,5,0.874251497
85,477,0,0,0,186,40,50,41,23,23,0,0,0,0,1,1,2,5,0,8,17,177,3,1,0,0.5,100,0,0,0,0,0,0,0,0,0,0,0,5,0.874251497
86,1157,0,0,0,425,78,121,83,60,61,0,0,0,0,3,1,6,108,0,17,135,403,3,1,3,1.083828,100,0,0,0,365,1,8,0,0,0,0,0,5,0.874251497
87,392,0,0,0,144,23,38,31,19,22,0,0,0,0,0,1,3,14,0,9,27,133,3,1,0,1.237688,100,0,0,0,0,0,0,0,0,0,0,0,5,0.874251497
88,419,0,0,0,166,26,54,31,24,18,0,37,0,0,0,8,2,20,4,20,91,153,3,1,0,1.689482,100,0,0,0,0,0,0,6,0,0,0,0,5,0.874251497
89,432,174,0,0,104,19,37,11,11,17,0,474,0,0,0,1,13,146,22,26,682,95,3,1,0,1.877634,100,0,0,0,0,0,118,38,0,0,0,4,5,0.874251497
90,1179,0,0,0,449,95,139,70,59,63,0,47,0,0,2,4,17,116,0,17,203,426,3,1,0,1.134669,100,0,0,0,0,0,10,0,0,0,0,0,5,0.874251497
91,153,0,0,0,62,19,14,9,9,8,0,73,0,0,0,0,12,14,0,18,117,59,3,1,0,0.947292,100,0,0,0,0,0,0,0,0,0,0,0,5,0.874251497
92,444,0,0,0,153,26,47,25,25,24,0,0,0,0,1,0,1,80,0,8,90,147,3,1,0,0.912111,100,0,0,0,392,0,0,0,0,0,0,0,5,0.874251497
93,923,0,0,0,344,70,100,69,41,51,0,12,0,0,1,13,2,32,0,13,73,331,3,1,0,1.354383,100,0,0,0,524,0,0,0,0,0,0,0,5,0.874251497
94,735,0,0,0,269,37,85,53,39,36,0,46,0,0,3,4,9,56,0,24,142,250,3,1,0,0,100,0,0,0,912,2,0,0,0,0,0,0,5,0.874251497
95,1645,47,0,0,559,92,150,110,88,92,0,10,0,1,2,2,13,35,1,14,78,532,3,1,0,1.539275,100,0,0,0,0,1,32,1,0,0,0,3,5,0.874251497
96,604,0,0,0,231,55,64,35,31,31,0,27,0,2,1,9,22,49,43,21,174,216,3,1,0,0,100,0,0,0,0,1,0,70,0,0,0,0,5,0.874251497
97,254,0,0,0,125,41,33,14,16,6,0,8,0,2,54,13,492,1167,974,15,2725,110,3,1,0,0,100,0,0,0,0,0,0,1729,0,0,0,0,5,0.874251497
98,343,0,0,0,125,11,51,18,22,15,0,0,0,0,0,1,1,23,0,8,33,117,3,1,0,0,100,0,0,0,0,0,0,0,0,0,0,0,5,0.874251497
99,637,15,0,0,245,38,77,36,37,31,0,0,0,1,1,8,6,138,5,18,177,219,3,1,0,0,100,0,0,0,443,1,0,8,0,0,0,3,5,0.874251497
100,1000,0,0,0,396,54,117,77,71,36,0,0,0,0,11,4,26,47,0,11,99,355,3,1,0,0,100,0,0,0,0,0,0,0,0,0,0,0,5,0.874251497
101,903,0,0,0,381,47,120,68,53,40,0,0,0,0,8,2,32,62,5,20,129,328,3,1,0,0,100,0,0,0,0,0,0,8,0,0,0,0,5,0.874251497
102,1289,0,0,0,562,106,196,81,67,50,0,522,0,0,5,4,82,488,18,31,1150,500,3,1,0,0,100,0,0,66,0,3,4,32,1,0,0,0,5,0.874251497
103,0,0,0,0,0,0,0,0,0,0,0,119,0,0,0,1,0,0,17,28,165,0,3,1,0,1.993389,100,0,8534,0,0,0,0,29,1,0,0,0,5,0.874251497
104,0,0,0,0,1,0,0,0,0,0,761,56,0,0,0,0,19,52,18,211,1117,0,3,1,0,1.5,100,0,0,0,0,0,0,1,1,0,1,0,5,0.874251497
105,1180,0,43,31,923,291,269,56,26,15,0,112,31,0,2,1,33,168,1,21,369,657,3,1,0,0,100,0,0,0,0,0,0,0,1,0,0,0,4,0.441860465
106,70,54,101,0,23,6,3,0,1,0,0,26,43,3,3,0,12,234,86,12,419,10,3,1,0,1.201925,100,0,0,0,0,0,0,0,1,0,0,3,4,0.441860465
107,1454,65,0,0,792,295,284,70,43,28,0,85,0,4,1,6,8,252,113,23,492,720,3,1,0,1,100,0,0,270,443,3,0,199,1,0,0,3,5,0.874251497
108,1738,8,0,0,623,106,177,118,94,97,0,0,0,0,13,6,19,64,41,16,159,592,3,1,0,0.5,100,0,0,0,0,0,2,72,0,0,0,3,5,0.874251497
109,1930,20,0,0,801,180,234,136,92,88,0,0,0,0,25,4,71,397,127,23,647,730,3,1,0,0.839267,100,0,0,14,70,2,6,224,0,0,0,3,5,0.874251497
110,13,0,0,0,8,2,4,1,0,0,0,21,0,1,0,0,0,72,11,16,121,7,3,1,0,1.190516,100,0,0,0,0,0,0,0,0,0,0,0,4,0.441860465
111,403,0,0,0,226,76,78,29,13,5,0,0,0,0,0,0,0,3,18,19,40,201,3,1,0,1.487982,100,0,0,0,392,1,0,0,1,0,0,0,4,0.441860465
112,573,0,764,72,340,107,135,31,9,13,0,18,348,0,1,0,0,146,0,0,513,295,3,1,0,1.679918,100,0,0,0,0,0,2,0,1,0,0,0,4,0.441860465
113,225,0,2174,0,171,89,26,13,5,4,0,53,905,1,1,2,1,825,59,0,1847,137,2,3,2.875454,1.647247,100,0,0,0,0,0,0,0,0,0,0,0,4,0.441860465
114,1496,31,0,879,1049,420,284,76,31,21,0,30,366,0,3,11,52,377,1,4,844,832,3,1,2.5,1.739366,100,0,0,0,0,0,0,0,0,0,0,3,4,0.441860465
115,2436,0,620,8,1585,715,462,120,59,35,0,7,262,0,4,4,19,215,0,0,511,1391,2,3,3.034096,1.84656,100,0,0,0,0,0,0,0,1,0,0,0,4,0.441860465
116,1051,0,82,108,710,253,223,49,29,17,0,12,80,0,4,11,2,41,98,13,261,571,2,3,3.03389,1.913291,100,0,0,0,0,0,0,0,1,0,0,0,4,0.441860465
117,864,35,1309,149,658,282,143,40,21,10,0,34,607,0,4,3,141,740,153,0,1682,496,2,3,3.022651,1.889823,100,0,0,0,0,0,10,0,0,1,0,3,4,0.441860465
118,342,155,1330,218,216,76,26,9,3,4,0,30,644,0,10,5,2,746,962,0,2399,118,2,3,3.023707,1.79457,100,0,0,0,0,0,0,0,0,0,0,1,4,0.441860465
119,0,0,2701,0,0,0,0,0,0,0,0,29,1124,2,11,32,6,1724,676,0,3604,0,2,3,3.078285,1.393558,100,0,0,0,0,0,0,0,0,1,0,0,4,0.441860465
120,1533,0,722,214,1029,413,283,75,49,21,0,2,390,0,18,3,13,275,20,0,721,841,2,3,3.080495,1.618408,100,0,0,0,0,0,0,0,0,0,0,0,4,0.441860465
121,2387,427,308,460,1585,546,429,92,37,24,0,9,320,0,26,12,94,522,36,0,1019,1128,2,3,3.531513,1.481642,100,0,0,0,0,0,8,0,1,0,0,1,4,0.441860465
122,258,0,0,107,237,112,54,5,3,2,0,110,45,14,30,114,456,1900,1678,194,4541,176,2,3,3.470552,1.352833,100,0,0,0,0,0,0,0,1,1,0,0,4,0.441860465
123,90,0,667,0,73,19,13,5,5,2,0,114,278,10,38,26,79,804,405,13,1767,44,2,3,3.57126,1.448306,100,0,0,0,0,0,0,0,0,0,0,0,4,0.441860465
124,1847,0,116,0,1280,451,358,110,44,31,0,0,49,0,0,1,2,89,0,3,144,994,2,3,3.780431,1.576005,100,0,0,0,0,0,0,0,1,0,0,0,4,0.441860465
125,45,0,0,118,53,9,6,2,2,2,0,0,50,2,1,3,0,170,485,144,855,21,2,3,3.727468,1.55095,100,0,0,0,0,0,0,0,1,0,0,0,4,0.441860465
126,725,0,398,596,596,150,123,47,26,15,0,20,414,0,1,0,5,73,0,8,521,361,2,3,3.917458,1.499249,100,0,0,0,0,0,0,0,1,0,0,0,4,0.441860465
127,1254,13,0,221,752,310,223,72,37,23,0,0,92,1,4,0,7,123,26,12,265,665,2,3,4.170937,2.258682,100,0,0,0,0,0,11,0,1,0,0,3,4,0.441860465
128,957,0,0,241,718,331,149,54,25,11,0,0,101,0,0,4,31,125,39,8,308,570,2,3,3.051085,2.731186,100,0,0,0,0,0,0,0,1,0,0,0,4,0.441860465
129,311,0,0,0,196,55,65,18,7,8,0,0,0,1,0,7,47,132,90,16,293,153,2,3,2.411587,2.445794,100,0,0,0,0,0,0,0,1,0,0,0,4,0.441860465
130,2807,0,313,84,1987,798,599,148,56,25,0,120,166,0,63,29,63,725,332,18,1516,1626,2,3,2.045236,3.109673,100,0,0,0,0,0,0,0,1,0,0,0,4,0.441860465
131,3960,0,465,0,3094,1117,904,176,80,35,0,0,194,0,13,10,141,370,6,0,734,2312,2,3,1.845091,4.397668,100,0,0,0,0,0,0,0,1,0,0,0,4,0.441860465
132,782,0,896,150,1091,227,142,44,17,13,0,17,436,2,9,2,7,619,39,0,1131,443,2,3,1.713767,5.983199,100,0,0,0,0,0,7,0,0,0,0,3,4,0.441860465
133,432,46,2545,267,688,95,60,21,12,11,0,70,1170,10,20,2,143,2485,2405,152,6457,199,2,3,2.58132,5.791008,100,0,0,0,0,0,0,0,0,0,0,3,4,0.441860465
134,33,17,1059,0,6,1,2,2,0,1,0,13,441,0,0,3,59,30,76,0,622,6,2,3,4.18163,2.266939,100,0,0,0,0,0,19,0,0,0,0,3,4,0.441860465
135,397,0,1561,268,632,121,67,19,7,10,0,117,761,13,49,15,231,1457,231,11,2885,224,2,3,3.594862,1.392485,100,0,0,0,0,0,0,0,0,0,0,0,4,0.441860465
136,144,0,5673,126,168,42,27,12,3,0,0,25,2413,2,44,50,47,4759,966,0,8306,84,2,3,3.192425,1.141974,100,0,0,0,0,0,0,0,0,0,0,0,4,0.441860465
137,0,0,0,0,0,0,0,0,0,0,0,24,0,2,3,3,43,118,883,25,1101,0,2,3,3.486418,1.338125,100,0,0,0,0,0,0,0,0,0,0,0,4,0.441860465
138,9,9,0,0,0,0,0,0,0,0,0,94,0,0,2,3,181,45,100,26,451,0,3,1,0,2.432755,100,0,0,0,0,0,0,174,0,0,0,3,5,0.874251497
139,3414,236,0,0,1598,484,516,236,141,70,0,27,0,0,10,12,21,153,88,32,343,1447,3,1,0,1,100,0,0,0,1101,1,0,157,0,0,0,1,5,0.874251497
140,420,0,0,0,235,90,53,29,19,12,0,27,0,0,1,6,43,235,113,24,449,203,3,1,5.727775,1.296867,100,0,0,0,0,0,0,195,0,0,0,0,5,0.874251497
141,796,0,0,0,457,157,135,51,28,20,0,35,0,0,0,16,43,42,24,16,176,391,3,1,2.443774,1.506185,100,0,0,0,0,0,0,41,0,0,0,0,3,0.646840149
142,552,129,0,0,307,174,56,23,5,9,0,13,0,0,11,2,85,492,132,27,762,267,3,1,2.885097,1.390865,100,0,0,0,0,1,0,230,0,0,0,1,25,0.308139535
143,2345,4,0,0,1268,436,391,166,73,63,0,25,0,0,4,61,7,127,15,26,265,1129,3,1,2.823893,1.549001,100,0,0,0,332,1,1,24,0,0,0,1,3,0.646840149
144,2082,37,0,0,985,299,292,148,81,71,0,0,0,0,8,2,12,19,0,19,60,891,2,3,3.4,1.66332,100,0,0,0,0,0,0,0,0,0,0,1,3,0.646840149
145,1491,0,0,0,834,300,255,95,62,29,0,42,0,0,0,4,7,626,6,27,712,741,2,3,3.731513,2.007734,100,0,0,2077,503,2,0,10,0,0,0,0,3,0.646840149
146,2135,71,0,0,1126,331,375,160,84,33,0,42,0,0,0,3,6,147,4,26,228,983,2,3,5.102348,1.823647,100,105,0,0,0,1,26,7,0,0,0,1,3,0.646840149
147,1250,0,0,0,786,286,263,86,22,17,0,0,0,0,2,1,2,79,0,13,97,674,2,3,4.344683,1.905387,100,0,0,0,0,0,0,0,0,0,0,0,3,0.646840149
148,239,0,0,0,118,27,42,20,11,4,0,14,0,0,0,6,0,0,0,16,36,104,2,3,3.826248,1.665859,100,0,0,0,0,0,0,0,0,0,0,0,3,0.646840149
149,222,0,0,0,107,23,37,14,12,7,0,0,0,0,0,0,1,4,0,9,14,93,2,3,3.899291,1.572048,100,0,0,0,0,0,0,0,0,0,0,0,3,0.646840149
150,1142,0,0,0,573,183,154,85,41,42,0,17,0,0,1,7,142,107,74,17,365,505,2,3,3.220969,1.577449,100,0,0,118,0,1,0,127,0,0,0,0,3,0.646840149
151,611,0,0,0,339,131,104,32,26,13,0,74,0,0,0,0,8,309,81,23,495,306,2,3,3.522723,1.41965,100,0,0,0,0,0,0,143,0,0,0,0,3,0.646840149
152,131,7,0,0,47,8,16,4,8,6,0,10,0,0,1,7,16,204,13,22,273,42,3,1,3.477647,1.250329,100,0,0,0,0,0,0,22,0,0,0,1,25,0.308139535
153,165,2,0,0,83,20,17,16,10,4,0,17,0,0,0,1,17,255,73,29,392,67,2,3,3.536058,1.315775,100,0,0,0,0,0,6,130,0,0,0,1,25,0.308139535
154,775,6,0,0,469,217,96,49,23,23,0,2,0,0,1,13,56,67,12,24,175,408,2,3,3.984464,1.334453,100,0,0,0,0,0,3,20,0,0,0,3,3,0.646840149
155,969,0,0,0,453,134,126,73,42,34,0,0,0,0,1,1,0,44,3,16,65,409,2,3,4.023149,1.384771,100,0,0,0,0,0,0,4,0,0,0,0,3,0.646840149
156,870,0,0,0,439,132,142,58,34,24,0,0,0,0,0,0,2,10,0,10,22,390,2,3,3.762807,1.10282,100,0,0,0,0,0,1,0,0,0,0,0,3,0.646840149
157,1232,0,0,0,622,219,169,100,47,34,0,0,0,0,0,2,11,9,2,15,39,569,2,3,3.43271,0.852894,100,0,0,0,0,0,0,3,0,0,0,0,3,0.646840149
158,1600,7,0,0,880,312,257,98,58,44,0,2,0,2,11,10,153,233,37,21,469,769,2,3,4.410572,1.296788,100,0,0,0,0,0,0,64,0,0,0,3,3,0.646840149
159,840,13,0,0,464,165,152,55,26,17,0,0,0,0,8,34,37,194,11,15,299,415,2,3,4.235722,1.223584,100,0,0,0,0,0,0,19,0,0,0,3,3,0.646840149
160,345,0,0,0,244,127,54,18,7,5,0,12,0,0,8,43,43,302,154,33,595,211,2,3,4.686312,1.205139,100,0,0,0,0,0,0,272,0,0,0,0,3,0.646840149
161,214,0,0,0,95,25,21,15,15,8,0,1,0,0,0,0,1,51,7,17,77,84,3,1,5.030766,1.361844,100,0,0,0,0,0,0,11,0,0,0,0,3,0.646840149
162,145,0,0,0,67,14,13,12,6,8,0,0,0,0,0,1,5,9,9,14,38,53,3,1,4.699348,1.448571,100,0,0,0,0,0,0,13,0,0,0,0,3,0.646840149
163,204,0,0,0,133,45,32,12,6,6,0,12,0,0,21,15,61,268,62,30,469,101,2,3,4.514621,1.334839,100,0,0,0,0,0,0,109,0,0,0,0,3,0.646840149
164,475,0,0,0,283,125,66,32,12,13,0,34,0,0,10,12,81,602,132,49,920,248,3,1,3.47394,1.310739,100,0,0,0,0,0,0,226,0,0,0,0,3,0.646840149
165,524,119,0,0,218,81,54,34,18,8,0,0,0,0,1,8,22,199,17,16,263,195,3,1,3.795225,1.586896,100,0,0,0,0,0,82,30,0,0,0,4,3,0.646840149
166,646,29,0,0,299,66,89,54,37,12,0,28,0,0,3,0,2,2141,0,31,2205,258,3,1,3.353653,1.566854,100,0,0,0,0,1,0,0,0,0,0,1,3,0.646840149
167,868,42,0,0,469,181,127,62,21,22,0,11,0,0,31,12,40,115,33,25,267,413,2,3,4.634187,1.262116,100,0,0,0,0,0,17,56,0,0,0,1,3,0.646840149
168,489,0,0,0,242,79,71,23,32,13,0,10,0,0,14,12,12,1639,57,28,1772,218,2,3,2.984797,1.199357,100,0,0,0,844,1,0,103,0,0,0,0,3,0.646840149
169,613,5,0,0,353,152,85,42,23,12,0,22,0,1,26,35,13,228,93,27,445,314,2,3,3.235451,1.188506,100,0,0,0,0,0,0,167,0,0,0,3,3,0.646840149
170,420,0,0,0,219,71,64,35,14,9,0,0,0,0,0,1,10,1,0,16,28,193,2,3,2.796034,1.175613,100,0,0,0,1137,1,0,0,0,0,0,0,3,0.646840149
171,1112,7,0,0,691,342,165,56,37,23,0,7,0,0,1,4,11,24,27,43,117,623,2,3,2.387079,1.109291,100,0,0,0,0,0,0,47,0,0,0,3,3,0.646840149
172,472,0,0,0,253,99,57,28,19,19,0,7,0,0,6,0,21,147,59,21,261,222,2,3,2.314796,1.077263,100,0,0,0,0,0,0,105,0,0,0,0,3,0.646840149
173,293,0,0,0,155,42,54,25,9,6,0,0,0,0,1,0,2,499,17,16,535,136,2,3,2.248937,1.107006,100,0,0,0,0,0,0,29,0,0,0,3,3,0.646840149
174,438,0,0,0,300,158,72,23,13,3,0,0,0,0,9,9,115,180,22,16,351,269,2,3,1.940079,1.065949,100,0,0,0,0,0,13,38,0,0,0,0,3,0.646840149
175,31,31,26,0,0,0,0,0,0,0,0,0,11,0,0,0,0,29,10,13,63,0,2,3,1.863689,1.839024,100,0,0,0,0,0,0,18,0,0,0,3,3,0.646840149
176,0,0,0,33,0,0,0,0,0,0,0,112,14,0,5,34,65,834,2,33,1099,0,2,3,1.633959,2.07673,100,0,0,0,0,0,0,2,1,0,0,0,3,0.646840149
177,1580,72,0,0,998,385,356,80,26,11,0,17,0,0,15,37,68,904,7,23,1071,858,2,3,1.579749,2.42099,100,0,0,0,0,0,80,12,1,0,0,4,3,0.646840149
178,246,0,1169,0,141,43,41,17,10,4,0,52,487,8,4,3,79,368,68,11,1080,115,2,3,1.449129,1.993182,100,0,0,0,0,0,0,122,1,0,0,0,3,0.646840149
179,738,0,0,0,487,227,158,30,13,9,0,98,0,28,170,40,432,1158,173,17,2116,437,2,3,1.792774,1.421099,100,0,0,0,0,0,0,306,0,0,0,0,3,0.646840149
180,113,0,0,0,54,5,11,12,10,2,0,15,0,1,5,2,17,123,96,25,284,40,2,3,3.988685,1.132597,100,0,0,0,0,0,0,170,0,0,0,0,3,0.646840149
181,1844,0,0,0,1188,607,283,87,51,40,0,21,0,2,4,41,13,109,19,21,230,1068,2,3,5.048935,1.065808,100,0,0,0,0,0,0,32,1,0,0,0,3,0.646840149
182,1040,0,200,0,707,368,174,49,27,13,0,60,84,20,43,185,75,776,156,24,1423,631,2,3,6.748871,1.026804,100,0,0,0,0,0,0,277,1,0,0,0,3,0.646840149
183,1673,0,0,4,1078,511,291,101,41,20,0,33,2,9,133,9,251,1058,356,19,1870,964,2,3,5.524496,1.147047,100,0,0,0,0,0,12,639,0,0,0,0,3,0.646840149
184,0,0,0,0,0,0,0,0,0,0,0,33,0,5,1,2,268,210,16,30,565,0,2,3,3.945811,1.359757,100,0,0,0,0,0,0,30,0,0,0,0,3,0.646840149
185,0,0,0,0,0,0,0,0,0,0,0,86,0,10,18,33,576,2368,204,11,3306,0,2,3,3.894389,1.409472,100,41,0,0,0,1,0,365,0,0,0,0,3,0.646840149
186,2,0,57,1374,1,0,1,0,0,0,0,56,596,5,3,26,17,429,2376,31,3539,1,2,3,2.35976,2.823851,100,0,0,0,0,0,0,2098,0,0,0,0,26,0.941176471
187,102,0,0,0,92,19,18,6,3,3,0,45,0,5,23,24,667,675,173,16,1628,49,2,3,5.796805,1.33517,100,0,0,0,0,0,0,309,0,0,0,0,3,0.646840149
188,999,0,0,160,567,215,178,65,30,22,0,83,67,6,72,37,944,2728,696,452,5085,510,2,3,6.343897,1.398764,100,0,0,0,0,0,0,1255,0,0,0,0,3,0.646840149
189,792,9,0,0,440,185,101,54,33,18,0,58,0,5,18,241,3265,427,183,35,4232,391,2,3,7.170299,1.160135,100,0,0,0,0,0,30,325,1,0,0,3,3,0.646840149
190,1534,38,0,0,980,482,217,78,54,23,0,41,0,1,10,42,119,590,149,36,988,854,2,3,5.478935,1.080082,100,0,0,0,0,0,22,260,1,0,0,1,3,0.646840149
191,1013,9,0,0,557,196,189,70,42,8,0,63,0,0,3,4,7,411,77,42,607,505,2,3,4.896345,1.323058,100,0,0,235,0,1,8,134,1,0,0,1,3,0.646840149
192,1117,0,0,0,683,260,136,55,52,41,0,26,0,2,5,27,141,231,154,37,623,544,2,3,5.818799,1.394779,100,0,0,0,0,0,30,272,1,0,0,0,3,0.646840149
193,343,0,0,0,195,76,50,20,13,8,0,157,0,5,27,129,488,1857,193,33,2889,167,2,3,6.1659,1.379787,100,35,0,0,0,1,4,364,1,0,0,0,3,0.646840149
194,210,0,0,193,154,94,24,11,3,4,0,25,81,1,3,2,117,803,166,24,1222,136,2,3,4.126202,1.91613,100,0,0,0,0,0,0,308,1,0,0,0,3,0.646840149
195,668,0,0,0,460,232,110,28,20,9,0,7,0,0,0,1,9,37,0,46,100,399,2,3,4.00493,1.919759,100,0,0,0,596,1,0,0,1,0,0,0,3,0.646840149
196,1444,34,0,0,805,302,243,81,47,33,0,39,0,0,8,21,6,440,11,34,559,706,2,3,3.077964,2.300955,100,0,0,0,0,0,6,17,1,0,0,3,3,0.646840149
197,111,11,0,0,45,12,10,6,3,6,0,140,0,3,9,20,91,952,99,25,1339,37,2,3,2.790964,2.297045,100,0,0,0,0,0,0,164,1,0,0,3,3,0.646840149
198,0,0,0,0,0,0,0,0,0,0,0,40,0,1,0,0,0,0,336,26,403,0,2,3,2.521892,2.26464,100,0,0,0,0,0,0,607,0,0,0,0,2,0.568965517
199,2,0,0,0,1,0,1,0,0,0,0,0,0,0,5,0,0,858,0,0,863,1,2,3,3.536824,2.316357,100,0,0,0,1745,2,23,0,0,0,0,3,2,0.568965517
200,422,4,0,0,196,70,55,25,18,17,0,10,0,0,0,16,1,112,42,38,219,185,2,3,4.455688,1.943837,100,0,0,0,0,0,0,75,0,0,0,3,2,0.568965517
201,1977,0,0,0,989,271,345,125,103,42,0,0,0,0,0,11,15,139,4,44,213,886,2,3,4.950156,1.944674,100,0,0,0,0,0,0,7,0,0,0,0,2,0.568965517
202,0,0,0,0,0,0,0,0,0,0,0,68,0,14,72,43,191,688,161,28,1265,0,2,3,5.230209,2.311271,100,0,0,0,0,0,0,279,0,0,0,0,2,0.568965517
203,3,0,0,0,2,0,0,1,0,0,0,17,0,5,95,20,348,103,143,33,764,1,2,3,3.399512,2.48653,100,0,0,0,0,0,0,260,0,0,0,0,2,0.568965517
204,601,0,0,0,740,139,120,25,15,14,0,26,0,8,87,160,28,6074,382,47,6812,313,2,3,2.815927,2.272286,100,0,0,0,0,0,0,685,0,0,0,0,2,0.568965517
205,496,11,0,0,226,68,70,35,24,15,0,32,0,12,171,151,185,855,943,263,2612,212,2,3,3.89328,1.709737,100,0,0,0,0,0,1,1698,0,0,0,3,2,0.568965517
206,3222,0,0,0,1806,573,668,221,103,44,0,30,0,9,97,112,103,830,426,156,1763,1609,2,3,4.637263,2.957979,100,0,0,0,0,0,0,756,0,0,0,0,2,0.568965517
207,99,99,0,0,0,0,0,0,0,0,0,9,0,0,1,0,0,85,9,16,120,0,2,3,3.562892,0,100,0,0,0,0,0,12,17,0,0,0,3,3,0.646840149
208,0,0,0,0,0,0,0,0,0,0,171,37,0,1,0,1,0,13,2,105,330,0,2,3,4.602661,0.75,100,0,0,0,0,0,3,4,0,0,0,0,2,0.568965517
209,0,0,0,0,0,0,0,0,0,0,0,282,0,10,41,43,9,187,121,28,721,0,2,3,4.802904,0.688566,100,0,0,0,0,0,0,176,0,0,0,3,2,0.568965517
210,223,223,0,0,0,0,0,0,0,0,0,258,0,7,57,151,530,1071,366,367,2807,0,2,3,5.211945,0.96944,100,0,0,0,0,0,25,605,0,0,0,3,2,0.568965517
211,480,0,0,0,309,105,114,24,10,6,185,295,0,17,100,81,2,335,116,230,1361,259,2,3,4.645886,1.096255,100,0,0,0,0,0,0,205,0,0,0,0,2,0.568965517
212,0,0,0,0,0,0,0,0,0,0,0,201,0,6,1,61,31,706,90,92,1188,0,2,3,4.144296,1.084093,100,0,0,0,0,0,0,165,0,0,0,0,2,0.568965517
213,578,0,0,0,283,100,93,43,21,15,0,355,0,16,5,417,116,882,149,34,1974,272,2,3,3.671808,1.572806,100,0,0,0,0,0,0,267,0,0,0,0,2,0.568965517
214,379,0,0,0,338,263,47,2,2,1,0,121,0,4,44,20,4,330,55,74,652,315,2,3,4.11556,1.222614,100,0,0,0,0,0,0,96,0,0,0,0,2,0.568965517
215,679,6,0,0,356,119,151,44,26,3,0,387,0,6,60,55,1091,1428,32,21,3080,343,2,3,3.8621,1.574935,100,0,0,0,0,0,0,57,0,0,0,3,2,0.568965517
216,465,10,0,0,238,80,96,30,15,6,0,300,0,18,14,117,42,656,125,69,1341,227,2,3,2.905466,1.903555,100,0,0,0,0,0,0,227,0,0,0,3,2,0.568965517
217,780,0,0,0,477,214,163,40,20,7,0,311,0,6,543,8,15,411,192,47,1533,444,2,3,3.053915,2.109496,100,0,0,0,0,0,6,339,0,0,0,0,2,0.568965517
218,518,0,0,0,293,122,102,37,11,7,0,198,0,2,413,2,7,82,65,47,816,279,2,3,3.79296,1.673082,100,0,0,0,0,0,0,115,0,0,0,0,2,0.568965517
219,0,0,0,0,0,0,0,0,0,0,0,92,0,1,6,2,243,520,42,30,936,0,2,3,3.658455,1.854665,100,0,0,0,0,0,0,75,0,0,0,0,2,0.568965517
220,214,10,0,80,165,67,38,16,2,1,0,1907,34,2,42,14,956,2508,49,29,5541,124,2,3,3.374198,2.145361,100,0,0,0,0,0,38,81,0,0,0,3,1,0.365671642
221,2053,0,0,0,1220,573,283,112,68,56,0,683,0,1,18,45,44,837,59,52,1739,1092,2,3,3.881512,2.246792,100,0,0,0,0,0,0,103,0,0,0,0,1,0.365671642
222,303,0,0,0,158,49,38,24,11,12,0,44,0,0,0,0,2,258,2,21,327,134,2,3,5.951264,2.234402,100,0,0,0,0,1,0,2,0,0,0,0,6,0.84
223,242,19,0,0,143,29,23,20,13,7,0,491,0,1,14,0,120,2272,54,32,2984,92,1,5,6.242656,2.166803,100,0,0,728,0,1,257,89,0,0,0,3,1,0.365671642
224,61,61,0,0,0,0,0,0,0,0,0,1318,0,1,405,14,43,6141,10,31,7963,0,2,3,4.82787,2.215789,100,0,0,0,0,0,0,16,0,0,0,4,1,0.365671642
225,0,0,0,0,0,0,0,0,0,0,0,1531,0,6,190,2,11,153,21,33,1947,0,1,5,4.386523,1.991335,100,0,0,0,0,0,0,35,0,0,0,0,1,0.365671642
226,0,0,0,0,0,0,0,0,0,0,0,1065,0,6,6,8,10,133,21,28,1277,0,1,5,6.356466,2.03007,100,0,0,0,414,0,0,33,0,0,0,0,1,0.365671642
227,0,0,0,0,0,0,0,0,0,0,0,630,0,4,2,2,13,530,14,23,1218,0,1,5,6.401915,1.907436,100,0,0,0,0,0,0,23,0,0,0,0,1,0.365671642
228,0,0,0,0,0,0,0,0,0,0,0,1526,0,7,43,49,149,1025,84,26,2909,0,1,5,6.55029,1.790267,100,0,0,0,0,0,0,147,0,0,0,0,1,0.365671642
229,0,0,0,0,0,0,0,0,0,0,0,1019,0,9,21,8,16,844,23,23,1963,0,1,5,4.744975,1.812708,100,0,0,0,0,0,0,37,0,0,0,0,1,0.365671642
230,253,253,0,0,0,0,0,0,0,0,0,176,0,1,1,0,123,202,21,29,553,0,1,5,4.887172,1.771719,100,0,0,0,0,1,0,38,0,0,0,3,1,0.365671642
231,412,132,0,0,244,188,34,4,3,0,0,316,0,1,15,4,264,121,102,26,849,229,2,3,5.285785,1.726907,100,0,0,0,0,0,29,178,0,0,0,3,1,0.365671642
232,0,0,0,0,0,0,0,0,0,0,0,730,0,4,4,36,8,103,15,34,934,0,2,3,5.370677,1.461911,100,0,0,0,250,0,0,25,0,0,0,0,1,0.365671642
233,0,0,0,0,0,0,0,0,0,0,0,1805,0,8,168,12,915,939,38,26,3911,0,2,3,5.442739,1.350297,100,0,0,0,0,0,0,66,0,0,0,0,1,0.365671642
234,0,0,0,0,0,0,0,0,0,0,0,541,0,12,426,50,85,326,70,20,1530,0,2,3,5.984288,1.254564,100,0,0,0,0,0,859,117,0,0,0,0,2,0.568965517
235,0,0,0,0,0,0,0,0,0,0,0,494,0,10,1,6,0,9,132,22,674,0,1,5,8.321737,1.98858,100,0,0,0,0,0,0,235,0,0,0,0,1,0.365671642
236,0,0,0,0,0,0,0,0,0,0,0,148,0,4,290,43,216,424,21,18,1164,0,1,5,8.413157,2.00217,100,0,0,0,0,0,0,37,0,0,0,0,1,0.365671642
237,0,0,0,0,0,0,0,0,0,0,0,1452,0,10,10,3,75,227,44,25,1846,0,1,5,6.583077,1.762274,100,0,0,0,0,0,0,53,0,0,0,0,1,0.365671642
238,545,0,0,0,360,124,147,24,11,2,0,39,0,1,0,0,429,353,3,18,843,308,1,5,7.766582,2.009531,100,0,0,0,0,0,0,5,0,0,0,0,1,0.365671642
239,0,0,0,0,0,0,0,0,0,0,0,533,0,9,250,19,552,1879,48,6,3296,0,1,5,8.260498,2.050889,100,0,0,0,0,0,0,84,0,0,0,0,1,0.365671642
240,0,0,0,0,0,0,0,0,0,0,0,523,0,9,43,0,1822,2073,48,0,4518,0,1,5,8.214167,2.112092,100,0,0,0,0,0,0,84,0,0,0,0,1,0.365671642
241,0,0,0,0,0,0,0,0,0,0,0,335,0,6,242,11,709,705,58,16,2082,0,1,5,7.740964,2.115324,100,0,0,0,0,0,0,99,0,0,0,0,1,0.365671642
242,27,27,0,0,0,0,0,0,0,0,0,648,0,16,38,15,1029,906,68,13,2733,0,1,5,7.636415,2.230893,100,0,0,0,630,0,0,115,0,0,0,3,1,0.365671642
243,0,0,0,0,0,0,0,0,0,0,0,738,0,12,560,23,784,3603,68,0,5788,0,1,5,8.129025,2.269359,100,0,0,0,0,0,0,119,0,0,0,0,1,0.365671642
244,59,0,0,0,32,6,11,4,2,2,0,354,0,7,415,5,215,591,70,20,1677,25,1,5,7.581075,2.472867,100,0,0,0,0,0,6,122,0,0,0,0,1,0.365671642
245,0,0,0,70,0,0,0,0,0,0,0,396,30,11,8,5,9,147,36,23,665,0,1,5,7.096529,2.37773,100,0,0,0,0,0,0,60,0,0,0,0,1,0.365671642
246,0,0,0,32,0,0,0,0,0,0,0,0,14,0,0,0,0,0,0,0,14,0,1,5,6.431316,2.223783,100,0,0,0,360,1,0,0,0,0,0,0,1,0.365671642
247,36,0,0,0,42,36,0,0,0,0,0,34,0,0,0,0,0,267,0,24,325,36,2,3,5.730615,2.337832,100,0,0,0,316,0,44,0,0,0,0,0,6,0.84
248,984,7,0,0,687,275,205,52,18,12,0,14,0,0,6,2,0,42,0,19,83,562,2,3,5.9262,2.37709,100,0,0,0,0,0,0,0,0,0,0,3,6,0.84
249,49,0,0,13,35,17,12,1,0,1,0,35,6,0,0,11,55,113,164,58,442,31,2,3,7.420864,2.270973,100,0,0,0,0,0,0,295,0,0,0,0,1,0.365671642
250,819,0,0,0,418,97,172,59,39,7,0,61,0,0,0,2,7,209,18,25,322,374,1,5,7.165528,2.29236,100,0,0,0,0,1,0,31,0,0,0,0,1,0.365671642
251,1818,0,0,0,1238,458,330,116,57,21,0,12,0,0,15,0,43,252,1,19,342,982,1,5,7.745642,2.292311,100,0,0,0,0,0,0,1,0,0,0,0,1,0.365671642
252,30,27,0,0,3,3,0,0,0,0,0,607,0,10,142,67,1634,3903,256,3,6622,3,1,5,8.195791,2.320646,100,5132,0,0,0,6,8,453,0,0,0,3,1,0.365671642
253,28,28,0,0,0,0,0,0,0,0,0,49,0,4,0,1,0,168,44,29,295,0,1,5,8.36762,2.213788,100,0,0,0,0,0,0,79,0,0,0,3,1,0.365671642
254,330,0,0,0,226,105,68,21,4,2,0,47,0,1,0,0,355,31,23,20,477,200,1,5,8.501675,2.154186,100,0,0,0,0,0,0,38,1,0,0,0,1,0.365671642
255,353,0,0,116,240,103,72,15,8,5,0,535,49,12,99,110,230,999,196,13,2243,203,1,5,8.427567,2.220216,100,37,0,0,0,2,0,351,1,0,0,0,1,0.365671642
256,241,29,0,0,128,40,52,13,6,1,0,667,0,13,129,60,1847,3709,83,1,6509,112,1,5,8.397871,2.115659,100,0,0,0,0,0,0,144,0,0,0,3,1,0.365671642
257,0,0,0,0,0,0,0,0,0,0,0,69,0,1,872,132,607,717,388,22,2808,0,1,5,8.407062,2.007178,100,0,0,0,0,0,0,696,0,0,0,0,1,0.365671642
258,26,26,0,0,0,0,0,0,0,0,0,140,0,2,4,23,102,586,21,18,896,0,1,5,8.51177,2.089749,100,0,0,0,0,0,0,37,0,0,0,3,1,0.365671642
259,0,0,0,0,0,0,0,0,0,0,0,23,0,25,2,6,0,28,39,13,136,0,1,5,8.733877,2.139845,100,0,0,0,0,0,0,69,0,0,0,0,7,0.794952681
260,3,0,0,0,4,0,0,1,0,0,0,52,0,10,14,9,61,248,26,27,447,1,1,5,8.619741,2.115491,100,0,0,0,0,0,0,45,0,0,0,0,1,0.365671642
261,732,0,0,0,403,159,93,55,23,25,0,21,0,5,2,44,165,72,54,41,404,355,1,5,8.613054,2.186084,100,352,0,0,0,1,0,94,0,0,0,0,1,0.365671642
262,452,0,0,0,372,163,79,13,14,6,0,7,0,1,0,44,16,27,46,19,160,275,1,5,8.619802,2.195746,100,0,0,0,0,0,0,83,0,0,0,0,1,0.365671642
263,0,0,0,0,0,0,0,0,0,0,0,24,0,4,5,44,91,196,50,28,442,0,1,5,8.402413,2.144135,100,0,0,0,0,0,0,87,0,0,0,0,1,0.365671642
264,544,31,0,0,286,99,78,41,17,11,0,12,0,1,0,7,41,175,83,41,360,246,1,5,8.413704,2.195845,100,0,0,0,0,0,0,146,0,0,0,3,1,0.365671642
265,1855,269,0,417,916,292,191,112,66,57,0,14,174,1,0,6,44,107,71,17,434,718,2,3,8.612225,2.211573,100,0,0,0,0,0,37,123,0,0,0,3,1,0.365671642
266,0,0,0,0,0,0,0,0,0,0,0,26,0,2,3,6,40,322,139,26,564,0,2,3,8.121611,2.206468,100,0,0,0,0,0,0,242,0,0,0,0,1,0.365671642
267,3142,0,0,0,1748,639,541,209,129,54,0,0,0,0,1,0,119,62,0,0,182,1572,1,5,8.198283,2.187647,100,0,0,0,0,0,0,0,0,0,0,0,1,0.365671642
268,0,0,0,45,0,0,0,0,0,0,0,16,19,1,8,0,1,50,6,44,145,0,2,3,7.740845,2.256695,100,0,0,0,0,0,0,9,0,0,0,0,1,0.365671642
269,0,0,0,0,0,0,0,0,0,0,0,12,0,0,0,0,9,87,7,20,135,0,2,3,7.53539,2.26157,100,0,0,0,0,0,0,12,0,0,0,0,1,0.365671642
270,0,0,0,0,0,0,0,0,0,0,0,0,0,0,0,0,0,6,0,12,18,0,2,3,5.969385,2.340277,100,0,0,0,0,0,0,0,0,0,0,0,6,0.84
271,1150,0,0,0,581,236,121,79,48,45,0,70,0,0,0,6,15,181,65,27,364,529,3,1,3.132993,2.195063,100,0,0,313,900,2,0,115,0,0,0,0,6,0.84
272,2089,21,0,0,850,225,245,125,90,107,0,38,0,0,3,4,11,104,86,24,270,792,3,1,3.130767,2.375101,100,0,0,0,0,0,9,157,0,0,0,3,6,0.84
273,2429,2,0,0,1126,337,358,155,101,71,0,23,0,0,0,6,6,74,2,26,137,1022,3,1,0,0,100,0,0,0,1017,2,0,2,0,0,0,3,24,0.79787234
274,1645,0,0,0,951,372,275,104,58,34,0,20,0,0,5,7,11,192,0,21,256,843,3,1,4.153544,2.294781,100,0,0,0,0,1,23,0,0,0,0,0,24,0.79787234
275,2874,0,0,0,1689,665,568,159,80,50,0,10,0,0,1,2,32,89,1,18,153,1522,3,1,2.023958,2.413572,100,0,0,0,0,0,0,1,0,0,0,0,24,0.79787234
276,2642,0,0,0,1507,586,454,174,80,59,0,85,0,0,3,5,6,226,8,52,385,1353,3,1,2.239214,2.244119,100,0,0,217,0,1,0,14,0,0,0,0,24,0.79787234
277,2227,0,0,0,1243,501,359,131,68,59,0,0,0,0,1,4,6,132,2,21,166,1118,3,1,1.995704,2.053659,100,0,0,87,0,1,0,3,0,0,0,0,24,0.79787234
278,3541,0,0,0,1860,658,540,235,133,93,0,0,0,0,3,6,28,124,38,23,222,1659,2,3,4.724283,1.028136,100,0,0,0,0,0,0,66,0,0,0,0,24,0.79787234
279,962,80,0,0,580,287,142,44,31,11,0,26,0,0,3,0,7,433,8,23,500,515,2,3,2.959211,1.541917,100,0,0,683,0,2,3,14,0,0,0,3,24,0.79787234
280,3247,0,0,0,2015,855,582,206,84,53,0,0,0,0,2,2,9,84,11,36,144,1780,3,1,2.294457,1.82,100,0,0,0,0,0,52,19,0,0,0,0,24,0.79787234
281,4583,285,0,0,2447,955,761,260,151,77,0,36,0,0,0,12,18,906,0,34,1006,2204,2,3,1.5,0,100,0,0,162,0,2,199,0,0,0,0,3,24,0.79787234
282,1134,5,0,0,405,55,119,82,74,53,0,0,0,0,4,2,34,104,0,43,187,383,3,1,1.5,0,100,0,0,206,1417,2,15,0,0,0,0,3,24,0.79787234
283,937,9,0,0,347,76,114,48,40,38,0,26,0,0,1,9,8,127,21,17,209,316,3,1,0,0,100,0,0,0,0,0,0,39,0,0,0,1,24,0.79787234
284,1558,0,0,0,382,37,68,57,44,160,0,0,0,0,12,3,2,23,0,16,56,366,3,1,0,0,100,0,0,0,0,0,0,0,0,0,0,0,24,0.79787234
285,3418,5,0,0,1279,257,353,239,166,175,0,0,0,8,8,10,35,85,27,31,204,1190,3,1,0,0,100,0,0,0,313,1,0,47,0,0,0,3,6,0.84
286,2819,12,0,0,1031,173,328,201,155,130,0,38,0,4,8,11,13,502,34,44,654,987,3,1,0,0,100,0,0,1320,386,3,15,62,0,0,0,3,6,0.84
287,906,33,0,0,386,80,129,70,41,30,0,0,0,0,2,2,4,150,8,11,177,350,3,1,0,0,100,0,0,0,0,0,59,13,0,0,0,4,6,0.84
288,1586,15,0,0,934,396,302,81,35,26,0,24,0,0,2,41,2,176,11,23,279,840,3,1,3.125,0,100,0,0,0,0,0,0,18,0,0,0,3,6,0.84
289,642,6,0,0,230,41,75,42,28,36,0,34,0,0,0,2,7,142,3,23,211,222,3,1,4.25,5,100,0,0,0,0,0,4,3,0,0,0,3,6,0.84
290,1885,0,0,0,669,125,172,111,107,117,0,10,0,0,0,4,16,34,2,16,82,632,3,1,0,0,100,0,0,0,0,0,0,3,0,0,0,0,6,0.84
291,250,83,0,0,67,13,25,12,11,4,0,16,0,0,1,0,31,87,42,19,196,65,3,1,0,0,100,0,0,0,0,0,61,74,0,0,0,3,6,0.84
292,295,45,0,0,95,19,21,27,18,5,0,0,0,0,0,0,5,285,0,9,299,90,3,1,0,0,100,0,0,0,0,0,33,0,0,0,0,3,6,0.84
293,583,0,0,0,206,32,70,28,34,30,0,16,0,0,0,2,39,19,0,21,97,194,3,1,0,0,100,0,0,0,0,0,0,0,0,0,0,0,6,0.84
294,0,0,0,0,0,0,0,0,0,0,0,0,0,0,0,0,0,0,0,0,0,0,3,1,0,0,100,0,0,0,0,0,0,0,0,0,0,0,6,0.84
295,2169,0,0,0,775,141,196,164,124,114,0,0,0,0,3,4,11,83,0,21,122,739,3,1,4.25,5,100,0,0,108,0,1,0,0,0,0,0,0,6,0.84
296,1477,28,0,0,547,105,160,104,60,89,0,14,0,0,11,7,21,1343,34,36,1466,518,3,1,4.25,5,100,0,0,176,0,1,163,59,0,0,0,4,6,0.84
297,740,3,0,0,293,56,87,62,31,39,0,0,0,0,2,6,6,221,2,24,261,275,3,1,3.561975,5,100,0,0,253,655,2,27,2,0,0,0,3,6,0.84
298,1054,0,0,0,521,222,137,62,31,39,0,37,0,0,1,1,24,865,3,29,960,491,3,1,3.129102,2.49,100,0,0,0,0,0,61,5,0,0,0,0,6,0.84
299,1015,0,0,0,478,112,123,79,47,40,0,20,0,1,0,0,2,181,7,24,235,401,3,1,3.134932,2.351019,100,0,0,230,0,1,1,12,0,0,0,0,6,0.84
300,1193,183,0,0,410,99,99,63,69,42,0,150,0,1,26,25,75,2238,119,35,2669,372,3,1,3.321842,2.246734,100,0,0,0,0,0,138,197,0,0,0,4,6,0.84
301,948,172,0,0,343,106,96,52,32,30,0,21,0,0,2,1,8,461,13,20,526,316,3,1,3.209019,2.531623,100,0,0,0,0,0,122,23,0,0,0,4,6,0.84
302,1969,120,0,0,616,118,147,79,86,134,0,23,0,0,4,6,8,333,9,24,407,564,3,1,3.564439,2.348792,100,0,0,0,0,0,73,16,0,0,0,3,6,0.84
303,1127,12,0,0,399,95,99,62,62,56,0,59,0,0,572,380,56,730,32,25,1854,374,3,1,3.873955,1.804755,100,0,0,705,0,2,8,56,0,0,0,3,6,0.84
304,205,0,0,0,63,14,14,7,6,19,0,16,0,1,1,0,2,15,4,18,57,60,2,3,4.345683,1.582236,100,0,0,0,327,0,26,6,0,0,0,0,6,0.84
305,1786,19,0,0,761,277,207,67,40,105,0,7,0,0,0,17,0,15,6,20,65,696,3,1,6,0.82696,100,0,0,0,0,1,0,10,0,0,0,3,6,0.84
306,1450,8,0,0,436,77,101,56,55,107,0,8,0,0,0,12,1,37,49,17,124,396,3,1,0,0,100,0,0,0,0,0,0,86,0,0,0,3,6,0.84
307,433,0,0,0,97,4,10,19,13,43,0,19,0,0,0,2,0,225,6,24,276,89,3,1,0,0,100,0,0,598,0,1,8,10,0,0,0,0,6,0.84
308,587,0,0,0,152,21,42,18,14,52,0,27,0,0,1,0,6,601,5,27,667,147,3,1,0,0,100,0,0,0,697,1,0,7,0,0,0,0,6,0.84
309,1910,0,0,0,594,105,142,92,82,138,0,25,0,0,10,6,85,235,248,20,629,559,3,1,0,0,100,0,0,0,0,0,0,433,0,0,0,0,6,0.84
310,3638,154,0,0,998,175,203,148,133,276,0,65,0,0,6,14,76,213,50,24,448,935,3,1,0,1,100,0,0,0,0,1,3,88,0,0,0,3,6,0.84
311,1088,520,0,0,167,25,41,33,25,37,0,288,0,0,5,2,11,1456,50,31,1843,161,3,1,0,0,100,0,0,3697,0,1,0,87,0,0,0,3,6,0.84
312,4219,91,0,0,1035,127,170,147,151,380,0,0,0,0,5,7,39,85,7,24,167,975,3,1,0,0,100,0,0,0,249,1,66,12,0,0,0,3,6,0.84
313,1706,15,0,0,458,66,72,60,66,157,0,1,0,0,3,4,1,19,15,18,61,421,3,1,0,0,100,0,0,0,0,0,39,27,0,0,0,3,6,0.84
314,1864,24,0,0,406,33,62,54,56,193,0,0,0,0,1,2,11,70,2,15,101,398,3,1,0,0,100,0,0,0,0,0,22,3,0,0,0,3,6,0.84
315,2043,31,0,0,431,37,70,44,73,182,0,0,0,0,0,4,5,170,15,19,213,406,3,1,0,0,100,0,0,0,539,1,27,26,0,0,0,3,6,0.84
316,2674,0,0,0,738,85,88,111,107,266,0,14,0,0,0,0,0,422,0,20,456,657,2,3,0,0,100,0,0,0,234,1,0,0,0,0,0,4,6,0.84
317,4096,68,0,0,1140,182,229,139,134,366,0,0,0,0,2313,186,363,1163,35,18,4078,1050,2,3,10.1875,0,100,0,0,333,491,2,36,63,0,0,0,3,6,0.84
318,1273,0,0,0,301,22,65,41,43,116,0,57,0,5,0,0,2,13,0,17,94,287,3,1,0,0,100,0,0,0,0,0,104,0,0,0,0,3,6,0.84
319,1061,73,0,0,258,34,54,36,26,96,0,23,0,1,1,0,0,19,0,22,66,246,3,1,0,0,100,0,0,0,799,1,3,0,0,0,0,3,6,0.84
320,279,27,0,0,72,7,23,9,14,16,0,214,0,9,0,1,0,22,0,21,267,69,3,1,0,0,100,0,0,0,352,1,14,0,0,0,0,3,6,0.84
321,858,0,0,0,269,38,73,36,26,88,0,0,0,0,0,3,0,76,0,8,87,261,3,1,0,0,100,0,0,0,0,0,0,0,0,0,0,0,6,0.84
322,2716,105,0,0,674,70,102,80,69,258,0,89,0,8,2,0,2,177,8,18,304,579,3,1,0,0,100,0,0,0,984,1,72,13,0,0,0,4,6,0.84
323,4090,27,0,0,1083,123,228,168,118,376,0,49,0,0,2,11,11,183,0,31,287,1013,3,1,0,0,100,0,0,0,0,0,44,0,0,0,0,3,6,0.84
324,0,0,0,0,0,0,0,0,0,0,0,16,0,0,0,0,0,0,0,18,34,0,3,1,0,0,100,0,0,0,0,0,0,0,0,0,0,0,6,0.84
325,1248,0,0,0,573,204,135,76,46,50,0,0,0,0,1,2,44,208,76,24,355,511,2,3,3.552632,2.134783,100,0,0,0,351,1,1,134,1,0,0,0,7,0.794952681
326,2471,0,26,0,1053,252,255,195,153,91,0,6,11,1,5,1,449,121,13,12,619,946,2,3,3.782305,2.210199,100,0,0,0,0,0,0,21,1,0,0,0,7,0.794952681
327,40,40,0,0,0,0,0,0,0,0,0,0,0,0,0,0,0,0,0,12,12,0,2,3,8.004935,2.226424,100,0,0,0,0,0,0,0,1,0,0,3,7,0.794952681
328,160,159,0,0,1,1,0,0,0,0,172,117,0,6,303,157,82,602,256,118,1813,1,2,3,4.303906,2.072709,100,0,0,0,0,0,75,444,0,0,0,3,7,0.794952681
329,498,0,0,0,265,98,83,32,15,10,170,33,0,2,47,19,2,57,85,168,583,238,2,3,4.7137,2.175822,100,0,0,0,0,0,0,149,0,0,0,0,7,0.794952681
330,0,0,0,0,0,0,0,0,0,0,0,108,0,13,7,3,0,5,142,23,301,0,2,3,4.207143,2.774519,100,0,0,0,0,0,0,251,0,0,0,0,7,0.794952681
331,31,31,0,0,0,0,0,0,0,0,0,104,0,11,663,227,13,158,148,23,1347,0,3,1,4.207143,3,100,0,0,0,0,0,0,263,0,0,0,3,7,0.794952681
332,27,24,0,0,2,1,1,0,0,0,0,93,0,30,709,270,15,401,67,20,1605,2,3,1,0,0,100,0,0,0,0,0,120,117,0,0,0,3,7,0.794952681
333,342,209,0,0,68,17,15,6,8,6,241,353,0,41,898,1030,370,4047,814,382,8176,52,3,1,4.207143,1.916779,100,0,0,0,0,0,82,1455,0,0,0,3,7,0.794952681
334,1151,0,0,0,629,303,124,60,43,36,166,85,0,5,42,422,11,284,123,110,1248,566,3,1,4.408459,0.919614,100,0,5499,0,0,2,30,216,0,0,0,0,7,0.794952681
335,1472,0,0,0,530,58,72,51,63,152,0,26,0,0,1,0,0,17,7,20,71,396,3,1,4.319552,1.729775,100,0,0,0,0,0,0,14,0,0,0,0,7,0.794952681
336,480,0,0,0,161,23,21,28,23,44,0,40,0,1,4,1,53,281,55,24,459,139,3,1,4.497779,1.584674,100,0,0,0,0,0,19,97,0,0,0,0,7,0.794952681
337,1202,0,0,0,430,108,87,64,48,86,0,12,0,0,0,0,33,76,6,17,144,393,3,1,4.467394,1.325209,100,0,0,0,0,0,0,9,0,0,0,0,7,0.794952681
338,1540,0,0,0,361,36,61,53,61,124,0,12,0,0,0,3,2,29,26,28,100,335,3,1,4.772621,0.741881,100,0,0,0,0,0,0,45,0,0,0,0,7,0.794952681
339,758,0,0,0,190,29,32,17,24,64,0,17,0,0,31,0,122,168,87,23,448,166,3,1,0,0.18,100,0,0,0,0,0,0,154,0,0,0,0,7,0.794952681
340,0,0,0,0,0,0,0,0,0,0,0,0,0,0,0,0,0,42,0,20,62,0,3,1,0,0,100,0,0,0,2551,1,0,0,0,0,0,0,7,0.794952681
341,1393,0,0,0,507,96,132,71,71,83,0,78,0,0,8,7,8,106,37,44,288,453,3,1,2.49353,0,100,0,0,0,0,1,0,65,0,0,0,0,7,0.794952681
342,1842,0,0,0,584,76,133,111,96,140,0,12,0,0,0,1,0,89,10,17,129,556,3,1,2.518007,0,100,0,0,0,0,1,0,16,0,0,0,0,7,0.794952681
343,63,0,0,0,33,7,7,8,2,2,166,114,0,12,13,783,65,670,290,103,2216,26,3,1,0,0.18,100,0,0,0,0,0,0,523,0,0,0,0,7,0.794952681
344,0,0,0,0,0,0,0,0,0,0,0,45,0,4,13,251,79,2673,109,24,3198,0,3,1,2.69402,0,100,0,0,0,263,1,0,193,0,0,0,0,7,0.794952681
345,32,0,0,0,6,0,1,0,1,4,170,166,0,0,6,139,587,809,123,95,2095,6,2,3,2.550016,1.5,100,0,0,0,0,0,0,218,0,0,0,0,7,0.794952681
346,8,0,0,0,2,0,1,0,0,1,181,289,0,0,32,265,0,107,110,113,1097,2,2,3,2.682886,1.5,100,0,0,0,0,0,0,192,0,0,0,0,7,0.794952681
347,0,0,0,0,0,0,0,0,0,0,0,137,0,8,481,232,12,217,78,21,1186,0,3,1,2.93,1.5,100,0,0,0,0,0,0,140,0,0,0,0,7,0.794952681
348,929,0,0,0,347,99,61,48,36,68,0,151,0,8,37,908,66,378,178,21,1747,312,3,1,2.478955,1.5,100,0,0,0,0,0,0,320,0,0,0,0,7,0.794952681
349,228,0,0,0,79,20,7,20,5,19,167,319,0,20,230,820,60,1212,268,94,3190,71,3,1,2,1.5,100,0,0,0,0,0,0,480,0,0,0,0,7,0.794952681
350,20,0,0,0,20,18,1,0,0,0,0,299,0,17,110,777,36,1466,185,17,2907,19,3,1,2,1.5,100,0,0,0,0,0,0,333,0,0,0,0,7,0.794952681
351,1461,1461,0,0,0,0,0,0,0,0,0,125,0,6,4,91,125,1208,172,21,1752,0,3,1,4.508735,1.5,100,0,0,0,0,0,0,298,0,0,0,4,7,0.794952681
352,228,0,0,0,84,19,15,11,13,17,168,41,0,1,34,284,33,333,59,96,1049,75,3,1,4.067166,1.5,100,0,0,0,230,1,0,104,0,0,0,0,7,0.794952681
353,475,0,0,0,157,25,39,25,19,38,167,94,0,5,9,317,86,174,122,98,1072,146,3,1,2.258139,1.5,100,0,0,0,0,0,0,214,0,0,0,0,7,0.794952681
354,1870,7,0,0,415,33,63,57,53,187,0,1,0,0,2,1,162,127,28,27,348,393,3,1,4.99481,0,100,0,0,0,0,0,3,49,0,0,0,3,7,0.794952681
355,2994,11,0,0,837,93,151,149,125,236,168,14,0,7,24,585,199,458,212,108,1775,754,3,1,6.863653,0,100,0,0,872,946,1,523,376,0,0,0,3,7,0.794952681
356,331,0,0,0,126,25,26,18,11,23,0,26,0,5,2630,638,111,419,153,27,4009,103,3,1,8.149883,0,100,0,0,0,0,0,0,273,0,0,0,0,7,0.794952681
357,515,0,0,0,192,40,40,30,28,34,0,0,0,0,20,3,36,74,8,17,158,172,3,1,8.652612,0,100,0,0,0,0,0,3,13,0,0,0,0,7,0.794952681
358,1828,0,0,0,414,47,52,67,57,161,0,14,0,0,34,42,71,463,10,20,654,384,2,3,8.186043,0,100,0,0,0,0,0,21,16,0,0,0,0,7,0.794952681
359,0,0,0,0,0,0,0,0,0,0,1253,2083,0,0,2,1,27,127,154,242,3889,0,3,1,0,0,100,0,0,0,0,0,0,272,0,0,0,0,9,0.906810036
360,398,201,0,0,113,8,26,14,15,7,2881,0,0,0,0,0,16,60,0,264,3221,70,3,1,0,0,100,0,0,0,276,1,176,0,0,0,1,2,9,0.906810036
361,3215,9,0,0,1134,178,347,225,172,171,0,21,0,0,16,8,22,117,3,23,210,1093,3,1,0,0,100,0,0,0,1502,2,15,5,0,0,0,3,9,0.906810036
362,1810,33,0,0,599,73,196,120,74,115,0,605,0,0,3,3,15,154,68,39,887,578,3,1,1.5625,1.81,100,0,0,269,0,2,47,119,0,0,0,3,9,0.906810036
363,706,206,0,0,214,30,62,55,29,12,1979,0,0,0,32,0,22,399,0,237,2669,188,3,1,0,0,100,0,0,0,0,0,204,0,0,0,1,2,9,0.906810036
364,1371,5,0,0,613,120,207,126,49,48,0,0,0,0,1,4,20,227,1,22,275,550,3,1,5,3,100,0,0,0,2848,0,7,1,0,0,0,3,9,0.906810036
365,4660,43,0,0,2261,583,693,347,212,137,0,7,0,0,8,8,39,181,65,29,337,1972,3,1,0,0,100,0,0,0,0,1,70,111,0,0,0,3,9,0.906810036
366,9184,0,0,0,4312,1162,1197,684,473,303,0,77,0,0,3,3,18,232,22,24,379,3819,3,1,0,0,100,0,0,0,0,1,1,38,0,0,0,3,9,0.906810036
367,1656,14,0,0,573,73,198,111,78,87,0,0,0,0,2,1,85,182,99,20,389,547,3,1,0,0,100,0,0,0,0,1,18,175,0,0,0,3,9,0.906810036
368,6377,117,0,0,1626,154,280,244,233,572,0,0,0,0,2,2,30,333,37,16,420,1483,3,1,0,0,100,0,0,0,0,0,96,64,0,0,0,3,9,0.906810036
369,2746,0,0,0,774,14,119,176,203,198,216,0,0,0,8,0,17,831,0,95,1167,710,3,1,0,0,100,0,0,0,0,0,0,0,0,0,1,3,9,0.906810036
370,2387,0,0,0,1229,280,320,171,106,96,0,73,0,0,0,2,1,68,0,19,163,973,3,1,0,0,100,0,0,0,366,1,0,0,0,0,0,0,9,0.906810036
371,929,929,0,0,0,0,0,0,0,0,194,1237,0,17,13,1155,169,302,182,110,3379,0,3,1,0,0,100,0,0,0,0,0,818,321,0,0,0,0,9,0.906810036
372,1045,0,0,0,347,20,77,70,52,75,0,0,0,0,0,2,0,28,0,0,30,294,3,1,0,0,100,0,0,0,0,0,0,0,0,0,0,0,9,0.906810036
373,4095,98,0,0,1242,157,338,206,178,294,0,517,0,0,10,7,140,368,143,26,1211,1173,3,1,0,0,100,0,0,0,0,2,59,257,0,0,0,3,9,0.906810036
374,1002,0,0,0,571,193,182,89,29,12,0,164,0,0,0,1,1,6,0,19,191,505,3,1,0,0.63,100,0,0,0,0,0,0,0,0,0,0,0,10,0.887550201
375,5091,41,0,0,1652,245,481,327,229,303,0,91,0,4,126,509,157,1082,117,34,2120,1585,3,1,2.833333,0,100,0,0,0,985,2,23,205,0,0,0,2,10,0.887550201
376,153,134,0,0,11,0,2,3,0,1,0,0,0,0,0,0,0,12,0,0,12,6,3,1,0,0,100,0,0,0,0,0,126,0,0,0,0,2,10,0.887550201
377,2,2,0,0,0,0,0,0,0,0,0,273,0,9,403,1187,380,1606,361,24,4243,0,3,1,5,3,100,0,0,0,0,0,0,621,0,0,0,3,9,0.906810036
378,8,0,0,0,8,1,2,1,0,0,0,265,0,5,766,1040,432,1077,612,26,4223,4,3,1,5,3,100,0,0,0,0,0,14,1085,0,0,0,0,9,0.906810036
379,3451,0,0,0,989,24,99,177,362,242,0,26,0,0,3,4,7,109,19,21,189,904,3,1,0,0,100,0,0,0,0,0,0,32,0,0,0,0,9,0.906810036
380,85,67,113,6,4,2,0,1,0,1,0,252,50,2,95,128,62,668,186,24,1467,4,3,1,0,0,100,0,0,0,0,0,4,328,0,0,0,3,8,0.850393701
381,7,0,258,36,7,7,0,0,0,0,179,817,123,8,645,1301,1487,1793,1042,114,7509,7,3,1,0,0,100,0,0,0,0,0,0,1778,0,0,0,0,8,0.850393701
382,0,0,708,0,0,0,0,0,0,0,0,644,295,5,467,210,405,2534,275,19,4854,0,3,1,0,1.16,100,0,0,0,0,0,4,485,0,0,0,0,8,0.850393701
383,1,0,0,0,1,1,0,0,0,0,0,25,0,0,74,88,13,151,29,18,398,1,3,1,0,0,100,0,0,0,0,1,0,52,0,0,1,4,8,0.850393701
384,1110,337,0,0,228,8,35,44,55,66,0,127,0,0,43,2,209,104,70,24,579,208,3,1,0,0,100,0,0,0,569,0,254,117,0,0,1,2,8,0.850393701
385,1844,104,0,0,515,22,61,105,161,118,0,23,0,0,26,1,7,275,1,20,353,467,3,1,0,0,100,0,0,977,583,3,1,1,0,0,0,3,8,0.850393701
386,2121,0,0,0,719,35,190,186,157,95,0,196,0,0,0,9,69,120,51,26,471,663,3,1,0,1.16,100,0,0,0,1658,2,0,89,0,0,0,0,9,0.906810036
387,846,0,0,0,374,19,185,130,11,4,308,0,0,0,4,0,1,336,27,140,816,349,3,1,0,0,100,0,0,0,1291,1,0,47,0,0,0,0,9,0.906810036
388,893,0,0,0,266,10,56,51,71,57,0,166,0,0,1,1,2,40,11,23,244,245,3,1,0,0,100,0,0,0,0,0,0,18,0,0,0,0,8,0.850393701
389,4205,0,0,0,1616,177,351,283,330,194,6317,3857,0,8,29,6,145,1062,587,309,12320,1335,3,1,0,0,100,0,0,0,650,2,4,1051,0,0,1,0,8,0.850393701
390,13,0,0,0,9,0,2,3,0,0,0,0,0,0,0,0,0,1,0,16,17,5,3,1,0,0,100,0,0,0,0,1,6,0,0,0,1,0,8,0.850393701
391,575,0,0,0,250,23,118,63,22,7,0,0,0,0,0,0,3,20,0,0,23,233,3,1,0,0,100,0,0,0,0,0,0,0,0,0,1,0,8,0.850393701
392,1226,1120,0,0,36,5,10,9,9,2,4446,0,0,0,7,3,19,1123,0,267,5865,35,3,1,0,0,100,0,0,0,0,0,783,0,0,0,1,2,8,0.850393701
393,408,0,0,0,129,3,25,15,33,29,0,0,0,0,0,269,8,78,0,0,355,105,3,1,0,0,100,0,0,0,0,0,0,0,0,0,0,0,8,0.850393701
394,108,11,0,0,25,2,2,4,4,11,0,2984,0,0,161,292,79,286,717,26,4545,23,3,1,0,0,100,0,0,0,1671,0,0,1285,0,0,0,3,9,0.906810036
395,3118,0,0,0,908,148,173,128,109,267,0,125,0,8,1,3,33,61,132,27,390,825,3,1,0,0.63,100,0,0,0,0,0,0,234,0,0,0,0,10,0.887550201
396,0,0,0,0,0,0,0,0,0,0,0,7,0,0,0,0,0,109,2,19,137,0,3,1,0,1.096866,100,0,0,0,309,0,0,2,0,0,0,0,10,0.887550201
397,15,0,0,0,8,3,3,2,0,0,0,0,0,0,27,12,55,234,0,0,328,8,3,1,0,0.63,100,0,0,0,0,0,0,0,0,0,0,0,8,0.850393701
398,1648,49,0,0,439,17,51,76,175,91,0,0,0,0,137,0,4,130,0,0,271,410,3,1,0,0,100,0,0,0,0,0,222,0,0,0,1,3,8,0.850393701
399,675,0,0,0,210,13,41,39,47,48,0,0,0,0,0,1,2,8,4,9,24,188,3,1,4.125,2,100,0,0,0,0,0,0,6,0,0,0,0,10,0.887550201
400,319,2,0,0,101,19,16,14,10,31,0,18,0,0,2,0,2,38,26,19,105,90,3,1,4.125,2,100,0,0,0,0,0,7,47,0,0,0,3,10,0.887550201
401,1174,4,0,0,339,40,74,57,56,94,0,47,0,1,55,5,83,560,112,25,888,321,3,1,0,3.237169,100,0,0,0,0,0,8,198,0,0,0,3,10,0.887550201
402,406,5,0,0,112,9,27,13,11,46,0,83,0,2,2,29,41,460,155,24,796,106,3,1,0,2.845813,100,0,0,319,0,2,5,281,0,0,0,3,10,0.887550201
403,1363,0,0,0,451,70,113,111,67,74,0,92,0,26,0,5,41,154,86,17,421,435,3,1,0,2.930829,100,0,0,0,0,0,12,154,0,0,0,0,10,0.887550201
404,282,8,0,0,86,11,22,19,3,27,0,0,0,0,0,0,2,6,0,16,24,82,3,1,4.125,2,100,0,0,0,440,1,15,0,0,0,0,3,10,0.887550201
405,4575,0,0,0,1644,251,487,300,238,267,0,71,0,0,5,26,33,197,36,35,403,1543,3,1,0,0,100,0,0,0,1082,1,15,57,0,0,0,0,10,0.887550201
406,4070,6,0,0,1834,315,570,304,182,172,0,31,0,1,2,2,8,344,35,18,441,1543,3,1,0,0,100,0,0,0,0,0,4,63,1,0,0,3,10,0.887550201
407,4248,0,0,0,2522,857,753,272,132,101,0,24,0,0,51,120,90,518,8,18,829,2115,3,1,4.125,2,100,0,0,280,0,1,0,14,1,0,0,0,10,0.887550201
408,1153,0,0,0,669,273,207,77,42,13,0,24,0,0,0,0,0,58,38,16,136,612,3,1,4.125,2,100,0,0,0,600,1,0,66,1,0,0,0,10,0.887550201
409,1781,0,0,0,683,141,175,110,88,95,0,19,0,1,9,11,134,218,74,29,495,609,3,1,4.125,2,100,0,0,0,0,0,0,130,1,0,0,0,10,0.887550201
410,950,9,0,0,268,42,58,35,40,81,0,7,0,0,0,3,9,68,72,16,175,256,3,1,0,0,100,0,0,0,0,0,9,127,1,0,0,3,10,0.887550201
411,453,25,0,0,172,43,41,30,21,21,171,51,0,5,13,87,82,1031,378,159,1977,156,3,1,0,0,100,0,0,0,0,0,0,676,1,0,0,3,10,0.887550201
412,0,0,0,41,0,0,0,0,0,0,0,27,18,3,11,0,87,206,210,21,583,0,3,1,4.125,2,100,0,0,0,0,0,0,406,1,0,0,0,10,0.887550201
413,91,0,0,0,25,2,6,3,4,8,0,145,0,2,83,10,520,2959,1212,16,4947,23,3,1,4.125,2,100,0,0,0,0,0,1,2164,0,0,0,0,10,0.887550201
414,3116,0,0,0,1081,120,376,225,160,154,0,0,0,0,2,15,29,110,0,10,166,1035,3,1,0,0,100,0,0,0,0,0,0,0,0,0,0,0,10,0.887550201
415,1179,0,0,0,418,31,156,105,56,55,0,0,0,0,0,3,3,54,0,8,68,403,3,1,0,0,100,0,0,0,0,0,0,0,0,0,0,0,10,0.887550201
416,2261,0,0,0,891,129,308,178,124,84,0,91,0,0,12,18,9,90,21,21,262,823,3,1,0,0,100,0,0,0,0,0,0,37,0,0,0,0,10,0.887550201
417,9,9,0,0,0,0,0,0,0,0,0,199,0,0,0,0,0,53,0,25,277,0,3,1,0,0,100,0,0,0,1876,0,0,0,0,0,0,4,10,0.887550201
418,2171,6,0,0,784,102,288,165,116,93,0,0,0,0,37,11,8,45,0,0,101,764,3,1,0,0,100,0,0,0,0,0,12,0,0,0,0,3,10,0.887550201
419,288,0,0,0,108,16,47,17,17,9,0,1,0,0,0,0,0,71,13,17,102,106,3,1,0,0,100,0,0,0,0,0,0,23,0,0,0,0,10,0.887550201
420,910,0,0,0,289,38,71,60,47,63,0,0,0,0,2,2,4,13,0,9,30,279,3,1,0,0,100,0,0,0,0,0,8,0,0,0,0,0,10,0.887550201
421,5046,23,0,0,1831,266,495,348,280,262,0,0,0,0,3,6,12,102,0,16,139,1651,3,1,0,0,100,0,0,0,550,1,19,0,0,0,0,3,10,0.887550201
422,1592,0,0,0,527,80,148,109,78,93,0,0,0,0,0,3,6,82,0,0,91,508,3,1,0,0,100,0,0,0,0,0,9,0,0,0,0,0,10,0.887550201
423,1174,7,0,0,375,60,107,65,54,73,0,0,0,0,10,16,30,132,0,12,200,359,3,1,0,1.5,100,0,0,0,0,0,1,0,0,0,0,2,10,0.887550201
424,944,179,0,0,276,66,70,40,43,47,0,7,0,0,13,11,195,562,260,24,1072,266,3,1,0,1.5,100,0,0,0,0,0,14,463,0,0,0,2,10,0.887550201
425,479,0,0,0,141,22,32,20,17,41,0,2,0,0,135,1,42,485,165,21,851,132,3,1,0,0,100,0,0,0,0,0,0,293,0,0,0,0,10,0.887550201
426,3,0,0,0,8,1,1,0,0,0,168,12,0,0,2,185,118,227,127,101,940,2,3,1,0,0,100,0,0,0,535,0,0,230,0,0,0,0,10,0.887550201
427,161,0,0,0,63,12,13,9,5,12,0,9,0,0,58,3,43,538,116,20,787,51,3,1,0,0,100,0,0,0,0,1,0,209,0,0,0,0,10,0.887550201
428,0,0,0,0,0,0,0,0,0,0,0,1,0,0,0,0,0,3,0,0,4,0,3,1,0,0,100,0,0,0,0,0,0,0,0,0,0,0,10,0.887550201
429,450,28,0,0,128,20,27,17,15,44,0,155,0,0,247,2,14,30,66,25,539,123,3,1,0,0,100,0,0,0,0,0,10,115,0,0,0,3,10,0.887550201
430,680,119,0,0,338,195,49,15,20,26,0,133,0,0,12,4,108,446,177,27,907,305,3,1,0,1.5,100,0,0,0,0,0,76,315,0,0,0,4,10,0.887550201
431,638,0,0,0,241,57,54,29,36,45,188,88,0,0,1,4,11,77,116,204,689,221,3,1,0,0,100,0,0,0,0,0,0,205,0,0,0,0,10,0.887550201
432,5167,3241,0,0,637,30,158,136,174,91,0,13,0,0,5,11,4,80,0,15,128,589,3,1,0,0,100,0,0,0,424,1,1720,0,0,0,1,2,10,0.887550201
433,3562,10,0,0,1536,486,338,215,146,190,0,142,0,1,72,4,22,394,457,245,1337,1375,3,1,0,0,100,0,0,0,588,1,0,787,0,0,0,3,10,0.887550201
434,1023,6,0,0,347,41,88,67,54,68,0,0,0,0,0,1,1,9,0,0,11,318,3,1,0,0,100,0,0,0,0,0,0,0,0,0,0,4,10,0.887550201
435,2690,9,0,0,869,111,258,172,128,166,0,47,0,0,4,20,13,209,8,23,324,835,3,1,0,0,100,0,0,335,1398,3,7,13,0,0,0,3,10,0.887550201
436,2468,5,0,0,828,86,283,162,112,156,0,89,0,0,2,4,28,61,0,20,204,799,3,1,0,0,100,0,0,0,0,2,0,0,0,0,0,4,10,0.887550201
437,4767,45,0,0,1512,180,464,303,211,300,0,0,0,8,4,8,20,180,11,18,249,1458,3,1,0,0,100,0,0,0,831,1,43,18,0,0,0,3,10,0.887550201
438,35,0,0,0,12,1,5,1,0,4,701,260,0,6,76,397,73,508,75,209,2305,11,3,1,0,0,100,0,0,0,0,0,0,132,0,0,0,0,10,0.887550201
439,6867,7,0,0,2114,233,634,411,296,463,0,37,0,8,6,7,23,125,23,18,247,2037,3,1,0,0,100,0,0,0,686,2,15,40,0,0,0,3,10,0.887550201
440,566,9,0,0,231,49,61,48,24,29,0,0,0,0,0,1,0,39,0,40,80,211,3,1,0,0,100,0,8266,0,0,6,0,0,0,0,0,2,14,0.928057554
441,5471,142,0,0,1214,99,229,170,144,523,0,61,0,0,5,6,12,40,12,36,172,1165,3,1,0,0,100,0,0,0,0,0,123,20,0,0,0,3,14,0.928057554
442,2201,22,0,0,498,56,92,68,51,212,0,30,0,0,4,112,8,32,6,26,218,479,3,1,0,0,100,0,0,0,2477,0,29,10,0,0,0,3,14,0.928057554
443,64,0,0,0,16,0,1,4,4,6,0,356,0,4,7,4,0,45,5,19,440,15,3,1,0,0,100,0,0,0,0,0,0,0,0,0,1,0,14,0.928057554
444,712,0,0,0,139,12,14,17,18,75,0,32,0,2,4,0,2,185,13,28,266,136,3,1,1,0,100,0,0,575,0,1,2,22,0,0,0,0,14,0.928057554
445,340,9,0,0,77,6,12,2,10,37,0,21,0,1,0,0,43,99,46,22,232,67,3,1,1,0,100,0,0,0,0,0,5,81,0,0,0,3,14,0.928057554
446,1422,15,0,0,365,65,63,49,63,113,0,49,0,9,7,25,7,571,75,21,764,353,3,1,1,0,100,0,0,0,0,0,17,132,0,0,0,3,14,0.928057554
447,1969,11,0,0,835,303,188,85,58,122,0,129,0,10,11,10,104,614,169,24,1071,756,3,1,1,0,100,0,0,0,500,0,0,298,0,0,0,3,14,0.928057554
448,1148,47,0,0,265,25,35,40,34,122,0,5,0,0,4,12,6,32,7,18,84,256,3,1,1,0,100,0,0,0,1358,0,36,11,0,0,0,3,14,0.928057554
449,2344,120,0,0,510,50,71,76,77,218,0,17,0,0,1,5,9,138,36,29,235,492,3,1,0,0,100,0,0,144,425,2,93,64,0,0,0,3,14,0.928057554
450,3326,78,0,0,712,86,104,89,91,321,0,0,0,0,1,1,8,49,0,15,74,691,3,1,0,0,100,0,0,0,0,0,146,0,0,0,0,3,14,0.928057554
451,3105,155,0,0,751,86,108,119,132,259,33,48,0,0,8,251,100,573,18,127,1158,704,3,1,0,0,100,0,0,0,0,0,174,27,0,0,0,3,14,0.928057554
452,1332,19,0,0,323,29,80,46,36,121,0,2,0,0,1,2,9,37,1,18,70,312,3,1,0,0,100,0,0,0,0,0,21,0,0,0,0,3,14,0.928057554
453,1334,17,0,0,350,33,49,49,52,125,0,0,0,0,0,0,2,16,0,24,42,308,3,1,0,0,100,0,0,0,1007,1,17,0,0,0,0,3,14,0.928057554
454,2807,49,0,0,817,89,141,127,128,264,0,30,0,12,3,193,87,222,152,15,714,749,3,1,0,0,100,0,0,0,1748,1,42,268,0,0,0,3,14,0.928057554
455,144,0,0,0,32,1,2,8,6,14,0,59,0,22,12,744,129,398,254,13,1631,31,3,1,0,0,100,0,0,0,0,0,0,448,0,0,0,0,14,0.928057554
456,2228,0,0,0,596,59,93,95,116,174,0,40,0,0,9,0,159,653,346,30,1237,537,3,1,0,0,100,0,0,0,0,1,0,620,0,0,0,0,14,0.928057554
457,2952,156,0,0,831,93,153,125,130,254,0,33,0,2,1,2,115,308,126,32,619,755,3,1,0,0,100,0,0,0,0,0,23,193,0,0,0,3,14,0.928057554
458,2281,70,0,0,511,45,96,73,65,214,0,0,0,0,0,2,6,42,12,21,83,493,3,1,0,0,100,0,0,0,0,0,30,21,0,0,0,3,14,0.928057554
459,1734,0,0,0,370,28,68,48,48,165,0,0,0,0,0,1,7,18,0,25,51,357,3,1,0,0,100,0,0,0,830,1,25,0,0,0,0,0,14,0.928057554
460,2269,0,0,0,930,185,255,176,164,75,0,0,0,0,4,70,49,311,0,45,479,855,3,1,0,0,100,0,0,0,0,0,0,0,0,0,0,3,14,0.928057554
461,1700,0,0,0,672,108,233,116,111,61,0,17,0,0,3,8,6,253,325,212,824,629,3,1,0,0,100,0,0,0,0,0,0,572,0,0,0,0,14,0.928057554
462,1637,0,0,0,660,126,192,123,115,58,0,56,0,0,0,9,48,318,741,82,1254,614,3,1,0,0,100,0,0,0,0,0,0,1321,0,0,0,0,14,0.928057554
463,1762,0,0,0,773,173,255,155,95,45,0,3,0,0,4,9,20,128,44,34,242,723,3,1,0,0,100,0,0,0,0,0,0,81,0,0,0,0,14,0.928057554
464,2488,45,0,0,601,49,107,95,87,242,0,0,0,0,3,0,20,30,0,14,67,580,3,1,0,0,100,0,0,0,0,1,44,0,0,0,0,3,15,0.826086957
465,1552,8,0,0,579,92,178,114,100,62,0,5,0,0,2,2,7,63,0,17,96,546,3,1,0,0,100,0,0,0,0,0,5,0,0,0,0,3,15,0.826086957
466,2118,0,0,0,838,140,227,176,136,89,0,1,0,0,3,3,7,55,0,14,83,768,3,1,2.5,0,100,0,0,0,0,0,0,0,0,0,0,0,15,0.826086957
467,3860,0,0,0,1663,425,436,286,222,152,0,3,0,0,17,4,90,496,49,24,683,1521,3,1,0,0,100,0,0,0,813,1,0,87,0,0,0,0,15,0.826086957
468,33,0,0,0,13,1,6,2,2,1,0,85,0,4,33,278,215,678,93,28,1414,12,3,1,2.5,0,100,0,0,0,0,0,211,162,0,0,0,0,15,0.826086957
469,1285,0,0,0,532,97,156,100,78,52,0,91,0,0,146,653,22,729,127,12,1780,483,3,1,2.5,0,100,0,0,0,0,0,0,224,0,0,0,0,15,0.826086957
470,0,0,0,0,0,0,0,0,0,0,0,0,0,0,0,0,0,0,0,0,0,0,3,1,2.5,0,100,0,0,0,0,0,0,0,0,0,0,0,15,0.826086957
471,0,0,0,0,0,0,0,0,0,0,0,0,0,0,0,0,0,0,0,0,0,0,3,1,0,0,100,0,0,0,0,0,0,0,0,0,0,0,15,0.826086957
472,0,0,0,0,0,0,0,0,0,0,0,2,0,0,0,0,0,0,0,0,2,0,3,1,0,0,100,0,0,0,0,0,0,0,0,0,0,0,15,0.826086957
473,1,0,0,0,1,1,0,0,0,0,0,1,0,0,0,0,0,8,0,0,9,1,3,1,0,0,100,0,0,0,0,0,0,0,0,0,0,0,15,0.826086957
474,276,276,0,0,0,0,0,0,0,0,0,0,0,0,0,0,0,0,0,0,0,0,3,1,0,0,100,0,0,0,0,0,0,0,0,0,0,3,15,0.826086957
475,0,0,0,0,0,0,0,0,0,0,31,12,0,0,0,0,0,0,10,240,293,0,3,1,0,0,100,0,0,0,0,0,0,16,0,0,0,3,15,0.826086957
476,0,0,0,0,0,0,0,0,0,0,0,1,0,0,0,0,0,6,3,2,12,0,3,1,0,0,100,0,0,0,0,0,0,0,0,0,0,3,15,0.826086957
477,0,0,0,0,0,0,0,0,0,0,0,0,0,0,0,0,0,0,116,159,275,0,3,1,0,0,100,0,0,0,0,0,0,204,0,0,0,3,15,0.826086957
478,0,0,0,0,0,0,0,0,0,0,31,0,0,0,0,0,0,0,0,56,87,0,3,1,0,0,100,0,0,0,0,0,0,0,0,0,0,3,15,0.826086957
479,0,0,0,0,0,0,0,0,0,0,44,0,0,0,0,0,0,0,5,136,185,0,3,1,0,0,100,0,0,0,0,0,0,8,0,0,0,3,15,0.826086957
480,0,0,0,0,0,0,0,0,0,0,25,0,0,0,0,0,0,0,8,28,61,0,3,1,0,0,100,0,0,0,0,0,0,13,0,0,0,3,15,0.826086957
481,0,0,0,0,0,0,0,0,0,0,0,0,0,0,0,0,0,0,0,0,0,0,3,1,0,0,100,0,0,0,0,0,0,0,0,0,0,0,16,0.966666667
482,1044,0,0,0,362,27,120,79,52,61,0,14,0,8,4,2,2,29,8,24,91,339,3,1,0,0,100,0,0,0,0,0,0,13,0,0,0,0,16,0.966666667
483,2024,0,0,0,684,72,228,154,111,105,0,0,0,0,4,3,14,69,0,0,90,670,3,1,0,0,100,0,0,0,0,0,0,0,0,0,0,0,16,0.966666667
484,2656,0,0,0,895,75,277,188,169,147,0,5,0,4,2,13,16,121,143,19,323,856,3,1,0,0,100,0,0,0,0,0,0,256,0,0,0,0,16,0.966666667
485,2563,0,0,0,983,152,312,174,139,125,0,7,0,0,5,4,17,55,25,27,140,902,3,1,0,0,100,0,0,0,0,0,0,43,0,0,0,0,16,0.966666667
486,1061,0,0,0,376,35,99,84,60,64,0,0,0,0,4,2,14,33,0,21,74,342,3,1,0,0,100,0,0,0,653,1,0,0,0,0,0,0,16,0.966666667
487,1700,0,0,0,565,43,158,144,100,95,0,0,0,0,5,1,2,225,8,26,267,540,3,1,0,0,100,0,0,705,0,1,0,14,0,0,0,0,16,0.966666667
488,2040,0,0,0,774,116,200,165,120,95,0,0,0,0,2,2,8,56,0,16,84,696,3,1,0,0,100,0,0,0,0,0,0,0,0,0,0,0,16,0.966666667
489,1510,0,0,0,501,43,151,123,100,76,0,0,0,0,3,15,6,25,0,0,49,493,3,1,0,0,100,0,0,0,0,0,0,0,0,0,0,0,16,0.966666667
490,777,0,0,0,266,32,70,64,51,40,0,31,0,0,78,13,143,1073,473,30,1841,257,3,1,0,0,100,0,0,0,0,0,0,835,0,0,0,0,16,0.966666667
491,882,0,0,0,307,32,80,78,50,48,0,1,0,0,0,2,4,50,0,17,74,288,3,1,0,0,100,0,0,0,0,0,0,0,0,0,0,0,16,0.966666667
492,2774,0,0,0,997,151,300,216,156,141,0,0,0,0,6,5,8,87,0,11,117,964,3,1,0,0,100,0,0,0,0,0,0,0,0,0,0,0,16,0.966666667
493,9988,0,0,0,3777,651,940,728,774,414,0,5,0,0,6,51,84,591,13,136,886,3507,3,1,0,0,100,0,0,0,831,1,1,16,0,0,0,0,16,0.966666667
494,9613,0,0,0,3040,356,769,647,761,445,0,1,0,0,12,28,7,219,10,264,541,2978,3,1,0,0,100,0,0,0,2746,0,0,16,0,0,0,0,16,0.966666667
495,1504,0,0,0,735,167,259,124,76,28,43,40,0,0,955,138,122,448,67,285,2098,654,3,1,0,0,100,0,0,0,0,0,0,117,0,0,0,0,16,0.966666667
496,2557,0,0,0,1225,337,329,177,106,91,0,0,0,0,0,1,0,97,0,9,107,1040,3,1,0,0,100,0,0,0,0,0,5,0,0,0,0,0,16,0.966666667
497,1217,0,0,0,364,42,94,67,49,99,0,0,0,0,1,3,10,36,0,11,61,351,3,1,0,0,100,0,0,0,0,0,10,0,0,0,0,0,16,0.966666667
498,812,0,0,0,260,21,62,56,58,50,0,0,0,0,1,0,3,24,0,0,28,247,3,1,0,0,100,0,0,0,0,0,0,0,0,0,0,0,16,0.966666667
499,673,0,0,0,254,47,52,41,30,51,0,1,0,0,0,0,0,6,13,18,38,221,3,1,0,0,100,0,0,0,0,0,0,22,0,0,0,0,16,0.966666667
500,1436,0,0,0,561,43,119,104,78,94,0,5,0,0,0,8,27,45,0,22,107,438,3,1,0,0,100,0,0,0,680,1,0,0,0,0,0,0,16,0.966666667
501,748,0,0,0,333,37,71,50,56,37,0,30,0,0,4,1,222,576,295,7,1135,251,3,1,0,0,100,0,0,20,0,1,1,524,0,0,0,0,16,0.966666667
502,662,0,0,0,223,22,67,49,32,38,0,0,0,0,7,5,16,37,0,11,76,208,3,1,0,0,100,0,0,0,0,1,0,0,0,0,0,0,16,0.966666667
503,1114,0,0,0,392,61,109,64,59,75,0,0,0,0,0,38,2,33,0,26,99,368,3,1,0,0,100,0,0,0,2995,1,0,0,0,0,0,0,16,0.966666667
504,1485,0,0,0,606,92,177,106,83,69,0,0,0,0,0,19,7,25,0,11,62,527,3,1,0,0,100,0,0,0,0,0,0,0,0,0,0,0,16,0.966666667
505,1259,0,0,0,430,53,126,74,72,81,0,0,0,1,3,2,7,324,4,22,363,406,3,1,0,0,100,0,0,0,0,0,1,7,0,0,0,0,16,0.966666667
506,999,0,0,0,456,111,154,77,39,32,0,0,0,6,3,1,3,147,54,17,231,413,3,1,0,0,100,0,0,0,0,0,0,96,0,0,0,0,16,0.966666667
507,771,0,0,0,268,12,81,81,33,37,0,0,0,0,2,0,4,47,0,0,53,244,3,1,0,0,100,0,0,0,0,0,0,0,0,0,0,0,16,0.966666667
508,127,0,0,0,73,12,33,11,4,0,0,0,0,0,6,0,10,124,0,0,140,60,3,1,0,0,100,0,0,0,567,0,0,0,0,0,0,0,16,0.966666667
509,263,30,0,0,85,7,28,20,15,9,1785,0,0,0,0,1,0,11,0,43,1840,79,3,1,0,0,100,0,0,0,819,1,239,0,0,0,1,2,16,0.966666667
510,444,0,0,0,167,21,64,33,14,23,0,0,0,0,1,0,0,16,0,0,17,155,3,1,0,0,100,0,0,0,0,0,0,0,0,0,0,0,16,0.966666667
511,0,0,0,0,0,0,0,0,0,0,4814,0,0,0,0,68,0,0,0,22,4904,0,3,1,0,0,100,0,0,0,0,0,0,0,0,0,1,0,16,0.966666667
512,0,0,0,0,0,0,0,0,0,0,0,1086,0,0,0,0,0,0,33,24,1143,0,3,1,0,0,100,0,0,0,0,0,0,58,0,0,1,3,16,0.966666667
513,2937,3,0,0,960,160,237,164,144,194,0,17,0,0,1,6,15,86,18,22,165,899,3,1,0,0,100,0,0,227,405,2,10,31,0,0,0,3,17,0.98540146
514,2832,15,0,0,889,136,235,147,141,197,0,0,0,0,6,4,15,67,0,16,108,856,3,1,0,0,100,0,0,0,0,0,10,0,0,0,0,3,17,0.98540146
515,424,0,0,0,150,33,36,24,13,39,0,18,0,0,0,1,0,7,27,24,77,145,3,1,0,0,100,0,0,0,490,1,0,47,0,0,0,3,17,0.98540146
516,1540,0,0,0,574,119,163,94,84,94,0,65,0,0,2,4,13,86,6,31,207,554,3,1,0,0,100,0,0,235,2698,5,5,9,0,0,0,0,17,0.98540146
517,1522,1,0,0,567,162,135,67,64,106,0,73,0,2,4,2,51,322,105,30,589,534,3,1,0,0,100,0,0,0,0,0,6,189,0,0,0,3,17,0.98540146
518,657,13,0,0,313,112,71,20,26,43,0,71,0,2,9,9,22,232,65,30,440,272,3,1,0,0,100,0,0,0,0,0,8,117,0,0,0,3,17,0.98540146
519,1588,109,0,0,547,111,116,81,65,108,0,298,0,8,54,72,111,1122,182,108,1955,481,3,1,0,0,100,0,0,0,0,0,62,316,0,0,0,3,17,0.98540146
520,906,5,0,0,307,49,77,45,37,66,0,177,0,7,9,4,2,41,62,39,341,274,3,1,0,0,100,0,0,150,0,1,4,109,0,0,0,3,17,0.98540146
521,970,15,0,0,366,78,91,50,41,67,0,107,0,3,3,3,39,300,70,35,560,327,3,1,0,0,100,0,0,0,0,0,15,123,1,0,0,3,17,0.98540146
522,1497,0,0,0,531,105,123,63,74,110,0,24,0,1,0,2,4,115,45,30,221,475,3,1,0,0,100,0,0,0,0,0,0,84,1,0,0,0,17,0.98540146
523,1390,8,0,0,566,146,115,69,53,96,0,38,0,1,0,2,1,24,13,37,116,479,3,1,0,0,100,0,0,0,0,0,15,23,1,0,0,4,17,0.98540146
524,926,0,0,0,343,69,114,48,29,64,0,29,0,1,0,4,6,39,13,29,121,324,3,1,0,0,100,0,0,0,429,1,1,22,1,0,0,3,17,0.98540146
525,477,0,0,0,274,117,87,35,9,7,0,9,0,0,2,0,12,49,22,34,128,255,3,1,0,0,100,0,0,0,0,0,0,39,1,0,0,0,17,0.98540146
526,3970,251,0,0,970,99,192,133,156,326,0,18,0,122,5,11,24,136,9,19,344,906,3,1,0,0,100,0,0,0,593,0,86,11,0,0,0,2,17,0.98540146
527,0,0,0,0,0,0,0,0,0,0,0,0,0,39,0,0,0,0,0,6,45,0,3,1,0,0,100,0,0,0,0,0,0,0,0,0,0,0,17,0.98540146
528,1101,0,0,0,264,8,39,53,45,111,0,0,0,20,0,2,6,15,0,9,52,256,3,1,0,0,100,0,0,0,0,0,4,0,0,0,0,0,17,0.98540146
529,0,0,0,0,0,0,0,0,0,0,0,0,0,0,0,0,0,0,0,0,0,0,3,1,0,0,100,0,0,0,0,0,0,0,0,0,0,0,17,0.98540146
530,237,0,0,0,65,7,10,15,10,21,0,3,0,1,1,2,2,56,0,5,70,63,3,1,0,0,100,0,0,0,0,0,0,0,0,0,0,0,17,0.98540146
531,0,0,0,0,0,0,0,0,0,0,0,0,0,0,0,0,0,0,0,0,0,0,3,1,0,0,100,0,0,0,0,0,0,0,0,0,0,0,17,0.98540146
532,0,0,0,0,0,0,0,0,0,0,0,0,0,4,0,0,0,0,0,10,14,0,3,1,0,0,100,0,0,0,0,0,0,0,0,0,0,0,17,0.98540146
533,2912,921,0,0,826,79,259,142,69,120,0,0,0,0,0,1,9,28,0,20,58,669,3,1,0,0,100,0,0,0,957,1,628,0,0,0,1,2,17,0.98540146
534,1308,0,0,0,408,25,112,79,91,87,0,2547,0,4,57,1,1,207,441,9,3267,394,3,1,0,0,100,0,0,0,0,0,6,794,0,0,1,2,17,0.98540146
535,3376,2522,0,0,239,5,25,59,84,49,2047,0,0,0,49,1,3,3,28,48,2179,222,3,1,0,0,100,0,0,0,0,0,1655,49,1,0,1,2,17,0.98540146
536,4314,0,0,0,1231,61,200,256,355,281,1107,0,0,0,3,5,8,28,25,37,1213,1153,3,1,0,0,100,0,0,0,1026,0,1,43,0,0,1,2,17,0.98540146
537,0,0,192,0,0,0,0,0,0,0,258,31,80,0,0,0,0,0,1,32,402,0,3,1,0,0,100,0,0,0,0,0,0,0,0,0,1,0,17,0.98540146
538,4869,123,0,0,1316,60,165,299,447,282,3089,17,0,0,21,4,661,455,16,45,4308,1253,3,1,0,0,100,0,0,0,0,1,408,28,0,0,1,2,17,0.98540146
539,499,0,0,0,119,8,20,15,29,44,47,54,0,250,0,1,2,4,100,0,458,116,3,1,0,0,100,0,0,0,0,0,15,176,0,0,0,0,17,0.98540146
540,0,0,0,0,0,0,0,0,0,0,0,0,0,0,0,0,7,44,16,16,83,0,3,1,0,0,100,0,0,0,0,0,0,28,0,0,0,0,16,0.966666667
541,3543,0,0,0,1011,65,255,211,248,196,52,6,0,0,10,24,12,86,72,243,505,975,3,1,0,0,100,0,0,0,0,0,0,116,0,0,0,0,14,0.928057554
542,3616,0,0,0,1205,184,304,220,177,220,0,0,0,0,9,29,28,417,305,81,869,1105,3,1,0,0,100,0,0,0,0,0,1,537,0,0,0,0,14,0.928057554
543,3923,0,0,0,1046,67,207,203,195,334,0,0,0,0,8,9,13,222,4,26,282,1006,3,1,0,0,100,0,0,0,0,0,3,7,0,0,0,0,14,0.928057554
544,3403,0,0,0,954,74,192,173,160,299,0,1,0,0,22,13,8,217,66,61,388,898,3,1,0,0,100,0,0,0,932,1,3,111,0,0,0,0,14,0.928057554
545,0,0,0,0,0,0,0,0,0,0,0,0,0,0,0,0,0,0,0,0,0,0,3,1,0,0,100,0,0,0,0,0,0,0,0,0,0,0,11,0.97826087
546,0,0,0,0,0,0,0,0,0,0,0,4,0,0,1,1,0,14,4,108,132,0,3,1,0,0,100,0,0,0,0,0,0,0,0,0,0,0,11,0.97826087
547,438,83,0,0,108,24,20,14,17,27,0,12,0,0,10,0,0,1762,0,57,1841,102,3,1,0,0,100,0,0,0,0,0,111,0,0,0,0,4,11,0.97826087
548,2057,5,0,0,594,37,151,118,108,167,0,19,0,0,21,5,8,71,6,29,159,581,3,1,0,0,100,0,0,0,0,0,4,10,0,0,0,3,11,0.97826087
549,26,0,0,0,7,0,2,0,3,2,0,21,0,0,0,1,1,25,1,36,85,7,3,1,0,0,100,0,0,0,0,0,0,0,0,0,0,0,11,0.97826087
550,3142,0,0,0,891,97,207,158,175,228,0,2,0,0,4,51,11,44,0,16,128,865,3,1,0,0,100,0,0,0,0,0,3,0,0,0,0,0,11,0.97826087
551,4863,0,0,0,1527,197,313,253,277,383,0,16,0,0,2,17,17,124,0,106,282,1423,3,1,0,0,100,0,0,0,1485,0,0,0,0,0,0,0,11,0.97826087
552,6435,0,0,0,2541,526,692,458,344,322,0,0,0,0,9,8,17,279,0,16,329,2342,3,1,0,0,100,0,0,0,0,0,0,0,0,0,0,0,11,0.97826087
553,1188,0,0,0,345,23,72,59,92,87,0,28,0,9,9,11,7,37,19,55,175,333,3,1,0,0,100,0,0,0,0,0,0,32,0,0,0,0,11,0.97826087
554,3791,0,0,0,1344,207,359,255,218,215,0,1,0,1,8,12,40,444,45,42,593,1254,3,1,0,0,100,0,0,0,0,0,0,78,0,0,0,0,11,0.97826087
555,6405,0,0,0,1715,92,358,335,409,488,0,34,0,6,13,11,26,137,31,353,611,1682,3,1,0,0,100,0,0,0,0,0,0,48,0,0,0,0,11,0.97826087
556,2776,44,0,0,647,36,128,103,86,271,0,27,0,2,6,4,16,134,5,22,216,624,3,1,0,0,100,0,0,0,0,1,30,8,0,0,0,3,11,0.97826087
557,3287,27,0,0,714,29,122,81,103,360,0,55,0,0,2,4,7,56,1,30,155,695,3,1,0,0,100,0,0,0,0,0,26,1,0,0,0,3,11,0.97826087
558,2807,0,0,0,648,46,104,87,83,287,0,108,0,0,1,4,6,97,28,25,269,607,3,1,0,0,100,0,0,305,4850,5,5,49,0,0,0,0,11,0.97826087
559,473,7,0,0,117,14,19,17,16,50,0,29,0,1,3,1,1,150,39,20,244,116,3,1,0,0,100,0,0,0,0,0,0,69,0,0,0,3,11,0.97826087
560,453,0,0,0,128,9,22,22,28,43,0,0,0,0,12,109,16,206,0,0,343,124,3,1,0,0,100,0,0,0,0,0,46,0,0,0,0,0,11,0.97826087
561,4172,0,0,0,1317,177,302,286,272,245,0,0,0,0,1,6,17,78,0,24,126,1282,3,1,0,0,100,0,0,0,771,1,0,0,0,0,0,0,11,0.97826087
562,1646,0,0,0,502,60,119,88,80,137,0,1,0,0,3,3,8,24,3,16,58,484,3,1,0,0,100,0,0,0,0,0,1,5,1,0,0,0,11,0.97826087
563,3822,29,0,0,1039,123,229,179,134,338,0,48,0,0,4,9,57,403,180,17,718,1003,3,1,0,0,100,0,0,0,504,1,26,308,1,0,0,3,11,0.97826087
564,8602,0,0,0,2907,383,811,578,504,459,0,0,0,0,4,33,39,221,1,368,666,2735,3,1,0,0,100,0,0,0,849,0,0,1,0,0,0,0,11,0.97826087
565,981,8,26,1014,274,22,65,51,56,72,0,21,433,1,3,4,28,273,12,133,908,266,3,1,0,0,100,0,0,0,0,0,0,0,0,0,0,3,11,0.97826087
566,444,0,0,0,133,10,25,24,35,28,0,0,0,0,0,0,11,37,0,43,91,122,3,1,0,0,100,0,0,0,776,0,0,0,0,0,0,0,11,0.97826087
567,386,0,0,0,139,12,54,25,16,22,0,0,0,0,0,0,13,50,0,42,105,129,3,1,0,0,100,0,0,0,0,0,0,0,0,0,0,0,11,0.97826087
568,2802,6,0,0,755,122,129,104,94,270,0,8,0,2,6,0,13,114,8,116,267,719,3,1,0,0,100,0,0,0,0,1,3,0,0,0,0,3,11,0.97826087
569,2943,4,0,0,731,51,94,123,136,294,0,52,0,4,12,9,39,221,6,97,440,698,3,1,0,0,100,0,0,170,1062,2,0,4,0,0,0,4,11,0.97826087
570,169,0,0,0,46,8,11,4,11,12,0,0,0,0,0,0,0,6,0,12,18,46,3,1,0,0,100,0,0,0,0,0,0,0,0,0,0,0,11,0.97826087
571,1234,0,0,0,390,53,109,67,72,78,39,0,0,0,14,3,37,22,0,0,115,379,3,1,0,0,100,0,0,0,0,0,0,0,0,0,1,0,12,0.853503185
572,3,0,0,0,1,0,0,1,0,0,39,0,0,0,4,0,3,16,0,0,62,1,3,1,0,0,100,0,0,0,0,0,0,0,0,0,1,0,12,0.853503185
573,44,0,0,0,15,1,7,3,2,2,157,0,0,0,20,2,31,26,0,0,236,15,3,1,0,0,100,0,0,0,0,0,0,0,0,0,1,0,12,0.853503185
574,962,645,0,0,132,34,41,23,11,15,157,0,0,0,10,12,30,99,0,0,308,124,3,1,0,0,100,0,0,0,556,1,0,0,0,0,1,3,12,0.853503185
575,0,0,0,0,0,0,0,0,0,0,0,168,0,1,365,999,107,396,173,18,2227,0,3,1,0,0,100,0,0,0,0,0,0,281,0,0,0,0,12,0.853503185
576,0,0,0,0,0,0,0,0,0,0,0,133,0,2,218,731,112,267,129,12,1604,0,3,1,0,0,100,0,0,0,0,0,0,232,0,0,0,0,12,0.853503185
577,0,0,0,0,0,0,0,0,0,0,0,106,0,5,256,826,97,367,84,51,1792,0,3,1,0,0,100,0,0,0,0,0,0,126,0,0,0,0,12,0.853503185
578,4,0,0,0,2,0,2,0,0,0,0,22,0,2,53,284,3,98,21,204,687,2,3,1,0,0,100,0,0,0,0,0,0,26,0,0,0,0,12,0.853503185
579,4,0,0,0,1,0,0,0,1,0,0,23,0,0,2,5,0,65,32,82,209,1,3,1,0,0,100,0,0,0,0,0,0,0,0,0,0,0,12,0.853503185
580,7,0,0,0,2,1,0,0,0,1,0,67,0,0,17,262,8,135,16,244,749,2,3,1,0,0,100,0,0,0,0,0,0,26,0,0,0,0,12,0.853503185
581,1173,0,0,0,453,98,171,72,56,48,0,14,0,1,21,15,7,230,4,48,340,445,3,1,0,0,100,0,0,0,0,0,0,0,0,0,0,0,12,0.853503185
582,856,0,1387,899,276,33,83,48,33,62,0,1,951,0,28,3,5,1173,87,182,2430,259,3,1,0,0,100,0,0,0,0,0,0,153,1,0,0,0,12,0.853503185
583,1437,0,0,0,710,101,261,103,67,41,0,0,0,0,19,3,5,522,209,144,902,573,3,1,0,0,100,0,0,0,0,0,0,372,0,0,0,0,12,0.853503185
584,0,0,0,0,0,0,0,0,0,0,0,1,0,0,0,0,0,3,0,0,4,0,3,1,0,0,100,0,0,0,0,0,0,0,0,0,0,0,12,0.853503185
585,295,14,0,0,80,6,16,15,11,28,0,0,0,0,1,0,0,25,1,21,48,76,3,1,0,0,100,0,0,0,0,0,15,0,0,0,0,3,12,0.853503185
586,0,0,0,0,0,0,0,0,0,0,0,0,0,0,0,0,0,14,0,41,55,0,3,1,1.256351,0,100,0,0,0,0,0,0,0,0,0,0,0,12,0.853503185
587,0,0,0,0,0,0,0,0,0,0,0,0,0,0,0,0,0,9,0,0,9,0,3,1,1.22582,0,100,0,0,0,0,0,0,0,0,0,0,0,12,0.853503185
588,936,0,0,0,243,15,56,36,35,92,0,0,0,0,1,0,4,12,0,0,17,234,3,1,0,0,100,0,0,0,0,0,0,0,0,0,0,0,12,0.853503185
589,0,0,0,0,0,0,0,0,0,0,0,164,0,0,55,1,92,161,320,456,1249,0,3,1,1.35611,0,100,0,0,0,0,0,0,565,0,0,0,0,12,0.853503185
590,4,0,0,0,2,1,0,1,0,0,0,50,0,0,12,10,72,344,693,566,1747,2,3,1,0,0,100,0,0,0,0,0,0,1218,0,0,0,0,12,0.853503185
591,0,0,0,0,0,0,0,0,0,0,0,0,0,0,0,0,0,7,0,43,50,0,3,1,0,0,100,0,0,0,0,0,0,0,0,0,0,0,12,0.853503185
592,0,0,0,0,0,0,0,0,0,0,0,99,0,0,6,0,5,18,98,333,559,0,3,1,0,0,100,0,0,0,0,0,0,173,0,0,0,3,12,0.853503185
593,0,0,0,0,0,0,0,0,0,0,0,2112,0,2,15,76,314,402,61,1156,4138,0,3,1,1.447697,0,100,0,0,0,0,0,0,103,0,0,0,3,12,0.853503185
594,0,0,0,0,0,0,0,0,0,0,0,0,0,0,0,0,0,0,0,69,69,0,3,1,1.40625,0,100,0,0,0,0,0,0,0,0,0,0,3,12,0.853503185
595,242,112,0,0,59,14,17,7,10,3,0,0,0,0,648,14,370,1730,1,50,2813,51,3,1,0,0,100,0,0,0,0,0,0,0,0,0,0,3,12,0.853503185
596,13,0,0,0,5,0,1,1,2,0,0,3,0,0,0,0,0,1,2,51,57,4,3,1,1.475,0,100,0,0,0,0,0,0,2,0,0,0,3,12,0.853503185
597,2023,0,0,0,533,30,74,98,128,185,0,0,0,0,1,2,9,21,0,526,559,515,3,1,0,0,100,0,0,0,4731,0,0,0,0,0,0,0,12,0.853503185
598,0,0,0,0,0,0,0,0,0,0,0,0,0,0,0,1,3,0,0,0,4,0,3,1,0,0,100,0,0,0,0,0,0,0,0,0,0,0,12,0.853503185
599,0,0,0,0,0,0,0,0,0,0,0,0,0,0,0,0,0,5,0,126,131,0,3,1,0,0,100,0,0,0,0,0,0,0,0,0,0,0,12,0.853503185
600,0,0,0,0,0,0,0,0,0,0,0,12,0,0,0,0,0,14,3,29,58,0,3,1,0,0,100,0,0,0,0,0,0,1,0,0,0,0,11,0.97826087
601,4862,0,0,0,1467,151,335,282,302,355,0,0,0,0,4,6,10,153,0,183,356,1425,3,1,0,0,100,0,0,0,0,0,0,0,0,0,0,0,12,0.853503185
602,3842,0,0,0,1140,125,226,242,257,272,0,0,0,0,7,4,16,117,0,41,185,1122,3,1,0,0,100,0,0,0,0,0,0,0,0,0,0,0,12,0.853503185
603,0,0,0,0,0,0,0,0,0,0,0,11,0,0,0,2,0,16,8,8,45,0,3,1,0,0,100,0,0,0,0,0,0,0,0,0,0,0,11,0.97826087
604,1231,0,0,0,335,19,56,65,75,101,0,5,0,0,0,2,5,21,3,488,524,316,3,1,0,0,100,0,0,0,0,0,0,0,0,0,0,0,12,0.853503185
605,0,0,0,0,0,0,0,0,0,0,0,0,0,31,0,0,2,0,8,537,578,0,3,1,0,0,100,0,0,0,0,0,0,14,0,0,0,0,12,0.853503185
606,2808,0,0,0,822,62,176,161,178,195,0,0,0,2,2,3,21,223,42,98,391,772,3,1,0,0,100,0,0,0,0,0,0,73,0,0,0,0,12,0.853503185
607,2333,0,0,0,733,60,188,139,147,153,0,3,0,4,3,2,9,57,73,7,158,687,3,1,0,0,100,0,0,0,0,0,0,128,0,0,0,0,13,0.923076923
608,1110,0,0,0,401,50,104,82,62,64,0,0,0,0,0,3,0,6,0,48,57,362,3,1,0,0,100,0,0,0,0,0,0,0,0,0,0,0,13,0.923076923
609,4402,0,0,0,1655,241,433,295,251,248,0,10,0,4,28,2,14,222,21,85,386,1468,3,1,0,0,100,0,0,0,570,1,0,39,0,0,0,0,13,0.923076923
610,4800,16,0,0,1313,122,334,210,200,415,0,8,0,59,39,134,100,912,49,89,1390,1281,3,1,0,0,100,0,0,0,522,1,22,88,0,0,0,3,13,0.923076923
611,0,0,0,0,0,0,0,0,0,0,0,13,0,0,10,6,8,288,0,2,327,0,3,1,0,0,100,0,0,0,0,0,0,0,0,0,0,0,13,0.923076923
612,0,0,0,0,0,0,0,0,0,0,0,0,0,0,0,0,0,0,0,62,62,0,3,1,0,0,100,0,0,0,0,0,0,0,0,0,0,0,12,0.853503185
613,55,0,0,0,22,2,8,7,2,1,0,0,0,0,1,2,0,9,0,0,12,20,3,1,0,0,100,0,0,0,0,0,0,0,0,0,0,0,13,0.923076923
614,6252,5,0,0,2213,231,603,397,365,382,0,1,0,1,6,9,30,161,1,139,348,1978,3,1,0,0,100,0,0,0,0,0,0,0,0,0,0,3,13,0.923076923
615,0,0,0,0,0,0,0,0,0,0,0,0,0,0,0,0,0,0,0,0,0,0,3,1,0,0,100,0,0,0,0,0,0,0,0,0,0,0,13,0.923076923
616,0,0,0,0,0,0,0,0,0,0,0,0,0,0,0,0,0,0,0,0,0,0,3,1,0,0,100,0,0,0,0,0,0,0,0,0,0,0,13,0.923076923
617,58,0,0,0,17,2,2,5,2,5,0,44,0,83,60,20,30,94,23,7,361,16,3,1,0,0,100,0,0,0,0,0,0,34,0,0,0,0,13,0.923076923
618,62,0,0,0,29,10,9,3,1,4,0,10,0,49,0,0,0,1,11,0,71,27,3,1,0,0,100,0,0,0,0,0,0,20,0,0,0,0,13,0.923076923
619,1224,20,0,0,264,16,41,28,37,133,0,5,0,0,1,3,7,9,1,9,35,255,3,1,0,0,100,0,0,0,0,0,0,1,0,0,0,3,23,0.966101695
620,77,0,0,0,22,0,1,4,4,8,52,0,0,0,0,0,0,0,0,0,52,17,3,1,0,0,100,0,0,0,0,0,0,0,0,0,1,0,23,0.966101695
621,2191,0,0,0,470,43,67,68,47,228,0,0,0,0,1,1,7,46,0,0,55,453,3,1,0,0,100,0,0,0,488,2,0,0,0,0,0,0,23,0.966101695
622,1460,0,0,0,293,20,34,31,37,160,0,145,0,0,20,2,43,304,2,0,516,282,3,1,0,0,100,0,0,0,2363,1,1,3,0,0,0,0,23,0.966101695
623,2201,0,0,0,561,65,84,69,63,208,0,126,0,0,2,3,25,203,134,0,493,489,3,1,0,0,100,0,0,0,0,0,0,239,0,0,0,0,23,0.966101695
624,1687,10,0,0,444,50,61,62,59,170,0,5,0,4,1,9,8,47,20,1,95,402,3,1,0,0,100,0,0,0,0,0,9,35,0,0,0,3,23,0.966101695
625,286,0,0,0,72,4,12,8,7,36,0,10,0,90,0,0,1,5,17,0,123,67,3,1,0,0,100,0,0,0,0,0,0,31,0,0,0,0,23,0.966101695
626,2213,0,0,0,561,53,87,85,75,223,0,8,0,2,2,6,6,32,3,5,64,523,3,1,0,0,100,0,0,0,0,0,0,5,0,0,0,0,23,0.966101695
627,600,78,0,0,162,32,26,30,15,43,0,3,0,1,8,0,0,5,0,5,22,146,3,1,0,0,100,0,0,0,0,0,0,0,0,0,0,3,23,0.966101695
628,467,0,0,0,146,15,32,24,17,43,0,0,0,5,13,8,1,32,2,0,61,131,3,1,0,0,100,0,0,0,0,0,0,3,0,0,0,0,23,0.966101695
629,4,0,0,0,1,0,0,0,1,0,0,0,0,0,0,0,0,0,0,0,0,1,3,1,0,0,100,0,0,0,0,0,0,0,0,0,1,0,23,0.966101695
630,25,0,0,0,11,0,2,2,0,3,0,0,0,0,0,0,0,1,0,0,1,7,3,1,0,0,100,0,0,0,0,0,0,0,0,0,1,0,23,0.966101695
631,2241,0,0,0,687,70,151,110,107,193,0,0,0,16,0,2,3,52,3,72,148,631,3,1,0,0,100,0,0,0,0,0,0,5,1,0,0,0,23,0.966101695
632,1091,0,0,0,320,27,82,60,46,94,0,0,0,8,0,2,2,11,3,0,26,309,3,1,0,0,100,0,0,0,0,0,0,4,1,0,0,0,23,0.966101695
633,1806,0,0,0,470,40,97,66,57,178,0,0,0,0,4,13,3,110,2,2,134,438,3,1,0,0,100,0,0,0,0,0,11,3,1,0,0,3,23,0.966101695
634,4869,542,0,40,1215,133,219,150,181,422,0,0,17,15,4,7,18,114,19,1,195,1105,3,1,0,0,100,0,0,105,814,2,131,34,1,0,0,3,23,0.966101695
635,3063,194,0,0,765,76,157,111,106,277,0,31,0,124,8,3,26,288,25,0,505,727,3,1,0,0,100,0,0,0,894,1,68,43,1,0,0,3,23,0.966101695
636,2809,17,0,0,814,77,145,116,111,263,0,26,0,45,8,5,53,236,185,1,559,712,3,1,0,0,100,0,0,0,0,0,10,333,1,0,0,3,23,0.966101695
637,1760,29,0,0,587,122,107,78,52,161,0,185,0,38,0,5,47,201,204,1,681,520,3,1,0,0,100,0,0,0,624,1,0,368,1,0,0,3,23,0.966101695
638,3014,4,0,0,728,48,129,97,120,305,0,1,0,4,3,2,9,81,2,16,118,699,3,1,0,0,100,0,0,0,0,0,0,2,1,0,0,3,23,0.966101695
639,1815,334,0,0,356,26,57,54,49,142,0,93,0,4,13,3,7,43,1,0,164,328,3,1,0,0,100,0,0,0,805,1,0,1,1,0,0,3,23,0.966101695
640,2804,131,0,0,1021,216,176,114,90,226,0,68,0,23,1,6,3,99,4,1,205,822,3,1,0,0,100,0,0,0,2843,2,8,6,1,0,0,3,23,0.966101695
641,6273,160,0,0,1893,216,333,258,238,576,0,0,0,12,16,14,17,468,51,0,578,1621,3,1,0,0,100,0,0,0,585,1,79,98,1,0,0,3,23,0.966101695
642,100,0,7,0,38,4,16,7,4,5,0,1,3,0,0,0,9,3,9,87,112,36,3,1,0,0,100,0,0,0,0,0,0,15,1,0,0,0,23,0.966101695
643,2001,0,0,0,1304,297,304,114,87,71,0,0,0,0,3,0,1,51,0,0,55,873,3,1,0,0,100,0,0,0,0,0,0,1,1,0,0,0,23,0.966101695
644,463,0,0,4,201,52,51,18,13,33,0,0,2,0,0,0,3,13,0,5,23,167,3,1,0,0,100,0,0,0,0,0,0,0,1,0,0,0,23,0.966101695
645,566,292,0,0,116,37,37,13,9,15,0,0,0,0,1,1,3,14,45,0,64,111,3,1,0,0,100,0,0,0,0,0,0,75,1,0,0,3,23,0.966101695
646,689,334,0,4,160,38,55,25,17,10,1,10,2,47,0,1,3,89,18,1,172,145,3,1,0,0,100,0,0,0,0,0,103,16,0,0,0,2,22,1
647,490,0,0,0,154,25,43,25,22,31,0,0,0,1,0,2,9,65,10,0,87,146,3,1,0,0,100,0,0,0,563,0,0,16,0,0,0,0,22,1
648,1852,2,0,1,838,223,248,136,88,65,0,0,1,9,3,8,6,173,3,0,203,760,3,1,0,0,100,0,0,0,0,0,2,5,0,0,0,2,22,1
649,747,0,0,0,223,28,53,40,31,60,0,0,0,0,1,2,3,19,5,1,31,212,3,1,0,0,100,0,0,0,0,1,3,9,0,0,0,0,22,1
650,1053,2,0,0,333,54,84,54,47,81,0,17,0,73,4,37,23,160,21,11,346,320,3,1,0,0,100,0,0,148,0,2,1,36,0,0,0,3,22,1
651,1565,0,0,0,525,88,155,80,63,103,0,4,0,4,10,5,9,35,3,0,70,489,3,1,0,0,100,0,0,0,0,0,13,5,0,0,0,0,22,1
652,1074,0,0,0,318,32,73,57,45,92,0,1,0,4,0,1,2,31,15,0,54,299,3,1,0,0,100,0,0,0,0,0,0,25,0,0,0,0,22,1
653,1121,0,0,0,311,39,56,58,51,92,0,8,0,1,0,47,15,27,23,3,124,296,3,1,0,0,100,0,0,0,0,0,1,40,0,0,0,0,22,1
654,151,0,0,0,52,7,20,11,3,7,0,2,0,17,15,0,215,91,3,0,343,48,3,1,0,0,100,0,0,0,0,0,30,4,0,0,0,0,22,1
655,0,0,0,0,0,0,0,0,0,0,0,0,0,0,0,0,0,0,0,0,0,0,3,1,0,0,100,0,0,0,0,0,0,0,0,0,0,0,22,1
656,2622,150,0,0,895,78,332,268,120,76,137,12,0,28,3,8,9,79,21,22,319,874,3,1,0,0,100,0,0,0,0,0,111,34,0,0,0,2,22,1
657,27,0,0,0,9,1,2,3,0,2,0,5,0,4,4,55,0,15,47,0,130,8,3,1,0,0,100,0,0,0,0,0,0,83,0,0,0,0,22,1
658,132,0,0,0,52,12,11,8,10,6,0,22,0,105,8,28,25,252,154,6,600,47,3,1,0,0,100,0,0,0,0,0,0,274,0,0,0,0,22,1
659,852,57,0,0,284,49,80,34,48,54,0,22,0,10,3,14,39,173,161,0,422,265,3,1,0,0,100,0,0,0,0,0,0,286,0,0,0,3,22,1
660,307,0,0,0,130,54,33,16,4,16,0,10,0,3,3,0,0,84,24,0,124,123,3,1,0,0,100,0,0,0,0,0,0,42,0,0,0,0,22,1
661,444,0,0,0,193,25,59,28,22,21,0,13,0,0,3,6,3,99,13,5,142,155,3,1,0,0,100,0,0,0,169,1,3,17,0,0,0,0,22,1
662,0,0,0,0,0,0,0,0,0,0,0,5,0,1,0,0,0,0,13,0,19,0,3,1,0,0,100,0,0,0,0,0,0,22,0,0,0,0,22,1
663,710,0,0,1,301,66,76,46,40,34,0,25,1,0,12,3,14,89,1,32,177,262,3,1,0,0,100,0,0,0,0,0,0,1,1,0,0,0,22,1
664,2240,3,0,0,868,171,253,136,115,121,0,4,0,10,3,8,66,97,96,1,285,796,3,1,0,0,100,0,0,0,0,0,6,167,1,0,0,3,22,1
665,2583,0,0,10,1010,156,250,184,158,133,0,5,5,2,18,25,26,344,14,200,639,881,3,1,0,0,100,0,0,143,425,2,0,24,1,0,0,0,22,1
666,152,16,0,0,47,10,15,7,4,9,0,20,0,8,1,2,3,21,15,45,115,45,3,1,0,0,100,0,0,0,0,0,3,25,1,0,0,4,22,1
667,3526,14,485,44,1236,187,196,122,148,301,0,103,221,180,20,17,65,951,196,3,1756,954,3,1,0,0,100,0,0,0,2026,2,91,353,1,0,0,4,21,0.865384615
668,7474,1867,48,0,1560,137,287,177,200,535,0,64,20,67,38,30,137,3225,306,1,3888,1336,3,1,0,0,100,2319,0,0,633,2,380,552,1,0,0,1,21,0.865384615
669,4495,340,1,4,1524,237,327,192,176,319,0,85,3,44,3,5,32,262,48,0,482,1251,3,1,0,0,100,0,0,0,286,1,49,86,1,0,0,3,21,0.865384615
670,1379,11,0,0,574,98,148,90,59,85,0,5,0,5,3,1,9,26,12,236,297,480,3,1,0,0,100,0,0,0,137,1,0,18,1,0,0,3,21,0.865384615
671,1002,0,0,0,312,50,72,55,42,70,0,19,0,48,87,30,188,1306,16,0,1694,289,3,1,0,0,100,0,0,0,52,1,0,30,0,0,0,0,19,0.903225806
672,230,0,0,0,73,10,20,15,5,19,0,0,0,0,0,1,0,3,0,8,12,69,3,1,0,0,100,0,0,0,0,0,0,0,0,0,0,0,19,0.903225806
673,1326,0,0,0,448,51,121,83,61,100,0,40,0,97,119,13,18,106,45,0,438,416,3,1,0,0,100,0,0,0,0,0,12,80,0,0,0,3,19,0.903225806
674,1737,0,0,0,548,68,141,95,82,137,0,5,0,61,4,3,43,73,8,0,197,523,3,1,0,0,100,0,0,0,247,1,0,14,0,0,0,0,19,0.903225806
675,275,0,0,0,92,15,34,10,13,17,0,0,0,0,0,0,9,4,0,12,25,89,3,1,0,0,100,0,0,0,0,0,0,0,0,0,0,0,19,0.903225806
676,1580,14,15,9,564,79,186,91,67,103,0,0,10,8,1,5,12,41,19,74,170,526,3,1,0,0,100,0,0,0,0,0,0,34,1,0,0,3,19,0.903225806
677,976,0,0,0,278,34,53,53,52,73,0,0,0,0,0,2,3,25,0,33,63,265,3,1,0,0,100,0,0,0,0,0,0,0,1,0,0,0,19,0.903225806
678,363,0,0,0,112,17,21,13,17,36,0,0,0,0,0,4,0,5,0,23,32,104,3,1,0,0,100,0,0,0,0,0,0,0,1,0,0,0,19,0.903225806
679,31,0,0,0,13,2,7,0,2,1,0,0,0,0,0,0,0,2,1,0,3,12,3,1,0,0,100,0,0,0,0,0,0,2,1,0,0,0,19,0.903225806
680,1814,0,0,0,718,111,196,142,109,83,0,1,0,0,36,9,3,127,58,0,234,641,3,1,0,0,100,0,0,0,0,0,0,104,1,0,0,0,19,0.903225806
681,1949,42,0,0,574,57,157,118,101,120,0,0,0,0,1,23,7,30,0,11,72,553,3,1,0,0,100,0,0,0,0,0,0,0,1,0,0,3,19,0.903225806
682,1802,0,0,0,644,69,216,125,105,95,0,0,0,0,2,2,5,60,0,6,75,610,3,1,0,0,100,0,0,0,412,1,3,0,1,0,0,0,19,0.903225806
683,1209,0,0,0,386,27,134,64,81,66,0,0,0,0,1,11,5,22,1,80,120,372,3,1,0,0,100,0,0,0,0,0,0,1,1,0,0,0,19,0.903225806
684,0,0,0,0,0,0,0,0,0,0,0,0,0,0,0,3,0,14,0,0,17,0,3,1,0,0,100,0,0,0,0,0,0,0,1,0,0,0,19,0.903225806
685,786,0,0,0,300,40,104,57,38,35,0,0,0,0,2,1,2,235,0,12,252,274,3,1,0,0,100,0,0,0,0,0,0,0,1,0,0,0,19,0.903225806
686,621,0,0,0,198,14,58,33,49,35,0,0,0,0,0,3,4,8,0,3,18,189,3,1,0,0,100,0,0,0,0,0,0,0,1,0,0,0,19,0.903225806
687,1010,0,0,0,339,38,116,51,55,58,0,10,0,1,0,3,15,28,7,14,78,318,3,1,0,0,100,0,0,0,0,0,0,11,1,0,0,0,19,0.903225806
688,0,0,0,0,0,0,0,0,0,0,0,0,0,0,0,0,0,0,0,3,3,0,3,1,0,0,100,0,0,0,0,0,0,0,0,0,0,0,19,0.903225806
689,781,0,0,0,291,36,112,54,42,36,0,0,0,0,2,1,18,18,0,1,40,280,3,1,0,1,100,0,0,0,0,2,0,0,0,0,0,0,19,0.903225806
690,682,0,0,0,197,22,44,33,31,57,0,14,0,0,3,8,3,164,0,5,197,187,3,1,0,1,100,0,0,0,0,0,0,0,0,0,0,0,19,0.903225806
691,966,7,0,0,311,34,103,47,49,66,0,6,0,0,1,2,10,21,2,5,47,299,3,1,0,1,100,0,0,0,0,1,5,2,0,0,0,3,19,0.903225806
692,1988,0,0,0,674,71,190,128,122,127,0,0,0,0,2,5,6,90,4,13,120,638,3,1,0,0,100,0,0,0,0,0,0,6,1,0,0,0,19,0.903225806
693,3159,0,0,0,1327,271,361,224,161,160,0,29,0,2,6,44,23,236,206,0,546,1177,3,1,0,1,100,0,0,0,470,1,0,364,0,0,0,0,19,0.903225806
694,7,2,0,0,4,1,2,0,0,0,0,43,0,2,2,36,112,394,385,0,974,3,3,1,0,1,100,0,0,458,0,1,0,682,0,0,0,3,19,0.903225806
695,1770,0,0,0,863,206,332,127,58,46,0,38,0,1,4,5,1,145,90,2,286,769,3,1,0,1,100,0,0,0,0,0,10,157,0,0,0,0,19,0.903225806
696,823,0,0,0,323,65,119,42,36,45,0,1,0,0,1,1,1,27,0,14,45,307,3,1,0,0,100,0,0,0,0,0,0,0,0,0,0,0,19,0.903225806
697,1625,103,0,0,489,65,135,86,67,97,0,34,0,0,0,8,7,63,2,8,122,450,3,1,0,0,100,0,0,0,0,0,74,2,0,0,0,3,19,0.903225806
698,1372,14,0,0,385,31,82,75,65,108,0,194,0,0,10,5,20,355,14,0,598,361,3,1,0,0,100,0,0,0,266,1,66,24,0,0,0,3,19,0.903225806
699,1960,3,0,0,651,81,151,94,96,161,0,88,0,0,3,2,80,102,28,0,303,583,3,1,0,1,100,0,0,0,0,0,3,49,0,0,0,3,19,0.903225806
700,1381,0,0,0,471,70,115,93,60,96,0,19,0,0,1,46,18,206,125,122,537,434,3,1,0,0,100,0,0,0,0,0,11,223,0,0,0,0,19,0.903225806
701,166,0,0,0,63,12,12,21,10,4,0,1,0,0,0,0,2,3,0,26,32,59,3,1,0,0,100,0,0,0,0,0,0,0,0,0,0,0,19,0.903225806
702,324,218,0,0,37,6,10,8,6,5,0,221,0,2,14,0,2,45,45,1,330,35,3,1,0,0,100,0,1897,0,140,1,0,75,0,0,0,3,19,0.903225806
703,0,0,0,0,0,0,0,0,0,0,0,0,0,1,0,0,0,0,3,0,4,0,3,1,0,0,100,0,0,0,0,0,0,4,0,0,0,0,19,0.903225806
704,518,8,0,0,180,19,62,43,28,21,0,14,0,0,3,2,1,153,0,0,173,173,3,1,0,0,100,0,0,0,0,0,1,0,0,0,0,3,19,0.903225806
705,1009,21,0,0,340,49,112,60,45,62,0,0,0,0,2,0,5,20,3,0,30,328,3,1,0,0,100,0,0,212,560,2,6,5,0,0,0,3,19,0.903225806
706,1748,5,0,0,543,46,157,124,88,109,0,0,0,0,15,3,6,22,0,16,62,524,3,1,0,0,100,0,0,0,0,0,7,0,0,0,0,4,19,0.903225806
707,8,0,0,0,2,1,0,0,0,1,0,2,0,0,1,1,0,141,1,0,146,2,3,1,0,0,100,0,0,0,0,0,0,0,0,0,0,0,19,0.903225806
708,112,0,0,0,41,4,17,8,5,4,0,15,0,25,6,3,2,13,58,2,124,38,3,1,0,0,100,0,0,0,0,0,0,101,0,0,0,0,19,0.903225806
709,1756,27,0,0,574,57,186,116,83,112,0,3,0,0,1,10,6,53,2,16,91,554,3,1,0,0,100,0,0,0,0,0,0,2,0,0,0,3,19,0.903225806
710,1344,0,0,0,429,44,125,80,76,85,0,5,0,0,2,21,9,83,42,8,170,410,3,1,0,0,100,0,0,0,0,0,0,72,0,0,0,0,19,0.903225806
711,1380,124,0,0,392,55,98,86,58,81,0,0,0,0,1,1,6,254,0,1,263,378,3,1,0,0,100,0,0,0,617,1,102,0,0,0,0,3,19,0.903225806
712,486,0,0,0,189,40,55,31,30,23,0,8,0,0,31,2,4,30,35,0,110,179,3,1,0,0,100,0,0,0,0,0,0,61,0,0,0,0,19,0.903225806
713,0,0,0,0,0,0,0,0,0,0,0,4,0,0,0,1,0,24,79,1,109,0,3,1,0,0,100,0,0,0,0,0,0,140,0,0,0,0,19,0.903225806
714,267,0,0,0,75,5,19,11,11,24,0,1,0,0,0,2,2,21,0,7,33,70,3,1,0,0,100,0,0,0,1344,1,0,0,0,0,0,0,19,0.903225806
715,722,0,0,0,265,53,81,38,37,43,0,0,0,0,48,4,4,150,4,0,210,252,3,1,0,0,100,0,0,0,0,0,17,6,0,0,0,0,19,0.903225806
716,2599,26,0,0,866,203,176,141,126,179,0,2,0,0,23,5,96,396,154,287,963,825,3,1,0,0,100,0,0,246,235,2,0,273,0,0,0,3,19,0.903225806
717,415,0,0,0,162,29,46,31,22,19,0,13,0,0,1,0,1,87,18,0,120,147,3,1,0,0,100,0,0,0,0,0,19,31,0,0,0,0,19,0.903225806
718,1283,0,0,0,490,72,161,93,77,57,0,0,0,0,0,4,7,50,8,23,92,460,3,1,0,0,100,0,0,0,169,0,0,13,0,0,0,0,19,0.903225806
719,1829,0,0,0,769,152,267,133,106,62,0,7,0,0,30,4,20,125,22,25,233,720,3,1,0,0,100,0,0,0,0,0,0,39,0,0,0,0,19,0.903225806
720,3752,92,0,0,1460,286,337,207,194,205,0,523,0,17,12,8,32,680,52,0,1324,1229,3,1,0,0,100,0,0,175,0,1,28,92,0,0,0,3,19,0.903225806
721,2882,1089,0,0,588,22,140,144,131,97,4101,0,0,0,63,1,12,352,8,0,4537,534,3,1,0,0,100,0,0,0,0,0,1269,13,0,0,1,2,20,0.93081761
722,6221,1894,0,0,1620,79,487,389,325,157,4102,1349,0,4,2,0,38,26,220,0,5741,1437,3,1,0,0,100,0,0,0,820,1,1725,396,0,0,1,2,20,0.93081761
723,475,0,2,0,182,23,71,26,25,23,0,19,1,15,13,8,52,522,68,0,698,168,3,1,0,0,100,0,0,0,0,0,0,130,1,0,0,0,20,0.93081761
724,867,0,0,0,298,27,88,49,64,51,0,1,0,0,1,3,4,76,22,0,107,279,3,1,0,0,100,0,0,0,486,1,0,39,0,0,0,0,20,0.93081761
725,2134,7,0,0,746,108,201,133,120,130,0,176,0,0,4,9,62,292,178,0,721,692,3,1,0,0,100,0,0,0,827,1,0,319,0,0,0,4,20,0.93081761
726,468,0,2,0,196,24,75,24,35,15,0,0,1,0,0,13,4,18,0,15,51,173,3,1,0,0,100,0,0,0,0,0,0,0,1,0,0,0,20,0.93081761
727,783,0,0,0,302,57,97,52,33,45,0,0,0,0,0,2,4,56,0,5,67,284,3,1,0,0,100,0,0,0,0,0,0,0,1,0,0,0,20,0.93081761
728,1159,11,0,2,394,53,128,65,56,65,0,17,1,1,1,45,7,164,2,18,256,367,3,1,0,0.81,100,0,0,101,0,3,18,3,1,0,0,3,20,0.93081761
729,924,3,2,0,373,59,130,52,53,44,0,5,1,0,2,2,125,118,12,27,292,338,3,1,0,0,100,0,0,0,0,0,0,26,1,0,0,3,20,0.93081761
730,1667,0,0,0,578,80,175,104,97,98,0,0,0,0,19,12,10,37,3,0,81,554,3,1,0,0,100,0,0,0,477,1,0,5,0,0,0,0,20,0.93081761
731,1806,12,0,0,537,80,136,94,74,127,0,19,0,0,19,3,5,93,2,1,142,511,3,1,0,0.81,100,0,0,281,0,1,0,3,0,0,0,4,20,0.93081761
732,2224,3,0,0,743,97,205,144,119,142,0,0,0,0,6,13,12,41,4,7,83,707,3,1,0,0,100,0,0,0,0,0,3,7,0,0,0,3,20,0.93081761
733,1783,15,0,0,692,153,188,116,73,103,0,1,0,0,8,42,71,334,234,0,690,633,3,1,0,0.67273,100,0,0,0,0,0,6,421,0,0,0,3,20,0.93081761
734,2491,16,0,0,971,229,255,149,121,134,0,176,0,4,63,40,121,1336,134,0,1874,888,3,1,0,0.799334,100,0,0,0,340,0,3,242,0,0,0,3,20,0.93081761
735,150,6,0,0,57,14,14,7,8,9,0,29,0,0,0,11,103,109,63,2,317,52,3,1,0,0.794243,100,0,0,0,669,2,0,124,1,0,0,3,20,0.93081761
736,642,0,0,0,220,31,66,38,38,37,0,0,0,0,1,22,3,19,0,8,53,210,3,1,0,0,100,0,0,0,0,0,0,0,1,0,0,0,20,0.93081761
737,469,0,0,0,147,14,44,28,28,28,0,0,0,0,0,0,2,16,0,0,18,142,3,1,0,0,100,0,0,0,0,0,0,0,1,0,0,0,20,0.93081761
738,1300,4,0,0,472,57,189,76,70,61,0,3,0,0,5,6,6,48,78,0,146,453,3,1,0,0,100,0,0,0,0,0,3,137,1,0,0,3,20,0.93081761
739,3211,10,0,0,1062,126,298,205,181,204,0,1,0,0,7,25,34,250,45,3,365,1014,3,1,0,0,100,0,0,0,0,0,8,82,1,0,0,3,20,0.93081761
740,1222,0,0,0,406,27,135,93,69,62,0,1,0,0,1,4,8,171,0,141,326,386,3,1,0,0,100,0,0,0,0,0,0,0,1,0,0,0,20,0.93081761
741,756,2,0,0,268,29,88,43,53,37,0,0,0,0,60,3,4,67,15,27,176,250,3,1,0,0,100,0,0,0,330,1,0,26,1,0,0,3,20,0.93081761
742,1663,0,2,0,752,139,227,109,99,62,0,0,1,0,14,8,32,233,48,14,350,636,3,1,0,0,100,0,0,0,0,0,0,89,1,0,0,0,20,0.93081761
743,2408,11,0,0,777,82,223,145,132,167,0,0,0,4,1,30,46,197,43,0,321,749,3,1,0,0,100,0,0,333,190,2,1,73,0,0,0,3,20,0.93081761
744,998,0,0,0,348,55,121,62,44,54,0,0,0,0,7,0,8,63,21,0,99,336,3,1,0,0,100,0,0,0,407,1,0,39,0,0,0,0,20,0.93081761
745,156,0,0,0,56,10,18,9,11,5,0,0,0,0,0,0,0,2,0,19,21,53,3,1,0,0,100,0,0,0,0,1,0,0,0,0,0,0,20,0.93081761
746,765,0,0,0,242,22,77,45,46,43,0,0,0,0,1,2,7,36,0,0,46,233,3,1,0,0,100,0,0,0,0,0,3,0,0,0,0,0,20,0.93081761
747,386,0,1,0,123,17,29,23,22,23,0,0,1,0,0,0,7,8,0,10,26,114,3,1,0,0,100,0,0,0,0,0,0,0,0,0,0,0,20,0.93081761
748,2125,7,0,0,1152,363,435,135,65,39,0,62,0,0,8,39,170,909,403,1,1592,1037,3,1,0,0.75,100,0,0,0,0,0,0,736,0,0,0,3,20,0.93081761
749,575,0,0,0,205,27,68,38,34,27,0,39,0,0,0,1,97,72,76,0,285,194,3,1,0,0.75,100,0,0,0,0,0,0,133,0,0,0,0,20,0.93081761
750,1395,400,0,1,341,39,91,79,53,65,0,169,1,8,15,2,8,123,17,0,343,327,3,1,0,0,100,0,0,0,869,1,227,30,1,0,0,4,20,0.93081761
751,1465,0,0,0,498,58,145,101,77,88,0,0,0,0,1,1,4,17,0,5,28,469,3,1,0,0,100,0,0,0,179,0,1,0,0,0,0,0,20,0.93081761
752,467,0,0,0,162,12,60,26,27,29,0,0,0,0,0,2,0,16,0,56,74,154,3,1,0,0,100,0,0,0,0,0,0,0,0,0,0,0,20,0.93081761
753,114,0,0,0,34,3,9,3,7,10,0,90,0,0,3,1,0,1,66,0,161,32,3,1,0,0,100,0,0,0,0,0,0,120,0,0,0,0,20,0.93081761
754,440,2,0,0,148,18,36,41,21,27,0,5,0,1,20,2,3,1448,1,5,1485,143,3,1,0,0,100,0,0,482,0,2,0,1,0,0,0,3,20,0.93081761
755,208,208,0,0,1,0,0,0,0,0,0,6,0,20,3,19,0,593,18,3,662,0,3,1,0,1.26,100,0,0,0,0,1,93,31,0,0,0,1,20,0.93081761
756,2028,3,0,0,706,72,268,128,115,96,0,1,0,1,14,35,49,166,3,5,274,679,3,1,0,0,100,0,0,267,0,1,5,4,0,0,0,3,20,0.93081761
757,1038,5,0,0,353,46,107,51,72,62,0,5,0,1,2,5,25,41,18,1,98,338,3,1,0,0,100,0,0,0,567,1,5,26,0,0,0,4,20,0.93081761
758,3611,16,0,0,982,91,197,145,151,332,0,64,0,20,17,46,19,159,48,0,373,916,3,1,0,0.25,100,0,0,0,466,0,3,84,0,0,0,3,20,0.93081761
759,599,16,0,0,159,11,34,27,26,47,20,172,0,60,0,1,9,73,51,0,386,145,3,1,0,0,100,0,0,0,0,0,2,88,0,0,1,2,20,0.93081761
760,895,0,0,0,265,41,58,42,46,67,0,57,0,115,2,16,2,181,29,0,402,254,3,1,0,0,100,0,0,0,0,0,147,50,0,0,0,0,20,0.93081761
761,4255,116,0,0,1106,185,214,142,133,386,0,7,0,30,5,11,20,689,110,199,1071,1060,3,1,0,0,100,0,0,0,205,2,0,196,0,0,0,3,20,0.93081761
762,704,704,17,0,0,0,0,0,0,0,0,710,8,7,5606,201,328,2154,473,27,9514,0,3,1,5.458333,6.07,100,0,0,0,0,3,4,835,1,0,0,4,8,0.850393701
763,0,0,0,0,0,0,0,0,0,0,0,0,0,0,0,0,0,0,0,74,74,0,3,1,0,0,100,0,0,0,0,0,0,0,0,0,0,0,12,0.853503185
764,0,0,0,0,0,0,0,0,0,0,0,0,0,0,0,0,0,0,0,0,0,0,3,1,0,0,100,0,0,0,0,0,0,0,0,0,0,0,11,0.97826087
